csv,version,i,rowCount,Time (sec),Query,errorBound,Query Result,Query Result Sum
/data-nonraid/maroulis/data/taxi_data/yellow_tripdata_2014_cleaned.csv,directCSV,0,1,256.717185073,"select count(CAST(column12 AS FLOAT)) as count_column12, min(CAST(column12 AS FLOAT)) as min_column12, max(CAST(column12 AS FLOAT)) as max_column12, sum(CAST(column12 AS FLOAT)) as sum_column12, avg(CAST(column12 AS FLOAT)) as avg_column12, count(CAST(column17 AS FLOAT)) as count_column17, min(CAST(column17 AS FLOAT)) as min_column17, max(CAST(column17 AS FLOAT)) as max_column17, sum(CAST(column17 AS FLOAT)) as sum_column17, avg(CAST(column17 AS FLOAT)) as avg_column17, count(CAST(column04 AS FLOAT)) as count_column04, min(CAST(column04 AS FLOAT)) as min_column04, max(CAST(column04 AS FLOAT)) as max_column04, sum(CAST(column04 AS FLOAT)) as sum_column04, avg(CAST(column04 AS FLOAT)) as avg_column04, count(CAST(column03 AS FLOAT)) as count_column03, min(CAST(column03 AS FLOAT)) as min_column03, max(CAST(column03 AS FLOAT)) as max_column03, sum(CAST(column03 AS FLOAT)) as sum_column03, avg(CAST(column03 AS FLOAT)) as avg_column03 from read_csv_auto('/data-nonraid/maroulis/data/taxi_data/yellow_tripdata_2014_cleaned.csv', ignore_errors = true) where CAST(column05 AS FLOAT) > CAST(-73.99 AS FLOAT) AND CAST(column05 AS FLOAT) < CAST(-73.94 AS FLOAT) AND CAST(column06 AS FLOAT) > CAST(40.745 AS FLOAT) AND CAST(column06 AS FLOAT) < CAST(40.77 AS FLOAT) AND (column12 >= 0.0 AND column12 <= 400.0 AND column04 <= 1000.0);",0,"{17=StatsDuckDB{count=50882999, min=0.0000, max=621.9800, sum=696851883.5621, mean=13.6952, sumOfSquares=NaN}, 3=StatsDuckDB{count=50882999, min=0.0000, max=9.0000, sum=86395829.0000, mean=1.6979, sumOfSquares=NaN}, 4=StatsDuckDB{count=50882999, min=0.0000, max=500.0000, sum=124594229.2933, mean=2.4486, sumOfSquares=NaN}, 12=StatsDuckDB{count=50882999, min=0.0000, max=400.0000, sum=577650087.2219, mean=11.3525, sumOfSquares=NaN}}","{17=6.968518835620996E8, 3=8.6395829E7, 4=1.2459422929331754E8, 12=5.776500872218779E8}"
/data-nonraid/maroulis/data/taxi_data/yellow_tripdata_2014_cleaned.csv,directCSV,1,1,18.660223534,"select count(CAST(column12 AS FLOAT)) as count_column12, min(CAST(column12 AS FLOAT)) as min_column12, max(CAST(column12 AS FLOAT)) as max_column12, sum(CAST(column12 AS FLOAT)) as sum_column12, avg(CAST(column12 AS FLOAT)) as avg_column12, count(CAST(column17 AS FLOAT)) as count_column17, min(CAST(column17 AS FLOAT)) as min_column17, max(CAST(column17 AS FLOAT)) as max_column17, sum(CAST(column17 AS FLOAT)) as sum_column17, avg(CAST(column17 AS FLOAT)) as avg_column17, count(CAST(column04 AS FLOAT)) as count_column04, min(CAST(column04 AS FLOAT)) as min_column04, max(CAST(column04 AS FLOAT)) as max_column04, sum(CAST(column04 AS FLOAT)) as sum_column04, avg(CAST(column04 AS FLOAT)) as avg_column04, count(CAST(column03 AS FLOAT)) as count_column03, min(CAST(column03 AS FLOAT)) as min_column03, max(CAST(column03 AS FLOAT)) as max_column03, sum(CAST(column03 AS FLOAT)) as sum_column03, avg(CAST(column03 AS FLOAT)) as avg_column03 from read_csv_auto('/data-nonraid/maroulis/data/taxi_data/yellow_tripdata_2014_cleaned.csv', ignore_errors = true) where CAST(column05 AS FLOAT) > CAST(-73.9965 AS FLOAT) AND CAST(column05 AS FLOAT) < CAST(-73.9465 AS FLOAT) AND CAST(column06 AS FLOAT) > CAST(40.74825 AS FLOAT) AND CAST(column06 AS FLOAT) < CAST(40.77325 AS FLOAT) AND (column12 >= 0.0 AND column12 <= 400.0 AND column04 <= 1000.0);",0,"{17=StatsDuckDB{count=61050478, min=0.0000, max=621.9800, sum=831957259.1348, mean=13.6274, sumOfSquares=NaN}, 3=StatsDuckDB{count=61050478, min=0.0000, max=9.0000, sum=103453388.0000, mean=1.6946, sumOfSquares=NaN}, 4=StatsDuckDB{count=61050478, min=0.0000, max=504.3000, sum=148540162.1904, mean=2.4331, sumOfSquares=NaN}, 12=StatsDuckDB{count=61050478, min=0.0000, max=400.0000, sum=691785375.3120, mean=11.3314, sumOfSquares=NaN}}","{17=8.319572591348158E8, 3=1.03453388E8, 4=1.4854016219044134E8, 12=6.917853753120354E8}"
/data-nonraid/maroulis/data/taxi_data/yellow_tripdata_2014_cleaned.csv,directCSV,2,1,18.246305909,"select count(CAST(column12 AS FLOAT)) as count_column12, min(CAST(column12 AS FLOAT)) as min_column12, max(CAST(column12 AS FLOAT)) as max_column12, sum(CAST(column12 AS FLOAT)) as sum_column12, avg(CAST(column12 AS FLOAT)) as avg_column12, count(CAST(column17 AS FLOAT)) as count_column17, min(CAST(column17 AS FLOAT)) as min_column17, max(CAST(column17 AS FLOAT)) as max_column17, sum(CAST(column17 AS FLOAT)) as sum_column17, avg(CAST(column17 AS FLOAT)) as avg_column17, count(CAST(column04 AS FLOAT)) as count_column04, min(CAST(column04 AS FLOAT)) as min_column04, max(CAST(column04 AS FLOAT)) as max_column04, sum(CAST(column04 AS FLOAT)) as sum_column04, avg(CAST(column04 AS FLOAT)) as avg_column04, count(CAST(column03 AS FLOAT)) as count_column03, min(CAST(column03 AS FLOAT)) as min_column03, max(CAST(column03 AS FLOAT)) as max_column03, sum(CAST(column03 AS FLOAT)) as sum_column03, avg(CAST(column03 AS FLOAT)) as avg_column03 from read_csv_auto('/data-nonraid/maroulis/data/taxi_data/yellow_tripdata_2014_cleaned.csv', ignore_errors = true) where CAST(column05 AS FLOAT) > CAST(-73.9895 AS FLOAT) AND CAST(column05 AS FLOAT) < CAST(-73.93951 AS FLOAT) AND CAST(column06 AS FLOAT) > CAST(40.75175 AS FLOAT) AND CAST(column06 AS FLOAT) < CAST(40.776752 AS FLOAT) AND (column12 >= 0.0 AND column12 <= 400.0 AND column04 <= 1000.0);",0,"{17=StatsDuckDB{count=51024908, min=0.0000, max=621.9800, sum=688870760.3302, mean=13.5007, sumOfSquares=NaN}, 3=StatsDuckDB{count=51024908, min=0.0000, max=9.0000, sum=86443262.0000, mean=1.6941, sumOfSquares=NaN}, 4=StatsDuckDB{count=51024908, min=0.0000, max=500.0000, sum=123024941.6213, mean=2.4111, sumOfSquares=NaN}, 12=StatsDuckDB{count=51024908, min=0.0000, max=400.0000, sum=572406401.6216, mean=11.2182, sumOfSquares=NaN}}","{17=6.88870760330151E8, 3=8.6443262E7, 4=1.2302494162127613E8, 12=5.724064016215574E8}"
/data-nonraid/maroulis/data/taxi_data/yellow_tripdata_2014_cleaned.csv,directCSV,3,1,18.165831633,"select count(CAST(column12 AS FLOAT)) as count_column12, min(CAST(column12 AS FLOAT)) as min_column12, max(CAST(column12 AS FLOAT)) as max_column12, sum(CAST(column12 AS FLOAT)) as sum_column12, avg(CAST(column12 AS FLOAT)) as avg_column12, count(CAST(column17 AS FLOAT)) as count_column17, min(CAST(column17 AS FLOAT)) as min_column17, max(CAST(column17 AS FLOAT)) as max_column17, sum(CAST(column17 AS FLOAT)) as sum_column17, avg(CAST(column17 AS FLOAT)) as avg_column17, count(CAST(column04 AS FLOAT)) as count_column04, min(CAST(column04 AS FLOAT)) as min_column04, max(CAST(column04 AS FLOAT)) as max_column04, sum(CAST(column04 AS FLOAT)) as sum_column04, avg(CAST(column04 AS FLOAT)) as avg_column04, count(CAST(column03 AS FLOAT)) as count_column03, min(CAST(column03 AS FLOAT)) as min_column03, max(CAST(column03 AS FLOAT)) as max_column03, sum(CAST(column03 AS FLOAT)) as sum_column03, avg(CAST(column03 AS FLOAT)) as avg_column03 from read_csv_auto('/data-nonraid/maroulis/data/taxi_data/yellow_tripdata_2014_cleaned.csv', ignore_errors = true) where CAST(column05 AS FLOAT) > CAST(-73.9895 AS FLOAT) AND CAST(column05 AS FLOAT) < CAST(-73.93951 AS FLOAT) AND CAST(column06 AS FLOAT) > CAST(40.7495 AS FLOAT) AND CAST(column06 AS FLOAT) < CAST(40.7745 AS FLOAT) AND (column12 >= 0.0 AND column12 <= 400.0 AND column04 <= 1000.0);",0,"{17=StatsDuckDB{count=51311256, min=0.0000, max=621.9800, sum=697079049.0007, mean=13.5853, sumOfSquares=NaN}, 3=StatsDuckDB{count=51311256, min=0.0000, max=9.0000, sum=87003871.0000, mean=1.6956, sumOfSquares=NaN}, 4=StatsDuckDB{count=51311256, min=0.0000, max=500.0000, sum=124577048.5220, mean=2.4279, sumOfSquares=NaN}, 12=StatsDuckDB{count=51311256, min=0.0000, max=400.0000, sum=578739184.2317, mean=11.2790, sumOfSquares=NaN}}","{17=6.970790490006802E8, 3=8.7003871E7, 4=1.2457704852204916E8, 12=5.787391842316954E8}"
/data-nonraid/maroulis/data/taxi_data/yellow_tripdata_2014_cleaned.csv,directCSV,4,1,18.048237707,"select count(CAST(column12 AS FLOAT)) as count_column12, min(CAST(column12 AS FLOAT)) as min_column12, max(CAST(column12 AS FLOAT)) as max_column12, sum(CAST(column12 AS FLOAT)) as sum_column12, avg(CAST(column12 AS FLOAT)) as avg_column12, count(CAST(column17 AS FLOAT)) as count_column17, min(CAST(column17 AS FLOAT)) as min_column17, max(CAST(column17 AS FLOAT)) as max_column17, sum(CAST(column17 AS FLOAT)) as sum_column17, avg(CAST(column17 AS FLOAT)) as avg_column17, count(CAST(column04 AS FLOAT)) as count_column04, min(CAST(column04 AS FLOAT)) as min_column04, max(CAST(column04 AS FLOAT)) as max_column04, sum(CAST(column04 AS FLOAT)) as sum_column04, avg(CAST(column04 AS FLOAT)) as avg_column04, count(CAST(column03 AS FLOAT)) as count_column03, min(CAST(column03 AS FLOAT)) as min_column03, max(CAST(column03 AS FLOAT)) as max_column03, sum(CAST(column03 AS FLOAT)) as sum_column03, avg(CAST(column03 AS FLOAT)) as avg_column03 from read_csv_auto('/data-nonraid/maroulis/data/taxi_data/yellow_tripdata_2014_cleaned.csv', ignore_errors = true) where CAST(column05 AS FLOAT) > CAST(-73.983505 AS FLOAT) AND CAST(column05 AS FLOAT) < CAST(-73.93351 AS FLOAT) AND CAST(column06 AS FLOAT) > CAST(40.7525 AS FLOAT) AND CAST(column06 AS FLOAT) < CAST(40.7775 AS FLOAT) AND (column12 >= 0.0 AND column12 <= 400.0 AND column04 <= 1000.0);",0,"{17=StatsDuckDB{count=42232347, min=0.0000, max=621.9800, sum=562993094.5852, mean=13.3309, sumOfSquares=NaN}, 3=StatsDuckDB{count=42232347, min=0.0000, max=9.0000, sum=71289587.0000, mean=1.6880, sumOfSquares=NaN}, 4=StatsDuckDB{count=42232347, min=0.0000, max=500.0000, sum=99733827.2035, mean=2.3616, sumOfSquares=NaN}, 12=StatsDuckDB{count=42232347, min=0.0000, max=400.0000, sum=467825625.3112, mean=11.0774, sumOfSquares=NaN}}","{17=5.629930945851661E8, 3=7.1289587E7, 4=9.973382720353618E7, 12=4.67825625311171E8}"
/data-nonraid/maroulis/data/taxi_data/yellow_tripdata_2014_cleaned.csv,directCSV,5,1,17.802357404,"select count(CAST(column12 AS FLOAT)) as count_column12, min(CAST(column12 AS FLOAT)) as min_column12, max(CAST(column12 AS FLOAT)) as max_column12, sum(CAST(column12 AS FLOAT)) as sum_column12, avg(CAST(column12 AS FLOAT)) as avg_column12, count(CAST(column17 AS FLOAT)) as count_column17, min(CAST(column17 AS FLOAT)) as min_column17, max(CAST(column17 AS FLOAT)) as max_column17, sum(CAST(column17 AS FLOAT)) as sum_column17, avg(CAST(column17 AS FLOAT)) as avg_column17, count(CAST(column04 AS FLOAT)) as count_column04, min(CAST(column04 AS FLOAT)) as min_column04, max(CAST(column04 AS FLOAT)) as max_column04, sum(CAST(column04 AS FLOAT)) as sum_column04, avg(CAST(column04 AS FLOAT)) as avg_column04, count(CAST(column03 AS FLOAT)) as count_column03, min(CAST(column03 AS FLOAT)) as min_column03, max(CAST(column03 AS FLOAT)) as max_column03, sum(CAST(column03 AS FLOAT)) as sum_column03, avg(CAST(column03 AS FLOAT)) as avg_column03 from read_csv_auto('/data-nonraid/maroulis/data/taxi_data/yellow_tripdata_2014_cleaned.csv', ignore_errors = true) where CAST(column05 AS FLOAT) > CAST(-73.977005 AS FLOAT) AND CAST(column05 AS FLOAT) < CAST(-73.92701 AS FLOAT) AND CAST(column06 AS FLOAT) > CAST(40.74925 AS FLOAT) AND CAST(column06 AS FLOAT) < CAST(40.77425 AS FLOAT) AND (column12 >= 0.0 AND column12 <= 400.0 AND column04 <= 1000.0);",0,"{17=StatsDuckDB{count=29559883, min=0.0000, max=621.9800, sum=391028701.1478, mean=13.2284, sumOfSquares=NaN}, 3=StatsDuckDB{count=29559883, min=0.0000, max=9.0000, sum=49606304.0000, mean=1.6782, sumOfSquares=NaN}, 4=StatsDuckDB{count=29559883, min=0.0000, max=500.0000, sum=69369922.3787, mean=2.3468, sumOfSquares=NaN}, 12=StatsDuckDB{count=29559883, min=0.0000, max=400.0000, sum=324792791.7508, mean=10.9876, sumOfSquares=NaN}}","{17=3.910287011478473E8, 3=4.9606304E7, 4=6.936992237869331E7, 12=3.247927917508008E8}"
/data-nonraid/maroulis/data/taxi_data/yellow_tripdata_2014_cleaned.csv,directCSV,6,1,17.749142186,"select count(CAST(column12 AS FLOAT)) as count_column12, min(CAST(column12 AS FLOAT)) as min_column12, max(CAST(column12 AS FLOAT)) as max_column12, sum(CAST(column12 AS FLOAT)) as sum_column12, avg(CAST(column12 AS FLOAT)) as avg_column12, count(CAST(column17 AS FLOAT)) as count_column17, min(CAST(column17 AS FLOAT)) as min_column17, max(CAST(column17 AS FLOAT)) as max_column17, sum(CAST(column17 AS FLOAT)) as sum_column17, avg(CAST(column17 AS FLOAT)) as avg_column17, count(CAST(column04 AS FLOAT)) as count_column04, min(CAST(column04 AS FLOAT)) as min_column04, max(CAST(column04 AS FLOAT)) as max_column04, sum(CAST(column04 AS FLOAT)) as sum_column04, avg(CAST(column04 AS FLOAT)) as avg_column04, count(CAST(column03 AS FLOAT)) as count_column03, min(CAST(column03 AS FLOAT)) as min_column03, max(CAST(column03 AS FLOAT)) as max_column03, sum(CAST(column03 AS FLOAT)) as sum_column03, avg(CAST(column03 AS FLOAT)) as avg_column03 from read_csv_auto('/data-nonraid/maroulis/data/taxi_data/yellow_tripdata_2014_cleaned.csv', ignore_errors = true) where CAST(column05 AS FLOAT) > CAST(-73.981 AS FLOAT) AND CAST(column05 AS FLOAT) < CAST(-73.95601 AS FLOAT) AND CAST(column06 AS FLOAT) > CAST(40.753624 AS FLOAT) AND CAST(column06 AS FLOAT) < CAST(40.766125 AS FLOAT) AND (column12 >= 0.0 AND column12 <= 400.0 AND column04 <= 1000.0);",0,"{17=StatsDuckDB{count=20866088, min=0.0000, max=621.9800, sum=280884670.0599, mean=13.4613, sumOfSquares=NaN}, 3=StatsDuckDB{count=20866088, min=0.0000, max=9.0000, sum=35300587.0000, mean=1.6918, sumOfSquares=NaN}, 4=StatsDuckDB{count=20866088, min=0.0000, max=500.0000, sum=49643461.4117, mean=2.3791, sumOfSquares=NaN}, 12=StatsDuckDB{count=20866088, min=0.0000, max=400.0000, sum=232730197.8107, mean=11.1535, sumOfSquares=NaN}}","{17=2.8088467005993617E8, 3=3.5300587E7, 4=4.9643461411697894E7, 12=2.327301978107454E8}"
/data-nonraid/maroulis/data/taxi_data/yellow_tripdata_2014_cleaned.csv,directCSV,7,1,17.681902393,"select count(CAST(column12 AS FLOAT)) as count_column12, min(CAST(column12 AS FLOAT)) as min_column12, max(CAST(column12 AS FLOAT)) as max_column12, sum(CAST(column12 AS FLOAT)) as sum_column12, avg(CAST(column12 AS FLOAT)) as avg_column12, count(CAST(column17 AS FLOAT)) as count_column17, min(CAST(column17 AS FLOAT)) as min_column17, max(CAST(column17 AS FLOAT)) as max_column17, sum(CAST(column17 AS FLOAT)) as sum_column17, avg(CAST(column17 AS FLOAT)) as avg_column17, count(CAST(column04 AS FLOAT)) as count_column04, min(CAST(column04 AS FLOAT)) as min_column04, max(CAST(column04 AS FLOAT)) as max_column04, sum(CAST(column04 AS FLOAT)) as sum_column04, avg(CAST(column04 AS FLOAT)) as avg_column04, count(CAST(column03 AS FLOAT)) as count_column03, min(CAST(column03 AS FLOAT)) as min_column03, max(CAST(column03 AS FLOAT)) as max_column03, sum(CAST(column03 AS FLOAT)) as sum_column03, avg(CAST(column03 AS FLOAT)) as avg_column03 from read_csv_auto('/data-nonraid/maroulis/data/taxi_data/yellow_tripdata_2014_cleaned.csv', ignore_errors = true) where CAST(column05 AS FLOAT) > CAST(-73.983 AS FLOAT) AND CAST(column05 AS FLOAT) < CAST(-73.970505 AS FLOAT) AND CAST(column06 AS FLOAT) > CAST(40.755814 AS FLOAT) AND CAST(column06 AS FLOAT) < CAST(40.762062 AS FLOAT) AND (column12 >= 0.0 AND column12 <= 400.0 AND column04 <= 1000.0);",0,"{17=StatsDuckDB{count=6552236, min=0.0000, max=621.9800, sum=93551004.3757, mean=14.2777, sumOfSquares=NaN}, 3=StatsDuckDB{count=6552236, min=0.0000, max=9.0000, sum=11225724.0000, mean=1.7133, sumOfSquares=NaN}, 4=StatsDuckDB{count=6552236, min=0.0000, max=240.8000, sum=16553869.0677, mean=2.5264, sumOfSquares=NaN}, 12=StatsDuckDB{count=6552236, min=0.0000, max=400.0000, sum=77010821.6103, mean=11.7534, sumOfSquares=NaN}}","{17=9.355100437565303E7, 3=1.1225724E7, 4=1.6553869067719998E7, 12=7.701082161030722E7}"
/data-nonraid/maroulis/data/taxi_data/yellow_tripdata_2014_cleaned.csv,directCSV,8,1,17.530916756,"select count(CAST(column12 AS FLOAT)) as count_column12, min(CAST(column12 AS FLOAT)) as min_column12, max(CAST(column12 AS FLOAT)) as max_column12, sum(CAST(column12 AS FLOAT)) as sum_column12, avg(CAST(column12 AS FLOAT)) as avg_column12, count(CAST(column17 AS FLOAT)) as count_column17, min(CAST(column17 AS FLOAT)) as min_column17, max(CAST(column17 AS FLOAT)) as max_column17, sum(CAST(column17 AS FLOAT)) as sum_column17, avg(CAST(column17 AS FLOAT)) as avg_column17, count(CAST(column04 AS FLOAT)) as count_column04, min(CAST(column04 AS FLOAT)) as min_column04, max(CAST(column04 AS FLOAT)) as max_column04, sum(CAST(column04 AS FLOAT)) as sum_column04, avg(CAST(column04 AS FLOAT)) as avg_column04, count(CAST(column03 AS FLOAT)) as count_column03, min(CAST(column03 AS FLOAT)) as min_column03, max(CAST(column03 AS FLOAT)) as max_column03, sum(CAST(column03 AS FLOAT)) as sum_column03, avg(CAST(column03 AS FLOAT)) as avg_column03 from read_csv_auto('/data-nonraid/maroulis/data/taxi_data/yellow_tripdata_2014_cleaned.csv', ignore_errors = true) where CAST(column05 AS FLOAT) > CAST(-73.984 AS FLOAT) AND CAST(column05 AS FLOAT) < CAST(-73.97775 AS FLOAT) AND CAST(column06 AS FLOAT) > CAST(40.756905 AS FLOAT) AND CAST(column06 AS FLOAT) < CAST(40.760033 AS FLOAT) AND (column12 >= 0.0 AND column12 <= 400.0 AND column04 <= 1000.0);",0,"{17=StatsDuckDB{count=1151695, min=0.0000, max=405.8300, sum=16287789.9740, mean=14.1425, sumOfSquares=NaN}, 3=StatsDuckDB{count=1151695, min=0.0000, max=9.0000, sum=2013423.0000, mean=1.7482, sumOfSquares=NaN}, 4=StatsDuckDB{count=1151695, min=0.0000, max=93.6000, sum=2879189.8098, mean=2.5000, sumOfSquares=NaN}, 12=StatsDuckDB{count=1151695, min=0.0000, max=350.0000, sum=13502933.7801, mean=11.7244, sumOfSquares=NaN}}","{17=1.6287789974008322E7, 3=2013423.0, 4=2879189.8097864203, 12=1.3502933780051231E7}"
/data-nonraid/maroulis/data/taxi_data/yellow_tripdata_2014_cleaned.csv,directCSV,9,1,17.614736918,"select count(CAST(column12 AS FLOAT)) as count_column12, min(CAST(column12 AS FLOAT)) as min_column12, max(CAST(column12 AS FLOAT)) as max_column12, sum(CAST(column12 AS FLOAT)) as sum_column12, avg(CAST(column12 AS FLOAT)) as avg_column12, count(CAST(column17 AS FLOAT)) as count_column17, min(CAST(column17 AS FLOAT)) as min_column17, max(CAST(column17 AS FLOAT)) as max_column17, sum(CAST(column17 AS FLOAT)) as sum_column17, avg(CAST(column17 AS FLOAT)) as avg_column17, count(CAST(column04 AS FLOAT)) as count_column04, min(CAST(column04 AS FLOAT)) as min_column04, max(CAST(column04 AS FLOAT)) as max_column04, sum(CAST(column04 AS FLOAT)) as sum_column04, avg(CAST(column04 AS FLOAT)) as avg_column04, count(CAST(column03 AS FLOAT)) as count_column03, min(CAST(column03 AS FLOAT)) as min_column03, max(CAST(column03 AS FLOAT)) as max_column03, sum(CAST(column03 AS FLOAT)) as sum_column03, avg(CAST(column03 AS FLOAT)) as avg_column03 from read_csv_auto('/data-nonraid/maroulis/data/taxi_data/yellow_tripdata_2014_cleaned.csv', ignore_errors = true) where CAST(column05 AS FLOAT) > CAST(-73.98325 AS FLOAT) AND CAST(column05 AS FLOAT) < CAST(-73.977005 AS FLOAT) AND CAST(column06 AS FLOAT) > CAST(40.75728 AS FLOAT) AND CAST(column06 AS FLOAT) < CAST(40.760406 AS FLOAT) AND (column12 >= 0.0 AND column12 <= 400.0 AND column04 <= 1000.0);",0,"{17=StatsDuckDB{count=1276398, min=0.0000, max=405.8300, sum=17555209.2683, mean=13.7537, sumOfSquares=NaN}, 3=StatsDuckDB{count=1276398, min=0.0000, max=9.0000, sum=2218714.0000, mean=1.7383, sumOfSquares=NaN}, 4=StatsDuckDB{count=1276398, min=0.0000, max=93.6000, sum=3038079.9598, mean=2.3802, sumOfSquares=NaN}, 12=StatsDuckDB{count=1276398, min=0.0000, max=350.0000, sum=14550872.0900, mean=11.3999, sumOfSquares=NaN}}","{17=1.7555209268330097E7, 3=2218714.0, 4=3038079.9598417785, 12=1.4550872090046883E7}"
/data-nonraid/maroulis/data/taxi_data/yellow_tripdata_2014_cleaned.csv,directCSV,10,1,17.591466106,"select count(CAST(column12 AS FLOAT)) as count_column12, min(CAST(column12 AS FLOAT)) as min_column12, max(CAST(column12 AS FLOAT)) as max_column12, sum(CAST(column12 AS FLOAT)) as sum_column12, avg(CAST(column12 AS FLOAT)) as avg_column12, count(CAST(column17 AS FLOAT)) as count_column17, min(CAST(column17 AS FLOAT)) as min_column17, max(CAST(column17 AS FLOAT)) as max_column17, sum(CAST(column17 AS FLOAT)) as sum_column17, avg(CAST(column17 AS FLOAT)) as avg_column17, count(CAST(column04 AS FLOAT)) as count_column04, min(CAST(column04 AS FLOAT)) as min_column04, max(CAST(column04 AS FLOAT)) as max_column04, sum(CAST(column04 AS FLOAT)) as sum_column04, avg(CAST(column04 AS FLOAT)) as avg_column04, count(CAST(column03 AS FLOAT)) as count_column03, min(CAST(column03 AS FLOAT)) as min_column03, max(CAST(column03 AS FLOAT)) as max_column03, sum(CAST(column03 AS FLOAT)) as sum_column03, avg(CAST(column03 AS FLOAT)) as avg_column03 from read_csv_auto('/data-nonraid/maroulis/data/taxi_data/yellow_tripdata_2014_cleaned.csv', ignore_errors = true) where CAST(column05 AS FLOAT) > CAST(-73.984 AS FLOAT) AND CAST(column05 AS FLOAT) < CAST(-73.97775 AS FLOAT) AND CAST(column06 AS FLOAT) > CAST(40.75728 AS FLOAT) AND CAST(column06 AS FLOAT) < CAST(40.760406 AS FLOAT) AND (column12 >= 0.0 AND column12 <= 400.0 AND column04 <= 1000.0);",0,"{17=StatsDuckDB{count=1164549, min=0.0000, max=405.8300, sum=16512511.8724, mean=14.1793, sumOfSquares=NaN}, 3=StatsDuckDB{count=1164549, min=0.0000, max=9.0000, sum=2030256.0000, mean=1.7434, sumOfSquares=NaN}, 4=StatsDuckDB{count=1164549, min=0.0000, max=93.6000, sum=2904737.9897, mean=2.4943, sumOfSquares=NaN}, 12=StatsDuckDB{count=1164549, min=0.0000, max=350.0000, sum=13666019.4001, mean=11.7350, sumOfSquares=NaN}}","{17=1.6512511872356176E7, 3=2030256.0, 4=2904737.989743758, 12=1.366601940005207E7}"
/data-nonraid/maroulis/data/taxi_data/yellow_tripdata_2014_cleaned.csv,directCSV,11,1,17.63667597,"select count(CAST(column12 AS FLOAT)) as count_column12, min(CAST(column12 AS FLOAT)) as min_column12, max(CAST(column12 AS FLOAT)) as max_column12, sum(CAST(column12 AS FLOAT)) as sum_column12, avg(CAST(column12 AS FLOAT)) as avg_column12, count(CAST(column17 AS FLOAT)) as count_column17, min(CAST(column17 AS FLOAT)) as min_column17, max(CAST(column17 AS FLOAT)) as max_column17, sum(CAST(column17 AS FLOAT)) as sum_column17, avg(CAST(column17 AS FLOAT)) as avg_column17, count(CAST(column04 AS FLOAT)) as count_column04, min(CAST(column04 AS FLOAT)) as min_column04, max(CAST(column04 AS FLOAT)) as max_column04, sum(CAST(column04 AS FLOAT)) as sum_column04, avg(CAST(column04 AS FLOAT)) as avg_column04, count(CAST(column03 AS FLOAT)) as count_column03, min(CAST(column03 AS FLOAT)) as min_column03, max(CAST(column03 AS FLOAT)) as max_column03, sum(CAST(column03 AS FLOAT)) as sum_column03, avg(CAST(column03 AS FLOAT)) as avg_column03 from read_csv_auto('/data-nonraid/maroulis/data/taxi_data/yellow_tripdata_2014_cleaned.csv', ignore_errors = true) where CAST(column05 AS FLOAT) > CAST(-73.984 AS FLOAT) AND CAST(column05 AS FLOAT) < CAST(-73.97775 AS FLOAT) AND CAST(column06 AS FLOAT) > CAST(40.75678 AS FLOAT) AND CAST(column06 AS FLOAT) < CAST(40.759907 AS FLOAT) AND (column12 >= 0.0 AND column12 <= 400.0 AND column04 <= 1000.0);",0,"{17=StatsDuckDB{count=1153094, min=0.0000, max=405.8300, sum=16314465.7552, mean=14.1484, sumOfSquares=NaN}, 3=StatsDuckDB{count=1153094, min=0.0000, max=9.0000, sum=2016360.0000, mean=1.7487, sumOfSquares=NaN}, 4=StatsDuckDB{count=1153094, min=0.0000, max=93.6000, sum=2889462.6198, mean=2.5058, sumOfSquares=NaN}, 12=StatsDuckDB{count=1153094, min=0.0000, max=350.0000, sum=13528597.6201, mean=11.7324, sumOfSquares=NaN}}","{17=1.6314465755245924E7, 3=2016360.0, 4=2889462.6197974104, 12=1.3528597620053291E7}"
/data-nonraid/maroulis/data/taxi_data/yellow_tripdata_2014_cleaned.csv,directCSV,12,1,17.806981314,"select count(CAST(column12 AS FLOAT)) as count_column12, min(CAST(column12 AS FLOAT)) as min_column12, max(CAST(column12 AS FLOAT)) as max_column12, sum(CAST(column12 AS FLOAT)) as sum_column12, avg(CAST(column12 AS FLOAT)) as avg_column12, count(CAST(column17 AS FLOAT)) as count_column17, min(CAST(column17 AS FLOAT)) as min_column17, max(CAST(column17 AS FLOAT)) as max_column17, sum(CAST(column17 AS FLOAT)) as sum_column17, avg(CAST(column17 AS FLOAT)) as avg_column17, count(CAST(column04 AS FLOAT)) as count_column04, min(CAST(column04 AS FLOAT)) as min_column04, max(CAST(column04 AS FLOAT)) as max_column04, sum(CAST(column04 AS FLOAT)) as sum_column04, avg(CAST(column04 AS FLOAT)) as avg_column04, count(CAST(column03 AS FLOAT)) as count_column03, min(CAST(column03 AS FLOAT)) as min_column03, max(CAST(column03 AS FLOAT)) as max_column03, sum(CAST(column03 AS FLOAT)) as sum_column03, avg(CAST(column03 AS FLOAT)) as avg_column03 from read_csv_auto('/data-nonraid/maroulis/data/taxi_data/yellow_tripdata_2014_cleaned.csv', ignore_errors = true) where CAST(column05 AS FLOAT) > CAST(-73.98475 AS FLOAT) AND CAST(column05 AS FLOAT) < CAST(-73.9785 AS FLOAT) AND CAST(column06 AS FLOAT) > CAST(40.75678 AS FLOAT) AND CAST(column06 AS FLOAT) < CAST(40.759907 AS FLOAT) AND (column12 >= 0.0 AND column12 <= 400.0 AND column04 <= 1000.0);",0,"{17=StatsDuckDB{count=1169803, min=0.0000, max=375.6900, sum=17087833.6375, mean=14.6074, sumOfSquares=NaN}, 3=StatsDuckDB{count=1169803, min=0.0000, max=9.0000, sum=2053266.0000, mean=1.7552, sumOfSquares=NaN}, 4=StatsDuckDB{count=1169803, min=0.0000, max=96.0000, sum=3093395.0199, mean=2.6444, sumOfSquares=NaN}, 12=StatsDuckDB{count=1169803, min=0.0000, max=290.0000, sum=14179749.1901, mean=12.1215, sumOfSquares=NaN}}","{17=1.708783363751793E7, 3=2053266.0, 4=3093395.0198616963, 12=1.4179749190071583E7}"
/data-nonraid/maroulis/data/taxi_data/yellow_tripdata_2014_cleaned.csv,directCSV,13,1,17.837208949,"select count(CAST(column12 AS FLOAT)) as count_column12, min(CAST(column12 AS FLOAT)) as min_column12, max(CAST(column12 AS FLOAT)) as max_column12, sum(CAST(column12 AS FLOAT)) as sum_column12, avg(CAST(column12 AS FLOAT)) as avg_column12, count(CAST(column17 AS FLOAT)) as count_column17, min(CAST(column17 AS FLOAT)) as min_column17, max(CAST(column17 AS FLOAT)) as max_column17, sum(CAST(column17 AS FLOAT)) as sum_column17, avg(CAST(column17 AS FLOAT)) as avg_column17, count(CAST(column04 AS FLOAT)) as count_column04, min(CAST(column04 AS FLOAT)) as min_column04, max(CAST(column04 AS FLOAT)) as max_column04, sum(CAST(column04 AS FLOAT)) as sum_column04, avg(CAST(column04 AS FLOAT)) as avg_column04, count(CAST(column03 AS FLOAT)) as count_column03, min(CAST(column03 AS FLOAT)) as min_column03, max(CAST(column03 AS FLOAT)) as max_column03, sum(CAST(column03 AS FLOAT)) as sum_column03, avg(CAST(column03 AS FLOAT)) as avg_column03 from read_csv_auto('/data-nonraid/maroulis/data/taxi_data/yellow_tripdata_2014_cleaned.csv', ignore_errors = true) where CAST(column05 AS FLOAT) > CAST(-73.98412 AS FLOAT) AND CAST(column05 AS FLOAT) < CAST(-73.977875 AS FLOAT) AND CAST(column06 AS FLOAT) > CAST(40.756466 AS FLOAT) AND CAST(column06 AS FLOAT) < CAST(40.759594 AS FLOAT) AND (column12 >= 0.0 AND column12 <= 400.0 AND column04 <= 1000.0);",0,"{17=StatsDuckDB{count=1148720, min=0.0000, max=405.8300, sum=16337289.9387, mean=14.2222, sumOfSquares=NaN}, 3=StatsDuckDB{count=1148720, min=0.0000, max=9.0000, sum=2007511.0000, mean=1.7476, sumOfSquares=NaN}, 4=StatsDuckDB{count=1148720, min=0.0000, max=93.6000, sum=2912013.8897, mean=2.5350, sumOfSquares=NaN}, 12=StatsDuckDB{count=1148720, min=0.0000, max=350.0000, sum=13548911.2901, mean=11.7948, sumOfSquares=NaN}}","{17=1.6337289938724518E7, 3=2007511.0, 4=2912013.889699135, 12=1.354891129006052E7}"
/data-nonraid/maroulis/data/taxi_data/yellow_tripdata_2014_cleaned.csv,directCSV,14,1,17.830727068,"select count(CAST(column12 AS FLOAT)) as count_column12, min(CAST(column12 AS FLOAT)) as min_column12, max(CAST(column12 AS FLOAT)) as max_column12, sum(CAST(column12 AS FLOAT)) as sum_column12, avg(CAST(column12 AS FLOAT)) as avg_column12, count(CAST(column17 AS FLOAT)) as count_column17, min(CAST(column17 AS FLOAT)) as min_column17, max(CAST(column17 AS FLOAT)) as max_column17, sum(CAST(column17 AS FLOAT)) as sum_column17, avg(CAST(column17 AS FLOAT)) as avg_column17, count(CAST(column04 AS FLOAT)) as count_column04, min(CAST(column04 AS FLOAT)) as min_column04, max(CAST(column04 AS FLOAT)) as max_column04, sum(CAST(column04 AS FLOAT)) as sum_column04, avg(CAST(column04 AS FLOAT)) as avg_column04, count(CAST(column03 AS FLOAT)) as count_column03, min(CAST(column03 AS FLOAT)) as min_column03, max(CAST(column03 AS FLOAT)) as max_column03, sum(CAST(column03 AS FLOAT)) as sum_column03, avg(CAST(column03 AS FLOAT)) as avg_column03 from read_csv_auto('/data-nonraid/maroulis/data/taxi_data/yellow_tripdata_2014_cleaned.csv', ignore_errors = true) where CAST(column05 AS FLOAT) > CAST(-73.983376 AS FLOAT) AND CAST(column05 AS FLOAT) < CAST(-73.97713 AS FLOAT) AND CAST(column06 AS FLOAT) > CAST(40.756466 AS FLOAT) AND CAST(column06 AS FLOAT) < CAST(40.759594 AS FLOAT) AND (column12 >= 0.0 AND column12 <= 400.0 AND column04 <= 1000.0);",0,"{17=StatsDuckDB{count=1295507, min=0.0000, max=405.8300, sum=17762694.4340, mean=13.7110, sumOfSquares=NaN}, 3=StatsDuckDB{count=1295507, min=0.0000, max=9.0000, sum=2258375.0000, mean=1.7432, sumOfSquares=NaN}, 4=StatsDuckDB{count=1295507, min=0.0000, max=240.8000, sum=3108616.8098, mean=2.3995, sumOfSquares=NaN}, 12=StatsDuckDB{count=1295507, min=0.0000, max=350.0000, sum=14756560.9101, mean=11.3906, sumOfSquares=NaN}}","{17=1.776269443403721E7, 3=2258375.0, 4=3108616.8098186664, 12=1.4756560910054684E7}"
/data-nonraid/maroulis/data/taxi_data/yellow_tripdata_2014_cleaned.csv,directCSV,15,1,17.781127549,"select count(CAST(column12 AS FLOAT)) as count_column12, min(CAST(column12 AS FLOAT)) as min_column12, max(CAST(column12 AS FLOAT)) as max_column12, sum(CAST(column12 AS FLOAT)) as sum_column12, avg(CAST(column12 AS FLOAT)) as avg_column12, count(CAST(column17 AS FLOAT)) as count_column17, min(CAST(column17 AS FLOAT)) as min_column17, max(CAST(column17 AS FLOAT)) as max_column17, sum(CAST(column17 AS FLOAT)) as sum_column17, avg(CAST(column17 AS FLOAT)) as avg_column17, count(CAST(column04 AS FLOAT)) as count_column04, min(CAST(column04 AS FLOAT)) as min_column04, max(CAST(column04 AS FLOAT)) as max_column04, sum(CAST(column04 AS FLOAT)) as sum_column04, avg(CAST(column04 AS FLOAT)) as avg_column04, count(CAST(column03 AS FLOAT)) as count_column03, min(CAST(column03 AS FLOAT)) as min_column03, max(CAST(column03 AS FLOAT)) as max_column03, sum(CAST(column03 AS FLOAT)) as sum_column03, avg(CAST(column03 AS FLOAT)) as avg_column03 from read_csv_auto('/data-nonraid/maroulis/data/taxi_data/yellow_tripdata_2014_cleaned.csv', ignore_errors = true) where CAST(column05 AS FLOAT) > CAST(-73.98412 AS FLOAT) AND CAST(column05 AS FLOAT) < CAST(-73.977875 AS FLOAT) AND CAST(column06 AS FLOAT) > CAST(40.756466 AS FLOAT) AND CAST(column06 AS FLOAT) < CAST(40.759594 AS FLOAT) AND (column12 >= 0.0 AND column12 <= 400.0 AND column04 <= 1000.0);",0,"{17=StatsDuckDB{count=1148720, min=0.0000, max=405.8300, sum=16337289.9387, mean=14.2222, sumOfSquares=NaN}, 3=StatsDuckDB{count=1148720, min=0.0000, max=9.0000, sum=2007511.0000, mean=1.7476, sumOfSquares=NaN}, 4=StatsDuckDB{count=1148720, min=0.0000, max=93.6000, sum=2912013.8897, mean=2.5350, sumOfSquares=NaN}, 12=StatsDuckDB{count=1148720, min=0.0000, max=350.0000, sum=13548911.2901, mean=11.7948, sumOfSquares=NaN}}","{17=1.6337289938724518E7, 3=2007511.0, 4=2912013.889699135, 12=1.354891129006052E7}"
/data-nonraid/maroulis/data/taxi_data/yellow_tripdata_2014_cleaned.csv,directCSV,16,1,18.003259159,"select count(CAST(column12 AS FLOAT)) as count_column12, min(CAST(column12 AS FLOAT)) as min_column12, max(CAST(column12 AS FLOAT)) as max_column12, sum(CAST(column12 AS FLOAT)) as sum_column12, avg(CAST(column12 AS FLOAT)) as avg_column12, count(CAST(column17 AS FLOAT)) as count_column17, min(CAST(column17 AS FLOAT)) as min_column17, max(CAST(column17 AS FLOAT)) as max_column17, sum(CAST(column17 AS FLOAT)) as sum_column17, avg(CAST(column17 AS FLOAT)) as avg_column17, count(CAST(column04 AS FLOAT)) as count_column04, min(CAST(column04 AS FLOAT)) as min_column04, max(CAST(column04 AS FLOAT)) as max_column04, sum(CAST(column04 AS FLOAT)) as sum_column04, avg(CAST(column04 AS FLOAT)) as avg_column04, count(CAST(column03 AS FLOAT)) as count_column03, min(CAST(column03 AS FLOAT)) as min_column03, max(CAST(column03 AS FLOAT)) as max_column03, sum(CAST(column03 AS FLOAT)) as sum_column03, avg(CAST(column03 AS FLOAT)) as avg_column03 from read_csv_auto('/data-nonraid/maroulis/data/taxi_data/yellow_tripdata_2014_cleaned.csv', ignore_errors = true) where CAST(column05 AS FLOAT) > CAST(-73.98487 AS FLOAT) AND CAST(column05 AS FLOAT) < CAST(-73.97862 AS FLOAT) AND CAST(column06 AS FLOAT) > CAST(40.756466 AS FLOAT) AND CAST(column06 AS FLOAT) < CAST(40.759594 AS FLOAT) AND (column12 >= 0.0 AND column12 <= 400.0 AND column04 <= 1000.0);",0,"{17=StatsDuckDB{count=1153847, min=0.0000, max=375.6900, sum=16961087.4107, mean=14.6996, sumOfSquares=NaN}, 3=StatsDuckDB{count=1153847, min=0.0000, max=9.0000, sum=2029724.0000, mean=1.7591, sumOfSquares=NaN}, 4=StatsDuckDB{count=1153847, min=0.0000, max=96.0000, sum=3092498.4997, mean=2.6802, sumOfSquares=NaN}, 12=StatsDuckDB{count=1153847, min=0.0000, max=290.0000, sum=14080500.9001, mean=12.2031, sumOfSquares=NaN}}","{17=1.696108741069746E7, 3=2029724.0, 4=3092498.4997498207, 12=1.4080500900081158E7}"
/data-nonraid/maroulis/data/taxi_data/yellow_tripdata_2014_cleaned.csv,directCSV,17,1,17.937269324,"select count(CAST(column12 AS FLOAT)) as count_column12, min(CAST(column12 AS FLOAT)) as min_column12, max(CAST(column12 AS FLOAT)) as max_column12, sum(CAST(column12 AS FLOAT)) as sum_column12, avg(CAST(column12 AS FLOAT)) as avg_column12, count(CAST(column17 AS FLOAT)) as count_column17, min(CAST(column17 AS FLOAT)) as min_column17, max(CAST(column17 AS FLOAT)) as max_column17, sum(CAST(column17 AS FLOAT)) as sum_column17, avg(CAST(column17 AS FLOAT)) as avg_column17, count(CAST(column04 AS FLOAT)) as count_column04, min(CAST(column04 AS FLOAT)) as min_column04, max(CAST(column04 AS FLOAT)) as max_column04, sum(CAST(column04 AS FLOAT)) as sum_column04, avg(CAST(column04 AS FLOAT)) as avg_column04, count(CAST(column03 AS FLOAT)) as count_column03, min(CAST(column03 AS FLOAT)) as min_column03, max(CAST(column03 AS FLOAT)) as max_column03, sum(CAST(column03 AS FLOAT)) as sum_column03, avg(CAST(column03 AS FLOAT)) as avg_column03 from read_csv_auto('/data-nonraid/maroulis/data/taxi_data/yellow_tripdata_2014_cleaned.csv', ignore_errors = true) where CAST(column05 AS FLOAT) > CAST(-73.98393 AS FLOAT) AND CAST(column05 AS FLOAT) < CAST(-73.977684 AS FLOAT) AND CAST(column06 AS FLOAT) > CAST(40.756466 AS FLOAT) AND CAST(column06 AS FLOAT) < CAST(40.759594 AS FLOAT) AND (column12 >= 0.0 AND column12 <= 400.0 AND column04 <= 1000.0);",0,"{17=StatsDuckDB{count=1174568, min=0.0000, max=405.8300, sum=16537626.4069, mean=14.0798, sumOfSquares=NaN}, 3=StatsDuckDB{count=1174568, min=0.0000, max=9.0000, sum=2051961.0000, mean=1.7470, sumOfSquares=NaN}, 4=StatsDuckDB{count=1174568, min=0.0000, max=93.6000, sum=2932575.5197, mean=2.4967, sumOfSquares=NaN}, 12=StatsDuckDB{count=1174568, min=0.0000, max=350.0000, sum=13719616.1301, mean=11.6806, sumOfSquares=NaN}}","{17=1.6537626406935215E7, 3=2051961.0, 4=2932575.519698305, 12=1.3719616130057335E7}"
/data-nonraid/maroulis/data/taxi_data/yellow_tripdata_2014_cleaned.csv,directCSV,18,1,18.050752973,"select count(CAST(column12 AS FLOAT)) as count_column12, min(CAST(column12 AS FLOAT)) as min_column12, max(CAST(column12 AS FLOAT)) as max_column12, sum(CAST(column12 AS FLOAT)) as sum_column12, avg(CAST(column12 AS FLOAT)) as avg_column12, count(CAST(column17 AS FLOAT)) as count_column17, min(CAST(column17 AS FLOAT)) as min_column17, max(CAST(column17 AS FLOAT)) as max_column17, sum(CAST(column17 AS FLOAT)) as sum_column17, avg(CAST(column17 AS FLOAT)) as avg_column17, count(CAST(column04 AS FLOAT)) as count_column04, min(CAST(column04 AS FLOAT)) as min_column04, max(CAST(column04 AS FLOAT)) as max_column04, sum(CAST(column04 AS FLOAT)) as sum_column04, avg(CAST(column04 AS FLOAT)) as avg_column04, count(CAST(column03 AS FLOAT)) as count_column03, min(CAST(column03 AS FLOAT)) as min_column03, max(CAST(column03 AS FLOAT)) as max_column03, sum(CAST(column03 AS FLOAT)) as sum_column03, avg(CAST(column03 AS FLOAT)) as avg_column03 from read_csv_auto('/data-nonraid/maroulis/data/taxi_data/yellow_tripdata_2014_cleaned.csv', ignore_errors = true) where CAST(column05 AS FLOAT) > CAST(-73.98393 AS FLOAT) AND CAST(column05 AS FLOAT) < CAST(-73.977684 AS FLOAT) AND CAST(column06 AS FLOAT) > CAST(40.756092 AS FLOAT) AND CAST(column06 AS FLOAT) < CAST(40.75922 AS FLOAT) AND (column12 >= 0.0 AND column12 <= 400.0 AND column04 <= 1000.0);",0,"{17=StatsDuckDB{count=1208691, min=0.0000, max=405.8300, sum=16983139.5808, mean=14.0509, sumOfSquares=NaN}, 3=StatsDuckDB{count=1208691, min=0.0000, max=9.0000, sum=2109441.0000, mean=1.7452, sumOfSquares=NaN}, 4=StatsDuckDB{count=1208691, min=0.0000, max=93.6000, sum=3022024.8497, mean=2.5002, sumOfSquares=NaN}, 12=StatsDuckDB{count=1208691, min=0.0000, max=350.0000, sum=14092467.3101, mean=11.6593, sumOfSquares=NaN}}","{17=1.6983139580790043E7, 3=2109441.0, 4=3022024.8497267365, 12=1.4092467310069084E7}"
/data-nonraid/maroulis/data/taxi_data/yellow_tripdata_2014_cleaned.csv,directCSV,19,1,18.223681508,"select count(CAST(column12 AS FLOAT)) as count_column12, min(CAST(column12 AS FLOAT)) as min_column12, max(CAST(column12 AS FLOAT)) as max_column12, sum(CAST(column12 AS FLOAT)) as sum_column12, avg(CAST(column12 AS FLOAT)) as avg_column12, count(CAST(column17 AS FLOAT)) as count_column17, min(CAST(column17 AS FLOAT)) as min_column17, max(CAST(column17 AS FLOAT)) as max_column17, sum(CAST(column17 AS FLOAT)) as sum_column17, avg(CAST(column17 AS FLOAT)) as avg_column17, count(CAST(column04 AS FLOAT)) as count_column04, min(CAST(column04 AS FLOAT)) as min_column04, max(CAST(column04 AS FLOAT)) as max_column04, sum(CAST(column04 AS FLOAT)) as sum_column04, avg(CAST(column04 AS FLOAT)) as avg_column04, count(CAST(column03 AS FLOAT)) as count_column03, min(CAST(column03 AS FLOAT)) as min_column03, max(CAST(column03 AS FLOAT)) as max_column03, sum(CAST(column03 AS FLOAT)) as sum_column03, avg(CAST(column03 AS FLOAT)) as avg_column03 from read_csv_auto('/data-nonraid/maroulis/data/taxi_data/yellow_tripdata_2014_cleaned.csv', ignore_errors = true) where CAST(column05 AS FLOAT) > CAST(-73.98462 AS FLOAT) AND CAST(column05 AS FLOAT) < CAST(-73.97837 AS FLOAT) AND CAST(column06 AS FLOAT) > CAST(40.75575 AS FLOAT) AND CAST(column06 AS FLOAT) < CAST(40.758877 AS FLOAT) AND (column12 >= 0.0 AND column12 <= 400.0 AND column04 <= 1000.0);",0,"{17=StatsDuckDB{count=1164789, min=0.0000, max=375.6900, sum=16925795.3017, mean=14.5312, sumOfSquares=NaN}, 3=StatsDuckDB{count=1164789, min=0.0000, max=9.0000, sum=2039816.0000, mean=1.7512, sumOfSquares=NaN}, 4=StatsDuckDB{count=1164789, min=0.0000, max=96.0000, sum=3081175.7299, mean=2.6453, sumOfSquares=NaN}, 12=StatsDuckDB{count=1164789, min=0.0000, max=290.0000, sum=14038214.2401, mean=12.0522, sumOfSquares=NaN}}","{17=1.6925795301651E7, 3=2039816.0, 4=3081175.7298925705, 12=1.403821424007988E7}"
/data-nonraid/maroulis/data/taxi_data/yellow_tripdata_2014_cleaned.csv,directCSV,20,1,18.220029282,"select count(CAST(column12 AS FLOAT)) as count_column12, min(CAST(column12 AS FLOAT)) as min_column12, max(CAST(column12 AS FLOAT)) as max_column12, sum(CAST(column12 AS FLOAT)) as sum_column12, avg(CAST(column12 AS FLOAT)) as avg_column12, count(CAST(column17 AS FLOAT)) as count_column17, min(CAST(column17 AS FLOAT)) as min_column17, max(CAST(column17 AS FLOAT)) as max_column17, sum(CAST(column17 AS FLOAT)) as sum_column17, avg(CAST(column17 AS FLOAT)) as avg_column17, count(CAST(column04 AS FLOAT)) as count_column04, min(CAST(column04 AS FLOAT)) as min_column04, max(CAST(column04 AS FLOAT)) as max_column04, sum(CAST(column04 AS FLOAT)) as sum_column04, avg(CAST(column04 AS FLOAT)) as avg_column04, count(CAST(column03 AS FLOAT)) as count_column03, min(CAST(column03 AS FLOAT)) as min_column03, max(CAST(column03 AS FLOAT)) as max_column03, sum(CAST(column03 AS FLOAT)) as sum_column03, avg(CAST(column03 AS FLOAT)) as avg_column03 from read_csv_auto('/data-nonraid/maroulis/data/taxi_data/yellow_tripdata_2014_cleaned.csv', ignore_errors = true) where CAST(column05 AS FLOAT) > CAST(-73.98362 AS FLOAT) AND CAST(column05 AS FLOAT) < CAST(-73.97737 AS FLOAT) AND CAST(column06 AS FLOAT) > CAST(40.75525 AS FLOAT) AND CAST(column06 AS FLOAT) < CAST(40.758377 AS FLOAT) AND (column12 >= 0.0 AND column12 <= 400.0 AND column04 <= 1000.0);",0,"{17=StatsDuckDB{count=1336578, min=0.0000, max=400.0000, sum=18668890.7104, mean=13.9677, sumOfSquares=NaN}, 3=StatsDuckDB{count=1336578, min=0.0000, max=9.0000, sum=2329951.0000, mean=1.7432, sumOfSquares=NaN}, 4=StatsDuckDB{count=1336578, min=0.0000, max=100.0000, sum=3341103.3100, mean=2.4997, sumOfSquares=NaN}, 12=StatsDuckDB{count=1336578, min=0.0000, max=400.0000, sum=15498300.9501, mean=11.5955, sumOfSquares=NaN}}","{17=1.866889071035576E7, 3=2329951.0, 4=3341103.3100393154, 12=1.5498300950077057E7}"
/data-nonraid/maroulis/data/taxi_data/yellow_tripdata_2014_cleaned.csv,directCSV,21,1,18.209671251,"select count(CAST(column12 AS FLOAT)) as count_column12, min(CAST(column12 AS FLOAT)) as min_column12, max(CAST(column12 AS FLOAT)) as max_column12, sum(CAST(column12 AS FLOAT)) as sum_column12, avg(CAST(column12 AS FLOAT)) as avg_column12, count(CAST(column17 AS FLOAT)) as count_column17, min(CAST(column17 AS FLOAT)) as min_column17, max(CAST(column17 AS FLOAT)) as max_column17, sum(CAST(column17 AS FLOAT)) as sum_column17, avg(CAST(column17 AS FLOAT)) as avg_column17, count(CAST(column04 AS FLOAT)) as count_column04, min(CAST(column04 AS FLOAT)) as min_column04, max(CAST(column04 AS FLOAT)) as max_column04, sum(CAST(column04 AS FLOAT)) as sum_column04, avg(CAST(column04 AS FLOAT)) as avg_column04, count(CAST(column03 AS FLOAT)) as count_column03, min(CAST(column03 AS FLOAT)) as min_column03, max(CAST(column03 AS FLOAT)) as max_column03, sum(CAST(column03 AS FLOAT)) as sum_column03, avg(CAST(column03 AS FLOAT)) as avg_column03 from read_csv_auto('/data-nonraid/maroulis/data/taxi_data/yellow_tripdata_2014_cleaned.csv', ignore_errors = true) where CAST(column05 AS FLOAT) > CAST(-73.98456 AS FLOAT) AND CAST(column05 AS FLOAT) < CAST(-73.97831 AS FLOAT) AND CAST(column06 AS FLOAT) > CAST(40.75525 AS FLOAT) AND CAST(column06 AS FLOAT) < CAST(40.758377 AS FLOAT) AND (column12 >= 0.0 AND column12 <= 400.0 AND column04 <= 1000.0);",0,"{17=StatsDuckDB{count=1249789, min=0.0000, max=400.0000, sum=18133784.2480, mean=14.5095, sumOfSquares=NaN}, 3=StatsDuckDB{count=1249789, min=0.0000, max=9.0000, sum=2185009.0000, mean=1.7483, sumOfSquares=NaN}, 4=StatsDuckDB{count=1249789, min=0.0000, max=100.0000, sum=3307543.8400, mean=2.6465, sumOfSquares=NaN}, 12=StatsDuckDB{count=1249789, min=0.0000, max=400.0000, sum=15020169.8101, mean=12.0182, sumOfSquares=NaN}}","{17=1.8133784247962236E7, 3=2185009.0, 4=3307543.8399667647, 12=1.5020169810091019E7}"
/data-nonraid/maroulis/data/taxi_data/yellow_tripdata_2014_cleaned.csv,directCSV,22,1,18.233027407,"select count(CAST(column12 AS FLOAT)) as count_column12, min(CAST(column12 AS FLOAT)) as min_column12, max(CAST(column12 AS FLOAT)) as max_column12, sum(CAST(column12 AS FLOAT)) as sum_column12, avg(CAST(column12 AS FLOAT)) as avg_column12, count(CAST(column17 AS FLOAT)) as count_column17, min(CAST(column17 AS FLOAT)) as min_column17, max(CAST(column17 AS FLOAT)) as max_column17, sum(CAST(column17 AS FLOAT)) as sum_column17, avg(CAST(column17 AS FLOAT)) as avg_column17, count(CAST(column04 AS FLOAT)) as count_column04, min(CAST(column04 AS FLOAT)) as min_column04, max(CAST(column04 AS FLOAT)) as max_column04, sum(CAST(column04 AS FLOAT)) as sum_column04, avg(CAST(column04 AS FLOAT)) as avg_column04, count(CAST(column03 AS FLOAT)) as count_column03, min(CAST(column03 AS FLOAT)) as min_column03, max(CAST(column03 AS FLOAT)) as max_column03, sum(CAST(column03 AS FLOAT)) as sum_column03, avg(CAST(column03 AS FLOAT)) as avg_column03 from read_csv_auto('/data-nonraid/maroulis/data/taxi_data/yellow_tripdata_2014_cleaned.csv', ignore_errors = true) where CAST(column05 AS FLOAT) > CAST(-73.98575 AS FLOAT) AND CAST(column05 AS FLOAT) < CAST(-73.9795 AS FLOAT) AND CAST(column06 AS FLOAT) > CAST(40.754654 AS FLOAT) AND CAST(column06 AS FLOAT) < CAST(40.757782 AS FLOAT) AND (column12 >= 0.0 AND column12 <= 400.0 AND column04 <= 1000.0);",0,"{17=StatsDuckDB{count=1310430, min=0.0000, max=400.0000, sum=19321813.7663, mean=14.7446, sumOfSquares=NaN}, 3=StatsDuckDB{count=1310430, min=0.0000, max=8.0000, sum=2293299.0000, mean=1.7500, sumOfSquares=NaN}, 4=StatsDuckDB{count=1310430, min=0.0000, max=100.0000, sum=3566997.9599, mean=2.7220, sumOfSquares=NaN}, 12=StatsDuckDB{count=1310430, min=0.0000, max=400.0000, sum=15942340.2201, mean=12.1657, sumOfSquares=NaN}}","{17=1.932181376628232E7, 3=2293299.0, 4=3566997.95992063, 12=1.5942340220096359E7}"
/data-nonraid/maroulis/data/taxi_data/yellow_tripdata_2014_cleaned.csv,directCSV,23,1,18.286194499,"select count(CAST(column12 AS FLOAT)) as count_column12, min(CAST(column12 AS FLOAT)) as min_column12, max(CAST(column12 AS FLOAT)) as max_column12, sum(CAST(column12 AS FLOAT)) as sum_column12, avg(CAST(column12 AS FLOAT)) as avg_column12, count(CAST(column17 AS FLOAT)) as count_column17, min(CAST(column17 AS FLOAT)) as min_column17, max(CAST(column17 AS FLOAT)) as max_column17, sum(CAST(column17 AS FLOAT)) as sum_column17, avg(CAST(column17 AS FLOAT)) as avg_column17, count(CAST(column04 AS FLOAT)) as count_column04, min(CAST(column04 AS FLOAT)) as min_column04, max(CAST(column04 AS FLOAT)) as max_column04, sum(CAST(column04 AS FLOAT)) as sum_column04, avg(CAST(column04 AS FLOAT)) as avg_column04, count(CAST(column03 AS FLOAT)) as count_column03, min(CAST(column03 AS FLOAT)) as min_column03, max(CAST(column03 AS FLOAT)) as max_column03, sum(CAST(column03 AS FLOAT)) as sum_column03, avg(CAST(column03 AS FLOAT)) as avg_column03 from read_csv_auto('/data-nonraid/maroulis/data/taxi_data/yellow_tripdata_2014_cleaned.csv', ignore_errors = true) where CAST(column05 AS FLOAT) > CAST(-73.98575 AS FLOAT) AND CAST(column05 AS FLOAT) < CAST(-73.9795 AS FLOAT) AND CAST(column06 AS FLOAT) > CAST(40.75403 AS FLOAT) AND CAST(column06 AS FLOAT) < CAST(40.757156 AS FLOAT) AND (column12 >= 0.0 AND column12 <= 400.0 AND column04 <= 1000.0);",0,"{17=StatsDuckDB{count=1309902, min=0.0000, max=400.0000, sum=18938857.1690, mean=14.4582, sumOfSquares=NaN}, 3=StatsDuckDB{count=1309902, min=0.0000, max=8.0000, sum=2269751.0000, mean=1.7328, sumOfSquares=NaN}, 4=StatsDuckDB{count=1309902, min=0.0000, max=100.0000, sum=3458848.8299, mean=2.6405, sumOfSquares=NaN}, 12=StatsDuckDB{count=1309902, min=0.0000, max=400.0000, sum=15581689.7901, mean=11.8953, sumOfSquares=NaN}}","{17=1.893885716904545E7, 3=2269751.0, 4=3458848.829902217, 12=1.5581689790086756E7}"
/data-nonraid/maroulis/data/taxi_data/yellow_tripdata_2014_cleaned.csv,directCSV,24,1,18.164403066,"select count(CAST(column12 AS FLOAT)) as count_column12, min(CAST(column12 AS FLOAT)) as min_column12, max(CAST(column12 AS FLOAT)) as max_column12, sum(CAST(column12 AS FLOAT)) as sum_column12, avg(CAST(column12 AS FLOAT)) as avg_column12, count(CAST(column17 AS FLOAT)) as count_column17, min(CAST(column17 AS FLOAT)) as min_column17, max(CAST(column17 AS FLOAT)) as max_column17, sum(CAST(column17 AS FLOAT)) as sum_column17, avg(CAST(column17 AS FLOAT)) as avg_column17, count(CAST(column04 AS FLOAT)) as count_column04, min(CAST(column04 AS FLOAT)) as min_column04, max(CAST(column04 AS FLOAT)) as max_column04, sum(CAST(column04 AS FLOAT)) as sum_column04, avg(CAST(column04 AS FLOAT)) as avg_column04, count(CAST(column03 AS FLOAT)) as count_column03, min(CAST(column03 AS FLOAT)) as min_column03, max(CAST(column03 AS FLOAT)) as max_column03, sum(CAST(column03 AS FLOAT)) as sum_column03, avg(CAST(column03 AS FLOAT)) as avg_column03 from read_csv_auto('/data-nonraid/maroulis/data/taxi_data/yellow_tripdata_2014_cleaned.csv', ignore_errors = true) where CAST(column05 AS FLOAT) > CAST(-73.987 AS FLOAT) AND CAST(column05 AS FLOAT) < CAST(-73.98075 AS FLOAT) AND CAST(column06 AS FLOAT) > CAST(40.75403 AS FLOAT) AND CAST(column06 AS FLOAT) < CAST(40.757156 AS FLOAT) AND (column12 >= 0.0 AND column12 <= 400.0 AND column04 <= 1000.0);",0,"{17=StatsDuckDB{count=1375723, min=0.0000, max=390.0000, sum=19875106.4200, mean=14.4470, sumOfSquares=NaN}, 3=StatsDuckDB{count=1375723, min=0.0000, max=8.0000, sum=2397326.0000, mean=1.7426, sumOfSquares=NaN}, 4=StatsDuckDB{count=1375723, min=0.0000, max=100.0000, sum=3670446.4200, mean=2.6680, sumOfSquares=NaN}, 12=StatsDuckDB{count=1375723, min=0.0000, max=300.0000, sum=16374922.4601, mean=11.9028, sumOfSquares=NaN}}","{17=1.9875106420021057E7, 3=2397326.0, 4=3670446.4199502133, 12=1.6374922460084448E7}"
/data-nonraid/maroulis/data/taxi_data/yellow_tripdata_2014_cleaned.csv,directCSV,25,1,18.428929344,"select count(CAST(column12 AS FLOAT)) as count_column12, min(CAST(column12 AS FLOAT)) as min_column12, max(CAST(column12 AS FLOAT)) as max_column12, sum(CAST(column12 AS FLOAT)) as sum_column12, avg(CAST(column12 AS FLOAT)) as avg_column12, count(CAST(column17 AS FLOAT)) as count_column17, min(CAST(column17 AS FLOAT)) as min_column17, max(CAST(column17 AS FLOAT)) as max_column17, sum(CAST(column17 AS FLOAT)) as sum_column17, avg(CAST(column17 AS FLOAT)) as avg_column17, count(CAST(column04 AS FLOAT)) as count_column04, min(CAST(column04 AS FLOAT)) as min_column04, max(CAST(column04 AS FLOAT)) as max_column04, sum(CAST(column04 AS FLOAT)) as sum_column04, avg(CAST(column04 AS FLOAT)) as avg_column04, count(CAST(column03 AS FLOAT)) as count_column03, min(CAST(column03 AS FLOAT)) as min_column03, max(CAST(column03 AS FLOAT)) as max_column03, sum(CAST(column03 AS FLOAT)) as sum_column03, avg(CAST(column03 AS FLOAT)) as avg_column03 from read_csv_auto('/data-nonraid/maroulis/data/taxi_data/yellow_tripdata_2014_cleaned.csv', ignore_errors = true) where CAST(column05 AS FLOAT) > CAST(-73.987 AS FLOAT) AND CAST(column05 AS FLOAT) < CAST(-73.98075 AS FLOAT) AND CAST(column06 AS FLOAT) > CAST(40.753498 AS FLOAT) AND CAST(column06 AS FLOAT) < CAST(40.756626 AS FLOAT) AND (column12 >= 0.0 AND column12 <= 400.0 AND column04 <= 1000.0);",0,"{17=StatsDuckDB{count=1254817, min=0.0000, max=495.5000, sum=17985424.4500, mean=14.3331, sumOfSquares=NaN}, 3=StatsDuckDB{count=1254817, min=0.0000, max=8.0000, sum=2168300.0000, mean=1.7280, sumOfSquares=NaN}, 4=StatsDuckDB{count=1254817, min=0.0000, max=100.0000, sum=3295683.5400, mean=2.6264, sumOfSquares=NaN}, 12=StatsDuckDB{count=1254817, min=0.0000, max=395.2000, sum=14773251.2001, mean=11.7732, sumOfSquares=NaN}}","{17=1.7985424450021505E7, 3=2168300.0, 4=3295683.539960865, 12=1.4773251200084219E7}"
/data-nonraid/maroulis/data/taxi_data/yellow_tripdata_2014_cleaned.csv,directCSV,26,1,18.049726313,"select count(CAST(column12 AS FLOAT)) as count_column12, min(CAST(column12 AS FLOAT)) as min_column12, max(CAST(column12 AS FLOAT)) as max_column12, sum(CAST(column12 AS FLOAT)) as sum_column12, avg(CAST(column12 AS FLOAT)) as avg_column12, count(CAST(column17 AS FLOAT)) as count_column17, min(CAST(column17 AS FLOAT)) as min_column17, max(CAST(column17 AS FLOAT)) as max_column17, sum(CAST(column17 AS FLOAT)) as sum_column17, avg(CAST(column17 AS FLOAT)) as avg_column17, count(CAST(column04 AS FLOAT)) as count_column04, min(CAST(column04 AS FLOAT)) as min_column04, max(CAST(column04 AS FLOAT)) as max_column04, sum(CAST(column04 AS FLOAT)) as sum_column04, avg(CAST(column04 AS FLOAT)) as avg_column04, count(CAST(column03 AS FLOAT)) as count_column03, min(CAST(column03 AS FLOAT)) as min_column03, max(CAST(column03 AS FLOAT)) as max_column03, sum(CAST(column03 AS FLOAT)) as sum_column03, avg(CAST(column03 AS FLOAT)) as avg_column03 from read_csv_auto('/data-nonraid/maroulis/data/taxi_data/yellow_tripdata_2014_cleaned.csv', ignore_errors = true) where CAST(column05 AS FLOAT) > CAST(-73.98594 AS FLOAT) AND CAST(column05 AS FLOAT) < CAST(-73.97969 AS FLOAT) AND CAST(column06 AS FLOAT) > CAST(40.753498 AS FLOAT) AND CAST(column06 AS FLOAT) < CAST(40.756626 AS FLOAT) AND (column12 >= 0.0 AND column12 <= 400.0 AND column04 <= 1000.0);",0,"{17=StatsDuckDB{count=1270023, min=0.0000, max=495.5000, sum=18073873.0614, mean=14.2311, sumOfSquares=NaN}, 3=StatsDuckDB{count=1270023, min=0.0000, max=8.0000, sum=2186445.0000, mean=1.7216, sumOfSquares=NaN}, 4=StatsDuckDB{count=1270023, min=0.0000, max=100.0000, sum=3275785.2599, mean=2.5793, sumOfSquares=NaN}, 12=StatsDuckDB{count=1270023, min=0.0000, max=395.2000, sum=14837071.3901, mean=11.6825, sumOfSquares=NaN}}","{17=1.80738730614326E7, 3=2186445.0, 4=3275785.2599046603, 12=1.4837071390092382E7}"
/data-nonraid/maroulis/data/taxi_data/yellow_tripdata_2014_cleaned.csv,directCSV,27,1,18.390809924,"select count(CAST(column12 AS FLOAT)) as count_column12, min(CAST(column12 AS FLOAT)) as min_column12, max(CAST(column12 AS FLOAT)) as max_column12, sum(CAST(column12 AS FLOAT)) as sum_column12, avg(CAST(column12 AS FLOAT)) as avg_column12, count(CAST(column17 AS FLOAT)) as count_column17, min(CAST(column17 AS FLOAT)) as min_column17, max(CAST(column17 AS FLOAT)) as max_column17, sum(CAST(column17 AS FLOAT)) as sum_column17, avg(CAST(column17 AS FLOAT)) as avg_column17, count(CAST(column04 AS FLOAT)) as count_column04, min(CAST(column04 AS FLOAT)) as min_column04, max(CAST(column04 AS FLOAT)) as max_column04, sum(CAST(column04 AS FLOAT)) as sum_column04, avg(CAST(column04 AS FLOAT)) as avg_column04, count(CAST(column03 AS FLOAT)) as count_column03, min(CAST(column03 AS FLOAT)) as min_column03, max(CAST(column03 AS FLOAT)) as max_column03, sum(CAST(column03 AS FLOAT)) as sum_column03, avg(CAST(column03 AS FLOAT)) as avg_column03 from read_csv_auto('/data-nonraid/maroulis/data/taxi_data/yellow_tripdata_2014_cleaned.csv', ignore_errors = true) where CAST(column05 AS FLOAT) > CAST(-73.98475 AS FLOAT) AND CAST(column05 AS FLOAT) < CAST(-73.9785 AS FLOAT) AND CAST(column06 AS FLOAT) > CAST(40.753498 AS FLOAT) AND CAST(column06 AS FLOAT) < CAST(40.756626 AS FLOAT) AND (column12 >= 0.0 AND column12 <= 400.0 AND column04 <= 1000.0);",0,"{17=StatsDuckDB{count=1377304, min=0.0000, max=410.0000, sum=19190527.6810, mean=13.9334, sumOfSquares=NaN}, 3=StatsDuckDB{count=1377304, min=0.0000, max=8.0000, sum=2356531.0000, mean=1.7110, sumOfSquares=NaN}, 4=StatsDuckDB{count=1377304, min=0.0000, max=100.0000, sum=3436790.9199, mean=2.4953, sumOfSquares=NaN}, 12=StatsDuckDB{count=1377304, min=0.0000, max=400.0000, sum=15779384.0001, mean=11.4567, sumOfSquares=NaN}}","{17=1.9190527680950165E7, 3=2356531.0, 4=3436790.919862343, 12=1.5779384000088463E7}"
/data-nonraid/maroulis/data/taxi_data/yellow_tripdata_2014_cleaned.csv,directCSV,28,1,18.583294247,"select count(CAST(column12 AS FLOAT)) as count_column12, min(CAST(column12 AS FLOAT)) as min_column12, max(CAST(column12 AS FLOAT)) as max_column12, sum(CAST(column12 AS FLOAT)) as sum_column12, avg(CAST(column12 AS FLOAT)) as avg_column12, count(CAST(column17 AS FLOAT)) as count_column17, min(CAST(column17 AS FLOAT)) as min_column17, max(CAST(column17 AS FLOAT)) as max_column17, sum(CAST(column17 AS FLOAT)) as sum_column17, avg(CAST(column17 AS FLOAT)) as avg_column17, count(CAST(column04 AS FLOAT)) as count_column04, min(CAST(column04 AS FLOAT)) as min_column04, max(CAST(column04 AS FLOAT)) as max_column04, sum(CAST(column04 AS FLOAT)) as sum_column04, avg(CAST(column04 AS FLOAT)) as avg_column04, count(CAST(column03 AS FLOAT)) as count_column03, min(CAST(column03 AS FLOAT)) as min_column03, max(CAST(column03 AS FLOAT)) as max_column03, sum(CAST(column03 AS FLOAT)) as sum_column03, avg(CAST(column03 AS FLOAT)) as avg_column03 from read_csv_auto('/data-nonraid/maroulis/data/taxi_data/yellow_tripdata_2014_cleaned.csv', ignore_errors = true) where CAST(column05 AS FLOAT) > CAST(-73.986 AS FLOAT) AND CAST(column05 AS FLOAT) < CAST(-73.97975 AS FLOAT) AND CAST(column06 AS FLOAT) > CAST(40.753498 AS FLOAT) AND CAST(column06 AS FLOAT) < CAST(40.756626 AS FLOAT) AND (column12 >= 0.0 AND column12 <= 400.0 AND column04 <= 1000.0);",0,"{17=StatsDuckDB{count=1264870, min=0.0000, max=495.5000, sum=18020043.9414, mean=14.2466, sumOfSquares=NaN}, 3=StatsDuckDB{count=1264870, min=0.0000, max=8.0000, sum=2177645.0000, mean=1.7216, sumOfSquares=NaN}, 4=StatsDuckDB{count=1264870, min=0.0000, max=100.0000, sum=3268066.2199, mean=2.5837, sumOfSquares=NaN}, 12=StatsDuckDB{count=1264870, min=0.0000, max=395.2000, sum=14792259.3901, mean=11.6947, sumOfSquares=NaN}}","{17=1.8020043941367865E7, 3=2177645.0, 4=3268066.2199253645, 12=1.4792259390092382E7}"
/data-nonraid/maroulis/data/taxi_data/yellow_tripdata_2014_cleaned.csv,directCSV,29,1,18.220960603,"select count(CAST(column12 AS FLOAT)) as count_column12, min(CAST(column12 AS FLOAT)) as min_column12, max(CAST(column12 AS FLOAT)) as max_column12, sum(CAST(column12 AS FLOAT)) as sum_column12, avg(CAST(column12 AS FLOAT)) as avg_column12, count(CAST(column17 AS FLOAT)) as count_column17, min(CAST(column17 AS FLOAT)) as min_column17, max(CAST(column17 AS FLOAT)) as max_column17, sum(CAST(column17 AS FLOAT)) as sum_column17, avg(CAST(column17 AS FLOAT)) as avg_column17, count(CAST(column04 AS FLOAT)) as count_column04, min(CAST(column04 AS FLOAT)) as min_column04, max(CAST(column04 AS FLOAT)) as max_column04, sum(CAST(column04 AS FLOAT)) as sum_column04, avg(CAST(column04 AS FLOAT)) as avg_column04, count(CAST(column03 AS FLOAT)) as count_column03, min(CAST(column03 AS FLOAT)) as min_column03, max(CAST(column03 AS FLOAT)) as max_column03, sum(CAST(column03 AS FLOAT)) as sum_column03, avg(CAST(column03 AS FLOAT)) as avg_column03 from read_csv_auto('/data-nonraid/maroulis/data/taxi_data/yellow_tripdata_2014_cleaned.csv', ignore_errors = true) where CAST(column05 AS FLOAT) > CAST(-73.98512 AS FLOAT) AND CAST(column05 AS FLOAT) < CAST(-73.978874 AS FLOAT) AND CAST(column06 AS FLOAT) > CAST(40.753498 AS FLOAT) AND CAST(column06 AS FLOAT) < CAST(40.756626 AS FLOAT) AND (column12 >= 0.0 AND column12 <= 400.0 AND column04 <= 1000.0);",0,"{17=StatsDuckDB{count=1355854, min=0.0000, max=495.5000, sum=19007947.1613, mean=14.0192, sumOfSquares=NaN}, 3=StatsDuckDB{count=1355854, min=0.0000, max=8.0000, sum=2325253.0000, mean=1.7150, sumOfSquares=NaN}, 4=StatsDuckDB{count=1355854, min=0.0000, max=100.0000, sum=3417339.5999, mean=2.5204, sumOfSquares=NaN}, 12=StatsDuckDB{count=1355854, min=0.0000, max=400.0000, sum=15619510.0901, mean=11.5201, sumOfSquares=NaN}}","{17=1.9007947161345482E7, 3=2325253.0, 4=3417339.599914402, 12=1.5619510090086708E7}"
/data-nonraid/maroulis/data/taxi_data/yellow_tripdata_2014_cleaned.csv,directCSV,30,1,18.570892673,"select count(CAST(column12 AS FLOAT)) as count_column12, min(CAST(column12 AS FLOAT)) as min_column12, max(CAST(column12 AS FLOAT)) as max_column12, sum(CAST(column12 AS FLOAT)) as sum_column12, avg(CAST(column12 AS FLOAT)) as avg_column12, count(CAST(column17 AS FLOAT)) as count_column17, min(CAST(column17 AS FLOAT)) as min_column17, max(CAST(column17 AS FLOAT)) as max_column17, sum(CAST(column17 AS FLOAT)) as sum_column17, avg(CAST(column17 AS FLOAT)) as avg_column17, count(CAST(column04 AS FLOAT)) as count_column04, min(CAST(column04 AS FLOAT)) as min_column04, max(CAST(column04 AS FLOAT)) as max_column04, sum(CAST(column04 AS FLOAT)) as sum_column04, avg(CAST(column04 AS FLOAT)) as avg_column04, count(CAST(column03 AS FLOAT)) as count_column03, min(CAST(column03 AS FLOAT)) as min_column03, max(CAST(column03 AS FLOAT)) as max_column03, sum(CAST(column03 AS FLOAT)) as sum_column03, avg(CAST(column03 AS FLOAT)) as avg_column03 from read_csv_auto('/data-nonraid/maroulis/data/taxi_data/yellow_tripdata_2014_cleaned.csv', ignore_errors = true) where CAST(column05 AS FLOAT) > CAST(-73.984436 AS FLOAT) AND CAST(column05 AS FLOAT) < CAST(-73.97819 AS FLOAT) AND CAST(column06 AS FLOAT) > CAST(40.753498 AS FLOAT) AND CAST(column06 AS FLOAT) < CAST(40.756626 AS FLOAT) AND (column12 >= 0.0 AND column12 <= 400.0 AND column04 <= 1000.0);",0,"{17=StatsDuckDB{count=1366790, min=0.0000, max=410.0000, sum=18978621.1801, mean=13.8855, sumOfSquares=NaN}, 3=StatsDuckDB{count=1366790, min=0.0000, max=8.0000, sum=2337236.0000, mean=1.7100, sumOfSquares=NaN}, 4=StatsDuckDB{count=1366790, min=0.0000, max=100.0000, sum=3390428.7398, mean=2.4806, sumOfSquares=NaN}, 12=StatsDuckDB{count=1366790, min=0.0000, max=400.0000, sum=15615247.4901, mean=11.4248, sumOfSquares=NaN}}","{17=1.8978621180093527E7, 3=2337236.0, 4=3390428.7398438025, 12=1.561524749008728E7}"
/data-nonraid/maroulis/data/taxi_data/yellow_tripdata_2014_cleaned.csv,directCSV,31,1,18.614434345,"select count(CAST(column12 AS FLOAT)) as count_column12, min(CAST(column12 AS FLOAT)) as min_column12, max(CAST(column12 AS FLOAT)) as max_column12, sum(CAST(column12 AS FLOAT)) as sum_column12, avg(CAST(column12 AS FLOAT)) as avg_column12, count(CAST(column17 AS FLOAT)) as count_column17, min(CAST(column17 AS FLOAT)) as min_column17, max(CAST(column17 AS FLOAT)) as max_column17, sum(CAST(column17 AS FLOAT)) as sum_column17, avg(CAST(column17 AS FLOAT)) as avg_column17, count(CAST(column04 AS FLOAT)) as count_column04, min(CAST(column04 AS FLOAT)) as min_column04, max(CAST(column04 AS FLOAT)) as max_column04, sum(CAST(column04 AS FLOAT)) as sum_column04, avg(CAST(column04 AS FLOAT)) as avg_column04, count(CAST(column03 AS FLOAT)) as count_column03, min(CAST(column03 AS FLOAT)) as min_column03, max(CAST(column03 AS FLOAT)) as max_column03, sum(CAST(column03 AS FLOAT)) as sum_column03, avg(CAST(column03 AS FLOAT)) as avg_column03 from read_csv_auto('/data-nonraid/maroulis/data/taxi_data/yellow_tripdata_2014_cleaned.csv', ignore_errors = true) where CAST(column05 AS FLOAT) > CAST(-73.985435 AS FLOAT) AND CAST(column05 AS FLOAT) < CAST(-73.97919 AS FLOAT) AND CAST(column06 AS FLOAT) > CAST(40.753498 AS FLOAT) AND CAST(column06 AS FLOAT) < CAST(40.756626 AS FLOAT) AND (column12 >= 0.0 AND column12 <= 400.0 AND column04 <= 1000.0);",0,"{17=StatsDuckDB{count=1315587, min=0.0000, max=495.5000, sum=18560380.3910, mean=14.1081, sumOfSquares=NaN}, 3=StatsDuckDB{count=1315587, min=0.0000, max=8.0000, sum=2260477.0000, mean=1.7182, sumOfSquares=NaN}, 4=StatsDuckDB{count=1315587, min=0.0000, max=100.0000, sum=3346760.5699, mean=2.5439, sumOfSquares=NaN}, 12=StatsDuckDB{count=1315587, min=0.0000, max=400.0000, sum=15243673.2701, mean=11.5870, sumOfSquares=NaN}}","{17=1.856038039096856E7, 3=2260477.0, 4=3346760.5699060895, 12=1.5243673270084152E7}"
/data-nonraid/maroulis/data/taxi_data/yellow_tripdata_2014_cleaned.csv,directCSV,32,1,18.416722849,"select count(CAST(column12 AS FLOAT)) as count_column12, min(CAST(column12 AS FLOAT)) as min_column12, max(CAST(column12 AS FLOAT)) as max_column12, sum(CAST(column12 AS FLOAT)) as sum_column12, avg(CAST(column12 AS FLOAT)) as avg_column12, count(CAST(column17 AS FLOAT)) as count_column17, min(CAST(column17 AS FLOAT)) as min_column17, max(CAST(column17 AS FLOAT)) as max_column17, sum(CAST(column17 AS FLOAT)) as sum_column17, avg(CAST(column17 AS FLOAT)) as avg_column17, count(CAST(column04 AS FLOAT)) as count_column04, min(CAST(column04 AS FLOAT)) as min_column04, max(CAST(column04 AS FLOAT)) as max_column04, sum(CAST(column04 AS FLOAT)) as sum_column04, avg(CAST(column04 AS FLOAT)) as avg_column04, count(CAST(column03 AS FLOAT)) as count_column03, min(CAST(column03 AS FLOAT)) as min_column03, max(CAST(column03 AS FLOAT)) as max_column03, sum(CAST(column03 AS FLOAT)) as sum_column03, avg(CAST(column03 AS FLOAT)) as avg_column03 from read_csv_auto('/data-nonraid/maroulis/data/taxi_data/yellow_tripdata_2014_cleaned.csv', ignore_errors = true) where CAST(column05 AS FLOAT) > CAST(-73.98463 AS FLOAT) AND CAST(column05 AS FLOAT) < CAST(-73.97838 AS FLOAT) AND CAST(column06 AS FLOAT) > CAST(40.753498 AS FLOAT) AND CAST(column06 AS FLOAT) < CAST(40.756626 AS FLOAT) AND (column12 >= 0.0 AND column12 <= 400.0 AND column04 <= 1000.0);",0,"{17=StatsDuckDB{count=1375792, min=0.0000, max=410.0000, sum=19143112.0007, mean=13.9142, sumOfSquares=NaN}, 3=StatsDuckDB{count=1375792, min=0.0000, max=8.0000, sum=2352397.0000, mean=1.7098, sumOfSquares=NaN}, 4=StatsDuckDB{count=1375792, min=0.0000, max=100.0000, sum=3425343.8298, mean=2.4897, sumOfSquares=NaN}, 12=StatsDuckDB{count=1375792, min=0.0000, max=400.0000, sum=15744525.0901, mean=11.4440, sumOfSquares=NaN}}","{17=1.914311200065732E7, 3=2352397.0, 4=3425343.829838354, 12=1.5744525090087662E7}"
/data-nonraid/maroulis/data/taxi_data/yellow_tripdata_2014_cleaned.csv,directCSV,33,1,18.423509396,"select count(CAST(column12 AS FLOAT)) as count_column12, min(CAST(column12 AS FLOAT)) as min_column12, max(CAST(column12 AS FLOAT)) as max_column12, sum(CAST(column12 AS FLOAT)) as sum_column12, avg(CAST(column12 AS FLOAT)) as avg_column12, count(CAST(column17 AS FLOAT)) as count_column17, min(CAST(column17 AS FLOAT)) as min_column17, max(CAST(column17 AS FLOAT)) as max_column17, sum(CAST(column17 AS FLOAT)) as sum_column17, avg(CAST(column17 AS FLOAT)) as avg_column17, count(CAST(column04 AS FLOAT)) as count_column04, min(CAST(column04 AS FLOAT)) as min_column04, max(CAST(column04 AS FLOAT)) as max_column04, sum(CAST(column04 AS FLOAT)) as sum_column04, avg(CAST(column04 AS FLOAT)) as avg_column04, count(CAST(column03 AS FLOAT)) as count_column03, min(CAST(column03 AS FLOAT)) as min_column03, max(CAST(column03 AS FLOAT)) as max_column03, sum(CAST(column03 AS FLOAT)) as sum_column03, avg(CAST(column03 AS FLOAT)) as avg_column03 from read_csv_auto('/data-nonraid/maroulis/data/taxi_data/yellow_tripdata_2014_cleaned.csv', ignore_errors = true) where CAST(column05 AS FLOAT) > CAST(-73.985504 AS FLOAT) AND CAST(column05 AS FLOAT) < CAST(-73.979256 AS FLOAT) AND CAST(column06 AS FLOAT) > CAST(40.753498 AS FLOAT) AND CAST(column06 AS FLOAT) < CAST(40.756626 AS FLOAT) AND (column12 >= 0.0 AND column12 <= 400.0 AND column04 <= 1000.0);",0,"{17=StatsDuckDB{count=1307327, min=0.0000, max=495.5000, sum=18468120.4808, mean=14.1266, sumOfSquares=NaN}, 3=StatsDuckDB{count=1307327, min=0.0000, max=8.0000, sum=2247034.0000, mean=1.7188, sumOfSquares=NaN}, 4=StatsDuckDB{count=1307327, min=0.0000, max=100.0000, sum=3331878.8999, mean=2.5486, sumOfSquares=NaN}, 12=StatsDuckDB{count=1307327, min=0.0000, max=400.0000, sum=15165764.7501, mean=11.6006, sumOfSquares=NaN}}","{17=1.8468120480807066E7, 3=2247034.0, 4=3331878.8999109715, 12=1.5165764750087509E7}"
/data-nonraid/maroulis/data/taxi_data/yellow_tripdata_2014_cleaned.csv,directCSV,34,1,18.562131731,"select count(CAST(column12 AS FLOAT)) as count_column12, min(CAST(column12 AS FLOAT)) as min_column12, max(CAST(column12 AS FLOAT)) as max_column12, sum(CAST(column12 AS FLOAT)) as sum_column12, avg(CAST(column12 AS FLOAT)) as avg_column12, count(CAST(column17 AS FLOAT)) as count_column17, min(CAST(column17 AS FLOAT)) as min_column17, max(CAST(column17 AS FLOAT)) as max_column17, sum(CAST(column17 AS FLOAT)) as sum_column17, avg(CAST(column17 AS FLOAT)) as avg_column17, count(CAST(column04 AS FLOAT)) as count_column04, min(CAST(column04 AS FLOAT)) as min_column04, max(CAST(column04 AS FLOAT)) as max_column04, sum(CAST(column04 AS FLOAT)) as sum_column04, avg(CAST(column04 AS FLOAT)) as avg_column04, count(CAST(column03 AS FLOAT)) as count_column03, min(CAST(column03 AS FLOAT)) as min_column03, max(CAST(column03 AS FLOAT)) as max_column03, sum(CAST(column03 AS FLOAT)) as sum_column03, avg(CAST(column03 AS FLOAT)) as avg_column03 from read_csv_auto('/data-nonraid/maroulis/data/taxi_data/yellow_tripdata_2014_cleaned.csv', ignore_errors = true) where CAST(column05 AS FLOAT) > CAST(-73.98482 AS FLOAT) AND CAST(column05 AS FLOAT) < CAST(-73.97857 AS FLOAT) AND CAST(column06 AS FLOAT) > CAST(40.753498 AS FLOAT) AND CAST(column06 AS FLOAT) < CAST(40.756626 AS FLOAT) AND (column12 >= 0.0 AND column12 <= 400.0 AND column04 <= 1000.0);",0,"{17=StatsDuckDB{count=1375351, min=0.0000, max=410.0000, sum=19186434.4212, mean=13.9502, sumOfSquares=NaN}, 3=StatsDuckDB{count=1375351, min=0.0000, max=8.0000, sum=2354513.0000, mean=1.7119, sumOfSquares=NaN}, 4=StatsDuckDB{count=1375351, min=0.0000, max=100.0000, sum=3438748.2299, mean=2.5003, sumOfSquares=NaN}, 12=StatsDuckDB{count=1375351, min=0.0000, max=400.0000, sum=15774439.3401, mean=11.4694, sumOfSquares=NaN}}","{17=1.9186434421200752E7, 3=2354513.0, 4=3438748.229852207, 12=1.5774439340086708E7}"
/data-nonraid/maroulis/data/taxi_data/yellow_tripdata_2014_cleaned.csv,directCSV,35,1,18.458685731,"select count(CAST(column12 AS FLOAT)) as count_column12, min(CAST(column12 AS FLOAT)) as min_column12, max(CAST(column12 AS FLOAT)) as max_column12, sum(CAST(column12 AS FLOAT)) as sum_column12, avg(CAST(column12 AS FLOAT)) as avg_column12, count(CAST(column17 AS FLOAT)) as count_column17, min(CAST(column17 AS FLOAT)) as min_column17, max(CAST(column17 AS FLOAT)) as max_column17, sum(CAST(column17 AS FLOAT)) as sum_column17, avg(CAST(column17 AS FLOAT)) as avg_column17, count(CAST(column04 AS FLOAT)) as count_column04, min(CAST(column04 AS FLOAT)) as min_column04, max(CAST(column04 AS FLOAT)) as max_column04, sum(CAST(column04 AS FLOAT)) as sum_column04, avg(CAST(column04 AS FLOAT)) as avg_column04, count(CAST(column03 AS FLOAT)) as count_column03, min(CAST(column03 AS FLOAT)) as min_column03, max(CAST(column03 AS FLOAT)) as max_column03, sum(CAST(column03 AS FLOAT)) as sum_column03, avg(CAST(column03 AS FLOAT)) as avg_column03 from read_csv_auto('/data-nonraid/maroulis/data/taxi_data/yellow_tripdata_2014_cleaned.csv', ignore_errors = true) where CAST(column05 AS FLOAT) > CAST(-73.98419 AS FLOAT) AND CAST(column05 AS FLOAT) < CAST(-73.97794 AS FLOAT) AND CAST(column06 AS FLOAT) > CAST(40.753498 AS FLOAT) AND CAST(column06 AS FLOAT) < CAST(40.756626 AS FLOAT) AND (column12 >= 0.0 AND column12 <= 400.0 AND column04 <= 1000.0);",0,"{17=StatsDuckDB{count=1344716, min=0.0000, max=410.0000, sum=18636335.7193, mean=13.8589, sumOfSquares=NaN}, 3=StatsDuckDB{count=1344716, min=0.0000, max=8.0000, sum=2302738.0000, mean=1.7124, sumOfSquares=NaN}, 4=StatsDuckDB{count=1344716, min=0.0000, max=100.0000, sum=3323252.1399, mean=2.4713, sumOfSquares=NaN}, 12=StatsDuckDB{count=1344716, min=0.0000, max=400.0000, sum=15347601.9901, mean=11.4133, sumOfSquares=NaN}}","{17=1.8636335719257355E7, 3=2302738.0, 4=3323252.139874831, 12=1.5347601990089187E7}"
/data-nonraid/maroulis/data/taxi_data/yellow_tripdata_2014_cleaned.csv,directCSV,36,1,18.448547015,"select count(CAST(column12 AS FLOAT)) as count_column12, min(CAST(column12 AS FLOAT)) as min_column12, max(CAST(column12 AS FLOAT)) as max_column12, sum(CAST(column12 AS FLOAT)) as sum_column12, avg(CAST(column12 AS FLOAT)) as avg_column12, count(CAST(column17 AS FLOAT)) as count_column17, min(CAST(column17 AS FLOAT)) as min_column17, max(CAST(column17 AS FLOAT)) as max_column17, sum(CAST(column17 AS FLOAT)) as sum_column17, avg(CAST(column17 AS FLOAT)) as avg_column17, count(CAST(column04 AS FLOAT)) as count_column04, min(CAST(column04 AS FLOAT)) as min_column04, max(CAST(column04 AS FLOAT)) as max_column04, sum(CAST(column04 AS FLOAT)) as sum_column04, avg(CAST(column04 AS FLOAT)) as avg_column04, count(CAST(column03 AS FLOAT)) as count_column03, min(CAST(column03 AS FLOAT)) as min_column03, max(CAST(column03 AS FLOAT)) as max_column03, sum(CAST(column03 AS FLOAT)) as sum_column03, avg(CAST(column03 AS FLOAT)) as avg_column03 from read_csv_auto('/data-nonraid/maroulis/data/taxi_data/yellow_tripdata_2014_cleaned.csv', ignore_errors = true) where CAST(column05 AS FLOAT) > CAST(-73.983505 AS FLOAT) AND CAST(column05 AS FLOAT) < CAST(-73.97726 AS FLOAT) AND CAST(column06 AS FLOAT) > CAST(40.75384 AS FLOAT) AND CAST(column06 AS FLOAT) < CAST(40.75697 AS FLOAT) AND (column12 >= 0.0 AND column12 <= 400.0 AND column04 <= 1000.0);",0,"{17=StatsDuckDB{count=1282087, min=0.0000, max=400.0000, sum=17875346.1204, mean=13.9424, sumOfSquares=NaN}, 3=StatsDuckDB{count=1282087, min=0.0000, max=8.0000, sum=2207055.0000, mean=1.7215, sumOfSquares=NaN}, 4=StatsDuckDB{count=1282087, min=0.0000, max=100.0000, sum=3189195.0300, mean=2.4875, sumOfSquares=NaN}, 12=StatsDuckDB{count=1282087, min=0.0000, max=400.0000, sum=14771564.2401, mean=11.5215, sumOfSquares=NaN}}","{17=1.7875346120395906E7, 3=2207055.0, 4=3189195.029994609, 12=1.4771564240061054E7}"
/data-nonraid/maroulis/data/taxi_data/yellow_tripdata_2014_cleaned.csv,directCSV,37,1,18.22828437,"select count(CAST(column12 AS FLOAT)) as count_column12, min(CAST(column12 AS FLOAT)) as min_column12, max(CAST(column12 AS FLOAT)) as max_column12, sum(CAST(column12 AS FLOAT)) as sum_column12, avg(CAST(column12 AS FLOAT)) as avg_column12, count(CAST(column17 AS FLOAT)) as count_column17, min(CAST(column17 AS FLOAT)) as min_column17, max(CAST(column17 AS FLOAT)) as max_column17, sum(CAST(column17 AS FLOAT)) as sum_column17, avg(CAST(column17 AS FLOAT)) as avg_column17, count(CAST(column04 AS FLOAT)) as count_column04, min(CAST(column04 AS FLOAT)) as min_column04, max(CAST(column04 AS FLOAT)) as max_column04, sum(CAST(column04 AS FLOAT)) as sum_column04, avg(CAST(column04 AS FLOAT)) as avg_column04, count(CAST(column03 AS FLOAT)) as count_column03, min(CAST(column03 AS FLOAT)) as min_column03, max(CAST(column03 AS FLOAT)) as max_column03, sum(CAST(column03 AS FLOAT)) as sum_column03, avg(CAST(column03 AS FLOAT)) as avg_column03 from read_csv_auto('/data-nonraid/maroulis/data/taxi_data/yellow_tripdata_2014_cleaned.csv', ignore_errors = true) where CAST(column05 AS FLOAT) > CAST(-73.983505 AS FLOAT) AND CAST(column05 AS FLOAT) < CAST(-73.97726 AS FLOAT) AND CAST(column06 AS FLOAT) > CAST(40.753216 AS FLOAT) AND CAST(column06 AS FLOAT) < CAST(40.756344 AS FLOAT) AND (column12 >= 0.0 AND column12 <= 400.0 AND column04 <= 1000.0);",0,"{17=StatsDuckDB{count=1360252, min=0.0000, max=410.0000, sum=18598732.3673, mean=13.6730, sumOfSquares=NaN}, 3=StatsDuckDB{count=1360252, min=0.0000, max=8.0000, sum=2325783.0000, mean=1.7098, sumOfSquares=NaN}, 4=StatsDuckDB{count=1360252, min=0.0000, max=100.0000, sum=3282725.6300, mean=2.4133, sumOfSquares=NaN}, 12=StatsDuckDB{count=1360252, min=0.0000, max=400.0000, sum=15346322.9101, mean=11.2820, sumOfSquares=NaN}}","{17=1.859873236731673E7, 3=2325783.0, 4=3282725.630006874, 12=1.5346322910053024E7}"
/data-nonraid/maroulis/data/taxi_data/yellow_tripdata_2014_cleaned.csv,directCSV,38,1,18.576081659,"select count(CAST(column12 AS FLOAT)) as count_column12, min(CAST(column12 AS FLOAT)) as min_column12, max(CAST(column12 AS FLOAT)) as max_column12, sum(CAST(column12 AS FLOAT)) as sum_column12, avg(CAST(column12 AS FLOAT)) as avg_column12, count(CAST(column17 AS FLOAT)) as count_column17, min(CAST(column17 AS FLOAT)) as min_column17, max(CAST(column17 AS FLOAT)) as max_column17, sum(CAST(column17 AS FLOAT)) as sum_column17, avg(CAST(column17 AS FLOAT)) as avg_column17, count(CAST(column04 AS FLOAT)) as count_column04, min(CAST(column04 AS FLOAT)) as min_column04, max(CAST(column04 AS FLOAT)) as max_column04, sum(CAST(column04 AS FLOAT)) as sum_column04, avg(CAST(column04 AS FLOAT)) as avg_column04, count(CAST(column03 AS FLOAT)) as count_column03, min(CAST(column03 AS FLOAT)) as min_column03, max(CAST(column03 AS FLOAT)) as max_column03, sum(CAST(column03 AS FLOAT)) as sum_column03, avg(CAST(column03 AS FLOAT)) as avg_column03 from read_csv_auto('/data-nonraid/maroulis/data/taxi_data/yellow_tripdata_2014_cleaned.csv', ignore_errors = true) where CAST(column05 AS FLOAT) > CAST(-73.98419 AS FLOAT) AND CAST(column05 AS FLOAT) < CAST(-73.97794 AS FLOAT) AND CAST(column06 AS FLOAT) > CAST(40.753216 AS FLOAT) AND CAST(column06 AS FLOAT) < CAST(40.756344 AS FLOAT) AND (column12 >= 0.0 AND column12 <= 400.0 AND column04 <= 1000.0);",0,"{17=StatsDuckDB{count=1346641, min=0.0000, max=410.0000, sum=18533170.9167, mean=13.7625, sumOfSquares=NaN}, 3=StatsDuckDB{count=1346641, min=0.0000, max=8.0000, sum=2301257.0000, mean=1.7089, sumOfSquares=NaN}, 4=StatsDuckDB{count=1346641, min=0.0000, max=100.0000, sum=3295693.5699, mean=2.4473, sumOfSquares=NaN}, 12=StatsDuckDB{count=1346641, min=0.0000, max=400.0000, sum=15251960.0901, mean=11.3259, sumOfSquares=NaN}}","{17=1.8533170916679144E7, 3=2301257.0, 4=3295693.5699326415, 12=1.5251960090072403E7}"
/data-nonraid/maroulis/data/taxi_data/yellow_tripdata_2014_cleaned.csv,directCSV,39,1,18.485347903,"select count(CAST(column12 AS FLOAT)) as count_column12, min(CAST(column12 AS FLOAT)) as min_column12, max(CAST(column12 AS FLOAT)) as max_column12, sum(CAST(column12 AS FLOAT)) as sum_column12, avg(CAST(column12 AS FLOAT)) as avg_column12, count(CAST(column17 AS FLOAT)) as count_column17, min(CAST(column17 AS FLOAT)) as min_column17, max(CAST(column17 AS FLOAT)) as max_column17, sum(CAST(column17 AS FLOAT)) as sum_column17, avg(CAST(column17 AS FLOAT)) as avg_column17, count(CAST(column04 AS FLOAT)) as count_column04, min(CAST(column04 AS FLOAT)) as min_column04, max(CAST(column04 AS FLOAT)) as max_column04, sum(CAST(column04 AS FLOAT)) as sum_column04, avg(CAST(column04 AS FLOAT)) as avg_column04, count(CAST(column03 AS FLOAT)) as count_column03, min(CAST(column03 AS FLOAT)) as min_column03, max(CAST(column03 AS FLOAT)) as max_column03, sum(CAST(column03 AS FLOAT)) as sum_column03, avg(CAST(column03 AS FLOAT)) as avg_column03 from read_csv_auto('/data-nonraid/maroulis/data/taxi_data/yellow_tripdata_2014_cleaned.csv', ignore_errors = true) where CAST(column05 AS FLOAT) > CAST(-73.98419 AS FLOAT) AND CAST(column05 AS FLOAT) < CAST(-73.97794 AS FLOAT) AND CAST(column06 AS FLOAT) > CAST(40.752747 AS FLOAT) AND CAST(column06 AS FLOAT) < CAST(40.755875 AS FLOAT) AND (column12 >= 0.0 AND column12 <= 400.0 AND column04 <= 1000.0);",0,"{17=StatsDuckDB{count=1346067, min=3.0000, max=410.0000, sum=18402944.8231, mean=13.6716, sumOfSquares=NaN}, 3=StatsDuckDB{count=1346067, min=0.0000, max=8.0000, sum=2291823.0000, mean=1.7026, sumOfSquares=NaN}, 4=StatsDuckDB{count=1346067, min=0.0000, max=176.5000, sum=3261956.9099, mean=2.4233, sumOfSquares=NaN}, 12=StatsDuckDB{count=1346067, min=0.0100, max=400.0000, sum=15109707.5201, mean=11.2251, sumOfSquares=NaN}}","{17=1.8402944823096752E7, 3=2291823.0, 4=3261956.909861969, 12=1.5109707520069847E7}"
/data-nonraid/maroulis/data/taxi_data/yellow_tripdata_2014_cleaned.csv,directCSV,40,1,18.443216343,"select count(CAST(column12 AS FLOAT)) as count_column12, min(CAST(column12 AS FLOAT)) as min_column12, max(CAST(column12 AS FLOAT)) as max_column12, sum(CAST(column12 AS FLOAT)) as sum_column12, avg(CAST(column12 AS FLOAT)) as avg_column12, count(CAST(column17 AS FLOAT)) as count_column17, min(CAST(column17 AS FLOAT)) as min_column17, max(CAST(column17 AS FLOAT)) as max_column17, sum(CAST(column17 AS FLOAT)) as sum_column17, avg(CAST(column17 AS FLOAT)) as avg_column17, count(CAST(column04 AS FLOAT)) as count_column04, min(CAST(column04 AS FLOAT)) as min_column04, max(CAST(column04 AS FLOAT)) as max_column04, sum(CAST(column04 AS FLOAT)) as sum_column04, avg(CAST(column04 AS FLOAT)) as avg_column04, count(CAST(column03 AS FLOAT)) as count_column03, min(CAST(column03 AS FLOAT)) as min_column03, max(CAST(column03 AS FLOAT)) as max_column03, sum(CAST(column03 AS FLOAT)) as sum_column03, avg(CAST(column03 AS FLOAT)) as avg_column03 from read_csv_auto('/data-nonraid/maroulis/data/taxi_data/yellow_tripdata_2014_cleaned.csv', ignore_errors = true) where CAST(column05 AS FLOAT) > CAST(-73.98419 AS FLOAT) AND CAST(column05 AS FLOAT) < CAST(-73.97794 AS FLOAT) AND CAST(column06 AS FLOAT) > CAST(40.752308 AS FLOAT) AND CAST(column06 AS FLOAT) < CAST(40.755436 AS FLOAT) AND (column12 >= 0.0 AND column12 <= 400.0 AND column04 <= 1000.0);",0,"{17=StatsDuckDB{count=1483768, min=0.0000, max=410.0000, sum=20199048.5236, mean=13.6133, sumOfSquares=NaN}, 3=StatsDuckDB{count=1483768, min=0.0000, max=8.0000, sum=2501678.0000, mean=1.6860, sumOfSquares=NaN}, 4=StatsDuckDB{count=1483768, min=0.0000, max=176.5000, sum=3571186.0997, mean=2.4068, sumOfSquares=NaN}, 12=StatsDuckDB{count=1483768, min=0.0000, max=395.2000, sum=16573081.5100, mean=11.1696, sumOfSquares=NaN}}","{17=2.0199048523600824E7, 3=2501678.0, 4=3571186.0996732656, 12=1.657308151004507E7}"
/data-nonraid/maroulis/data/taxi_data/yellow_tripdata_2014_cleaned.csv,directCSV,41,1,18.432770865,"select count(CAST(column12 AS FLOAT)) as count_column12, min(CAST(column12 AS FLOAT)) as min_column12, max(CAST(column12 AS FLOAT)) as max_column12, sum(CAST(column12 AS FLOAT)) as sum_column12, avg(CAST(column12 AS FLOAT)) as avg_column12, count(CAST(column17 AS FLOAT)) as count_column17, min(CAST(column17 AS FLOAT)) as min_column17, max(CAST(column17 AS FLOAT)) as max_column17, sum(CAST(column17 AS FLOAT)) as sum_column17, avg(CAST(column17 AS FLOAT)) as avg_column17, count(CAST(column04 AS FLOAT)) as count_column04, min(CAST(column04 AS FLOAT)) as min_column04, max(CAST(column04 AS FLOAT)) as max_column04, sum(CAST(column04 AS FLOAT)) as sum_column04, avg(CAST(column04 AS FLOAT)) as avg_column04, count(CAST(column03 AS FLOAT)) as count_column03, min(CAST(column03 AS FLOAT)) as min_column03, max(CAST(column03 AS FLOAT)) as max_column03, sum(CAST(column03 AS FLOAT)) as sum_column03, avg(CAST(column03 AS FLOAT)) as avg_column03 from read_csv_auto('/data-nonraid/maroulis/data/taxi_data/yellow_tripdata_2014_cleaned.csv', ignore_errors = true) where CAST(column05 AS FLOAT) > CAST(-73.98419 AS FLOAT) AND CAST(column05 AS FLOAT) < CAST(-73.97794 AS FLOAT) AND CAST(column06 AS FLOAT) > CAST(40.752716 AS FLOAT) AND CAST(column06 AS FLOAT) < CAST(40.755844 AS FLOAT) AND (column12 >= 0.0 AND column12 <= 400.0 AND column04 <= 1000.0);",0,"{17=StatsDuckDB{count=1348229, min=3.0000, max=410.0000, sum=18429609.3129, mean=13.6695, sumOfSquares=NaN}, 3=StatsDuckDB{count=1348229, min=0.0000, max=8.0000, sum=2294418.0000, mean=1.7018, sumOfSquares=NaN}, 4=StatsDuckDB{count=1348229, min=0.0000, max=176.5000, sum=3266248.8199, mean=2.4226, sumOfSquares=NaN}, 12=StatsDuckDB{count=1348229, min=0.0100, max=400.0000, sum=15128362.6401, mean=11.2209, sumOfSquares=NaN}}","{17=1.8429609312936783E7, 3=2294418.0, 4=3266248.81986133, 12=1.5128362640068302E7}"
/data-nonraid/maroulis/data/taxi_data/yellow_tripdata_2014_cleaned.csv,directCSV,42,1,18.658346776,"select count(CAST(column12 AS FLOAT)) as count_column12, min(CAST(column12 AS FLOAT)) as min_column12, max(CAST(column12 AS FLOAT)) as max_column12, sum(CAST(column12 AS FLOAT)) as sum_column12, avg(CAST(column12 AS FLOAT)) as avg_column12, count(CAST(column17 AS FLOAT)) as count_column17, min(CAST(column17 AS FLOAT)) as min_column17, max(CAST(column17 AS FLOAT)) as max_column17, sum(CAST(column17 AS FLOAT)) as sum_column17, avg(CAST(column17 AS FLOAT)) as avg_column17, count(CAST(column04 AS FLOAT)) as count_column04, min(CAST(column04 AS FLOAT)) as min_column04, max(CAST(column04 AS FLOAT)) as max_column04, sum(CAST(column04 AS FLOAT)) as sum_column04, avg(CAST(column04 AS FLOAT)) as avg_column04, count(CAST(column03 AS FLOAT)) as count_column03, min(CAST(column03 AS FLOAT)) as min_column03, max(CAST(column03 AS FLOAT)) as max_column03, sum(CAST(column03 AS FLOAT)) as sum_column03, avg(CAST(column03 AS FLOAT)) as avg_column03 from read_csv_auto('/data-nonraid/maroulis/data/taxi_data/yellow_tripdata_2014_cleaned.csv', ignore_errors = true) where CAST(column05 AS FLOAT) > CAST(-73.98494 AS FLOAT) AND CAST(column05 AS FLOAT) < CAST(-73.97869 AS FLOAT) AND CAST(column06 AS FLOAT) > CAST(40.752716 AS FLOAT) AND CAST(column06 AS FLOAT) < CAST(40.755844 AS FLOAT) AND (column12 >= 0.0 AND column12 <= 400.0 AND column04 <= 1000.0);",0,"{17=StatsDuckDB{count=1308763, min=3.0000, max=410.0000, sum=18027147.6425, mean=13.7742, sumOfSquares=NaN}, 3=StatsDuckDB{count=1308763, min=0.0000, max=8.0000, sum=2222038.0000, mean=1.6978, sumOfSquares=NaN}, 4=StatsDuckDB{count=1308763, min=0.0000, max=100.0000, sum=3214179.1698, mean=2.4559, sumOfSquares=NaN}, 12=StatsDuckDB{count=1308763, min=0.0100, max=400.0000, sum=14761436.6501, mean=11.2789, sumOfSquares=NaN}}","{17=1.8027147642544985E7, 3=2222038.0, 4=3214179.1698478516, 12=1.4761436650067577E7}"
/data-nonraid/maroulis/data/taxi_data/yellow_tripdata_2014_cleaned.csv,directCSV,43,1,18.611243536,"select count(CAST(column12 AS FLOAT)) as count_column12, min(CAST(column12 AS FLOAT)) as min_column12, max(CAST(column12 AS FLOAT)) as max_column12, sum(CAST(column12 AS FLOAT)) as sum_column12, avg(CAST(column12 AS FLOAT)) as avg_column12, count(CAST(column17 AS FLOAT)) as count_column17, min(CAST(column17 AS FLOAT)) as min_column17, max(CAST(column17 AS FLOAT)) as max_column17, sum(CAST(column17 AS FLOAT)) as sum_column17, avg(CAST(column17 AS FLOAT)) as avg_column17, count(CAST(column04 AS FLOAT)) as count_column04, min(CAST(column04 AS FLOAT)) as min_column04, max(CAST(column04 AS FLOAT)) as max_column04, sum(CAST(column04 AS FLOAT)) as sum_column04, avg(CAST(column04 AS FLOAT)) as avg_column04, count(CAST(column03 AS FLOAT)) as count_column03, min(CAST(column03 AS FLOAT)) as min_column03, max(CAST(column03 AS FLOAT)) as max_column03, sum(CAST(column03 AS FLOAT)) as sum_column03, avg(CAST(column03 AS FLOAT)) as avg_column03 from read_csv_auto('/data-nonraid/maroulis/data/taxi_data/yellow_tripdata_2014_cleaned.csv', ignore_errors = true) where CAST(column05 AS FLOAT) > CAST(-73.98569 AS FLOAT) AND CAST(column05 AS FLOAT) < CAST(-73.97944 AS FLOAT) AND CAST(column06 AS FLOAT) > CAST(40.752716 AS FLOAT) AND CAST(column06 AS FLOAT) < CAST(40.755844 AS FLOAT) AND (column12 >= 0.0 AND column12 <= 400.0 AND column04 <= 1000.0);",0,"{17=StatsDuckDB{count=1264745, min=3.0000, max=495.5000, sum=17593129.6438, mean=13.9104, sumOfSquares=NaN}, 3=StatsDuckDB{count=1264745, min=0.0000, max=8.0000, sum=2158207.0000, mean=1.7064, sumOfSquares=NaN}, 4=StatsDuckDB{count=1264745, min=0.0000, max=100.0000, sum=3160557.2999, mean=2.4990, sumOfSquares=NaN}, 12=StatsDuckDB{count=1264745, min=0.0100, max=400.0000, sum=14402579.5501, mean=11.3877, sumOfSquares=NaN}}","{17=1.7593129643754005E7, 3=2158207.0, 4=3160557.299890006, 12=1.4402579550080786E7}"
/data-nonraid/maroulis/data/taxi_data/yellow_tripdata_2014_cleaned.csv,directCSV,44,1,18.498558848,"select count(CAST(column12 AS FLOAT)) as count_column12, min(CAST(column12 AS FLOAT)) as min_column12, max(CAST(column12 AS FLOAT)) as max_column12, sum(CAST(column12 AS FLOAT)) as sum_column12, avg(CAST(column12 AS FLOAT)) as avg_column12, count(CAST(column17 AS FLOAT)) as count_column17, min(CAST(column17 AS FLOAT)) as min_column17, max(CAST(column17 AS FLOAT)) as max_column17, sum(CAST(column17 AS FLOAT)) as sum_column17, avg(CAST(column17 AS FLOAT)) as avg_column17, count(CAST(column04 AS FLOAT)) as count_column04, min(CAST(column04 AS FLOAT)) as min_column04, max(CAST(column04 AS FLOAT)) as max_column04, sum(CAST(column04 AS FLOAT)) as sum_column04, avg(CAST(column04 AS FLOAT)) as avg_column04, count(CAST(column03 AS FLOAT)) as count_column03, min(CAST(column03 AS FLOAT)) as min_column03, max(CAST(column03 AS FLOAT)) as max_column03, sum(CAST(column03 AS FLOAT)) as sum_column03, avg(CAST(column03 AS FLOAT)) as avg_column03 from read_csv_auto('/data-nonraid/maroulis/data/taxi_data/yellow_tripdata_2014_cleaned.csv', ignore_errors = true) where CAST(column05 AS FLOAT) > CAST(-73.984566 AS FLOAT) AND CAST(column05 AS FLOAT) < CAST(-73.97832 AS FLOAT) AND CAST(column06 AS FLOAT) > CAST(40.752716 AS FLOAT) AND CAST(column06 AS FLOAT) < CAST(40.755844 AS FLOAT) AND (column12 >= 0.0 AND column12 <= 400.0 AND column04 <= 1000.0);",0,"{17=StatsDuckDB{count=1321278, min=3.0000, max=410.0000, sum=18133171.9322, mean=13.7240, sumOfSquares=NaN}, 3=StatsDuckDB{count=1321278, min=0.0000, max=8.0000, sum=2242026.0000, mean=1.6969, sumOfSquares=NaN}, 4=StatsDuckDB{count=1321278, min=0.0000, max=176.5000, sum=3223741.2398, mean=2.4399, sumOfSquares=NaN}, 12=StatsDuckDB{count=1321278, min=0.0100, max=400.0000, sum=14859479.3901, mean=11.2463, sumOfSquares=NaN}}","{17=1.8133171932201385E7, 3=2242026.0, 4=3223741.2398251947, 12=1.4859479390069256E7}"
/data-nonraid/maroulis/data/taxi_data/yellow_tripdata_2014_cleaned.csv,directCSV,45,1,18.479999477,"select count(CAST(column12 AS FLOAT)) as count_column12, min(CAST(column12 AS FLOAT)) as min_column12, max(CAST(column12 AS FLOAT)) as max_column12, sum(CAST(column12 AS FLOAT)) as sum_column12, avg(CAST(column12 AS FLOAT)) as avg_column12, count(CAST(column17 AS FLOAT)) as count_column17, min(CAST(column17 AS FLOAT)) as min_column17, max(CAST(column17 AS FLOAT)) as max_column17, sum(CAST(column17 AS FLOAT)) as sum_column17, avg(CAST(column17 AS FLOAT)) as avg_column17, count(CAST(column04 AS FLOAT)) as count_column04, min(CAST(column04 AS FLOAT)) as min_column04, max(CAST(column04 AS FLOAT)) as max_column04, sum(CAST(column04 AS FLOAT)) as sum_column04, avg(CAST(column04 AS FLOAT)) as avg_column04, count(CAST(column03 AS FLOAT)) as count_column03, min(CAST(column03 AS FLOAT)) as min_column03, max(CAST(column03 AS FLOAT)) as max_column03, sum(CAST(column03 AS FLOAT)) as sum_column03, avg(CAST(column03 AS FLOAT)) as avg_column03 from read_csv_auto('/data-nonraid/maroulis/data/taxi_data/yellow_tripdata_2014_cleaned.csv', ignore_errors = true) where CAST(column05 AS FLOAT) > CAST(-73.984566 AS FLOAT) AND CAST(column05 AS FLOAT) < CAST(-73.97832 AS FLOAT) AND CAST(column06 AS FLOAT) > CAST(40.752403 AS FLOAT) AND CAST(column06 AS FLOAT) < CAST(40.75553 AS FLOAT) AND (column12 >= 0.0 AND column12 <= 400.0 AND column04 <= 1000.0);",0,"{17=StatsDuckDB{count=1314494, min=0.0100, max=410.0000, sum=18027362.0298, mean=13.7143, sumOfSquares=NaN}, 3=StatsDuckDB{count=1314494, min=0.0000, max=8.0000, sum=2217927.0000, mean=1.6873, sumOfSquares=NaN}, 4=StatsDuckDB{count=1314494, min=0.0000, max=176.5000, sum=3205396.8797, mean=2.4385, sumOfSquares=NaN}, 12=StatsDuckDB{count=1314494, min=0.0100, max=395.2000, sum=14735495.4500, mean=11.2100, sumOfSquares=NaN}}","{17=1.802736202983404E7, 3=2217927.0, 4=3205396.8797338232, 12=1.4735495450047512E7}"
/data-nonraid/maroulis/data/taxi_data/yellow_tripdata_2014_cleaned.csv,directCSV,46,1,18.576417895,"select count(CAST(column12 AS FLOAT)) as count_column12, min(CAST(column12 AS FLOAT)) as min_column12, max(CAST(column12 AS FLOAT)) as max_column12, sum(CAST(column12 AS FLOAT)) as sum_column12, avg(CAST(column12 AS FLOAT)) as avg_column12, count(CAST(column17 AS FLOAT)) as count_column17, min(CAST(column17 AS FLOAT)) as min_column17, max(CAST(column17 AS FLOAT)) as max_column17, sum(CAST(column17 AS FLOAT)) as sum_column17, avg(CAST(column17 AS FLOAT)) as avg_column17, count(CAST(column04 AS FLOAT)) as count_column04, min(CAST(column04 AS FLOAT)) as min_column04, max(CAST(column04 AS FLOAT)) as max_column04, sum(CAST(column04 AS FLOAT)) as sum_column04, avg(CAST(column04 AS FLOAT)) as avg_column04, count(CAST(column03 AS FLOAT)) as count_column03, min(CAST(column03 AS FLOAT)) as min_column03, max(CAST(column03 AS FLOAT)) as max_column03, sum(CAST(column03 AS FLOAT)) as sum_column03, avg(CAST(column03 AS FLOAT)) as avg_column03 from read_csv_auto('/data-nonraid/maroulis/data/taxi_data/yellow_tripdata_2014_cleaned.csv', ignore_errors = true) where CAST(column05 AS FLOAT) > CAST(-73.98525 AS FLOAT) AND CAST(column05 AS FLOAT) < CAST(-73.979004 AS FLOAT) AND CAST(column06 AS FLOAT) > CAST(40.752403 AS FLOAT) AND CAST(column06 AS FLOAT) < CAST(40.75553 AS FLOAT) AND (column12 >= 0.0 AND column12 <= 400.0 AND column04 <= 1000.0);",0,"{17=StatsDuckDB{count=1264208, min=0.0100, max=495.5000, sum=17439578.3996, mean=13.7949, sumOfSquares=NaN}, 3=StatsDuckDB{count=1264208, min=0.0000, max=8.0000, sum=2138667.0000, mean=1.6917, sumOfSquares=NaN}, 4=StatsDuckDB{count=1264208, min=0.0000, max=98.6000, sum=3119454.7498, mean=2.4675, sumOfSquares=NaN}, 12=StatsDuckDB{count=1264208, min=0.0100, max=395.2000, sum=14238836.9200, mean=11.2630, sumOfSquares=NaN}}","{17=1.7439578399580963E7, 3=2138667.0, 4=3119454.7498102374, 12=1.4238836920038242E7}"
/data-nonraid/maroulis/data/taxi_data/yellow_tripdata_2014_cleaned.csv,directCSV,47,1,18.457324873,"select count(CAST(column12 AS FLOAT)) as count_column12, min(CAST(column12 AS FLOAT)) as min_column12, max(CAST(column12 AS FLOAT)) as max_column12, sum(CAST(column12 AS FLOAT)) as sum_column12, avg(CAST(column12 AS FLOAT)) as avg_column12, count(CAST(column17 AS FLOAT)) as count_column17, min(CAST(column17 AS FLOAT)) as min_column17, max(CAST(column17 AS FLOAT)) as max_column17, sum(CAST(column17 AS FLOAT)) as sum_column17, avg(CAST(column17 AS FLOAT)) as avg_column17, count(CAST(column04 AS FLOAT)) as count_column04, min(CAST(column04 AS FLOAT)) as min_column04, max(CAST(column04 AS FLOAT)) as max_column04, sum(CAST(column04 AS FLOAT)) as sum_column04, avg(CAST(column04 AS FLOAT)) as avg_column04, count(CAST(column03 AS FLOAT)) as count_column03, min(CAST(column03 AS FLOAT)) as min_column03, max(CAST(column03 AS FLOAT)) as max_column03, sum(CAST(column03 AS FLOAT)) as sum_column03, avg(CAST(column03 AS FLOAT)) as avg_column03 from read_csv_auto('/data-nonraid/maroulis/data/taxi_data/yellow_tripdata_2014_cleaned.csv', ignore_errors = true) where CAST(column05 AS FLOAT) > CAST(-73.986 AS FLOAT) AND CAST(column05 AS FLOAT) < CAST(-73.97975 AS FLOAT) AND CAST(column06 AS FLOAT) > CAST(40.752403 AS FLOAT) AND CAST(column06 AS FLOAT) < CAST(40.75553 AS FLOAT) AND (column12 >= 0.0 AND column12 <= 400.0 AND column04 <= 1000.0);",0,"{17=StatsDuckDB{count=1200790, min=2.5000, max=495.5000, sum=16687818.2517, mean=13.8974, sumOfSquares=NaN}, 3=StatsDuckDB{count=1200790, min=0.0000, max=8.0000, sum=2049611.0000, mean=1.7069, sumOfSquares=NaN}, 4=StatsDuckDB{count=1200790, min=0.0000, max=98.6000, sum=3006737.7799, mean=2.5040, sumOfSquares=NaN}, 12=StatsDuckDB{count=1200790, min=0.0100, max=395.2000, sum=13651067.0801, mean=11.3684, sumOfSquares=NaN}}","{17=1.6687818251729965E7, 3=2049611.0, 4=3006737.7799076624, 12=1.3651067080058107E7}"
/data-nonraid/maroulis/data/taxi_data/yellow_tripdata_2014_cleaned.csv,directCSV,48,1,18.50366924,"select count(CAST(column12 AS FLOAT)) as count_column12, min(CAST(column12 AS FLOAT)) as min_column12, max(CAST(column12 AS FLOAT)) as max_column12, sum(CAST(column12 AS FLOAT)) as sum_column12, avg(CAST(column12 AS FLOAT)) as avg_column12, count(CAST(column17 AS FLOAT)) as count_column17, min(CAST(column17 AS FLOAT)) as min_column17, max(CAST(column17 AS FLOAT)) as max_column17, sum(CAST(column17 AS FLOAT)) as sum_column17, avg(CAST(column17 AS FLOAT)) as avg_column17, count(CAST(column04 AS FLOAT)) as count_column04, min(CAST(column04 AS FLOAT)) as min_column04, max(CAST(column04 AS FLOAT)) as max_column04, sum(CAST(column04 AS FLOAT)) as sum_column04, avg(CAST(column04 AS FLOAT)) as avg_column04, count(CAST(column03 AS FLOAT)) as count_column03, min(CAST(column03 AS FLOAT)) as min_column03, max(CAST(column03 AS FLOAT)) as max_column03, sum(CAST(column03 AS FLOAT)) as sum_column03, avg(CAST(column03 AS FLOAT)) as avg_column03 from read_csv_auto('/data-nonraid/maroulis/data/taxi_data/yellow_tripdata_2014_cleaned.csv', ignore_errors = true) where CAST(column05 AS FLOAT) > CAST(-73.98694 AS FLOAT) AND CAST(column05 AS FLOAT) < CAST(-73.98069 AS FLOAT) AND CAST(column06 AS FLOAT) > CAST(40.752403 AS FLOAT) AND CAST(column06 AS FLOAT) < CAST(40.75553 AS FLOAT) AND (column12 >= 0.0 AND column12 <= 400.0 AND column04 <= 1000.0);",0,"{17=StatsDuckDB{count=1064698, min=0.0000, max=495.5000, sum=14947692.7477, mean=14.0394, sumOfSquares=NaN}, 3=StatsDuckDB{count=1064698, min=0.0000, max=8.0000, sum=1820878.0000, mean=1.7102, sumOfSquares=NaN}, 4=StatsDuckDB{count=1064698, min=0.0000, max=98.6000, sum=2709922.4599, mean=2.5452, sumOfSquares=NaN}, 12=StatsDuckDB{count=1064698, min=0.0000, max=395.2000, sum=12219526.9201, mean=11.4770, sumOfSquares=NaN}}","{17=1.4947692747664452E7, 3=1820878.0, 4=2709922.459947115, 12=1.221952692005063E7}"
/data-nonraid/maroulis/data/taxi_data/yellow_tripdata_2014_cleaned.csv,directCSV,49,1,18.548060515,"select count(CAST(column12 AS FLOAT)) as count_column12, min(CAST(column12 AS FLOAT)) as min_column12, max(CAST(column12 AS FLOAT)) as max_column12, sum(CAST(column12 AS FLOAT)) as sum_column12, avg(CAST(column12 AS FLOAT)) as avg_column12, count(CAST(column17 AS FLOAT)) as count_column17, min(CAST(column17 AS FLOAT)) as min_column17, max(CAST(column17 AS FLOAT)) as max_column17, sum(CAST(column17 AS FLOAT)) as sum_column17, avg(CAST(column17 AS FLOAT)) as avg_column17, count(CAST(column04 AS FLOAT)) as count_column04, min(CAST(column04 AS FLOAT)) as min_column04, max(CAST(column04 AS FLOAT)) as max_column04, sum(CAST(column04 AS FLOAT)) as sum_column04, avg(CAST(column04 AS FLOAT)) as avg_column04, count(CAST(column03 AS FLOAT)) as count_column03, min(CAST(column03 AS FLOAT)) as min_column03, max(CAST(column03 AS FLOAT)) as max_column03, sum(CAST(column03 AS FLOAT)) as sum_column03, avg(CAST(column03 AS FLOAT)) as avg_column03 from read_csv_auto('/data-nonraid/maroulis/data/taxi_data/yellow_tripdata_2014_cleaned.csv', ignore_errors = true) where CAST(column05 AS FLOAT) > CAST(-73.987625 AS FLOAT) AND CAST(column05 AS FLOAT) < CAST(-73.98138 AS FLOAT) AND CAST(column06 AS FLOAT) > CAST(40.752403 AS FLOAT) AND CAST(column06 AS FLOAT) < CAST(40.75553 AS FLOAT) AND (column12 >= 0.0 AND column12 <= 400.0 AND column04 <= 1000.0);",0,"{17=StatsDuckDB{count=1034997, min=0.0000, max=495.5000, sum=14510912.5642, mean=14.0202, sumOfSquares=NaN}, 3=StatsDuckDB{count=1034997, min=0.0000, max=8.0000, sum=1770393.0000, mean=1.7105, sumOfSquares=NaN}, 4=StatsDuckDB{count=1034997, min=0.0000, max=98.6000, sum=2628807.1400, mean=2.5399, sumOfSquares=NaN}, 12=StatsDuckDB{count=1034997, min=0.0000, max=300.0000, sum=11864086.9500, mean=11.4629, sumOfSquares=NaN}}","{17=1.4510912564151764E7, 3=1770393.0, 4=2628807.1400239766, 12=1.1864086950044641E7}"
/data-nonraid/maroulis/data/taxi_data/yellow_tripdata_2014_cleaned.csv,directCSV,50,1,18.518574219,"select count(CAST(column12 AS FLOAT)) as count_column12, min(CAST(column12 AS FLOAT)) as min_column12, max(CAST(column12 AS FLOAT)) as max_column12, sum(CAST(column12 AS FLOAT)) as sum_column12, avg(CAST(column12 AS FLOAT)) as avg_column12, count(CAST(column17 AS FLOAT)) as count_column17, min(CAST(column17 AS FLOAT)) as min_column17, max(CAST(column17 AS FLOAT)) as max_column17, sum(CAST(column17 AS FLOAT)) as sum_column17, avg(CAST(column17 AS FLOAT)) as avg_column17, count(CAST(column04 AS FLOAT)) as count_column04, min(CAST(column04 AS FLOAT)) as min_column04, max(CAST(column04 AS FLOAT)) as max_column04, sum(CAST(column04 AS FLOAT)) as sum_column04, avg(CAST(column04 AS FLOAT)) as avg_column04, count(CAST(column03 AS FLOAT)) as count_column03, min(CAST(column03 AS FLOAT)) as min_column03, max(CAST(column03 AS FLOAT)) as max_column03, sum(CAST(column03 AS FLOAT)) as sum_column03, avg(CAST(column03 AS FLOAT)) as avg_column03 from read_csv_auto('/data-nonraid/maroulis/data/taxi_data/yellow_tripdata_2014_cleaned.csv', ignore_errors = true) where CAST(column05 AS FLOAT) > CAST(-73.988625 AS FLOAT) AND CAST(column05 AS FLOAT) < CAST(-73.982376 AS FLOAT) AND CAST(column06 AS FLOAT) > CAST(40.751904 AS FLOAT) AND CAST(column06 AS FLOAT) < CAST(40.75503 AS FLOAT) AND (column12 >= 0.0 AND column12 <= 400.0 AND column04 <= 1000.0);",0,"{17=StatsDuckDB{count=1030431, min=0.0000, max=495.5000, sum=14219647.2420, mean=13.7997, sumOfSquares=NaN}, 3=StatsDuckDB{count=1030431, min=0.0000, max=7.0000, sum=1762628.0000, mean=1.7106, sumOfSquares=NaN}, 4=StatsDuckDB{count=1030431, min=0.0000, max=85.3000, sum=2562936.6101, mean=2.4872, sumOfSquares=NaN}, 12=StatsDuckDB{count=1030431, min=0.0000, max=300.0000, sum=11649377.5900, mean=11.3053, sumOfSquares=NaN}}","{17=1.421964724198842E7, 3=1762628.0, 4=2562936.6101108026, 12=1.1649377590026388E7}"
/data-nonraid/maroulis/data/taxi_data/yellow_tripdata_2014_cleaned.csv,directCSV,51,1,18.313420811,"select count(CAST(column12 AS FLOAT)) as count_column12, min(CAST(column12 AS FLOAT)) as min_column12, max(CAST(column12 AS FLOAT)) as max_column12, sum(CAST(column12 AS FLOAT)) as sum_column12, avg(CAST(column12 AS FLOAT)) as avg_column12, count(CAST(column17 AS FLOAT)) as count_column17, min(CAST(column17 AS FLOAT)) as min_column17, max(CAST(column17 AS FLOAT)) as max_column17, sum(CAST(column17 AS FLOAT)) as sum_column17, avg(CAST(column17 AS FLOAT)) as avg_column17, count(CAST(column04 AS FLOAT)) as count_column04, min(CAST(column04 AS FLOAT)) as min_column04, max(CAST(column04 AS FLOAT)) as max_column04, sum(CAST(column04 AS FLOAT)) as sum_column04, avg(CAST(column04 AS FLOAT)) as avg_column04, count(CAST(column03 AS FLOAT)) as count_column03, min(CAST(column03 AS FLOAT)) as min_column03, max(CAST(column03 AS FLOAT)) as max_column03, sum(CAST(column03 AS FLOAT)) as sum_column03, avg(CAST(column03 AS FLOAT)) as avg_column03 from read_csv_auto('/data-nonraid/maroulis/data/taxi_data/yellow_tripdata_2014_cleaned.csv', ignore_errors = true) where CAST(column05 AS FLOAT) > CAST(-73.98937 AS FLOAT) AND CAST(column05 AS FLOAT) < CAST(-73.98312 AS FLOAT) AND CAST(column06 AS FLOAT) > CAST(40.751904 AS FLOAT) AND CAST(column06 AS FLOAT) < CAST(40.75503 AS FLOAT) AND (column12 >= 0.0 AND column12 <= 400.0 AND column04 <= 1000.0);",0,"{17=StatsDuckDB{count=1119003, min=0.0000, max=495.5000, sum=15271376.2427, mean=13.6473, sumOfSquares=NaN}, 3=StatsDuckDB{count=1119003, min=0.0000, max=7.0000, sum=1911635.0000, mean=1.7083, sumOfSquares=NaN}, 4=StatsDuckDB{count=1119003, min=0.0000, max=85.3000, sum=2733272.9601, mean=2.4426, sumOfSquares=NaN}, 12=StatsDuckDB{count=1119003, min=0.0000, max=395.0000, sum=12519344.5200, mean=11.1879, sumOfSquares=NaN}}","{17=1.5271376242702484E7, 3=1911635.0, 4=2733272.9600727037, 12=1.2519344520024786E7}"
/data-nonraid/maroulis/data/taxi_data/yellow_tripdata_2014_cleaned.csv,directCSV,52,1,18.569800515,"select count(CAST(column12 AS FLOAT)) as count_column12, min(CAST(column12 AS FLOAT)) as min_column12, max(CAST(column12 AS FLOAT)) as max_column12, sum(CAST(column12 AS FLOAT)) as sum_column12, avg(CAST(column12 AS FLOAT)) as avg_column12, count(CAST(column17 AS FLOAT)) as count_column17, min(CAST(column17 AS FLOAT)) as min_column17, max(CAST(column17 AS FLOAT)) as max_column17, sum(CAST(column17 AS FLOAT)) as sum_column17, avg(CAST(column17 AS FLOAT)) as avg_column17, count(CAST(column04 AS FLOAT)) as count_column04, min(CAST(column04 AS FLOAT)) as min_column04, max(CAST(column04 AS FLOAT)) as max_column04, sum(CAST(column04 AS FLOAT)) as sum_column04, avg(CAST(column04 AS FLOAT)) as avg_column04, count(CAST(column03 AS FLOAT)) as count_column03, min(CAST(column03 AS FLOAT)) as min_column03, max(CAST(column03 AS FLOAT)) as max_column03, sum(CAST(column03 AS FLOAT)) as sum_column03, avg(CAST(column03 AS FLOAT)) as avg_column03 from read_csv_auto('/data-nonraid/maroulis/data/taxi_data/yellow_tripdata_2014_cleaned.csv', ignore_errors = true) where CAST(column05 AS FLOAT) > CAST(-73.99049 AS FLOAT) AND CAST(column05 AS FLOAT) < CAST(-73.984245 AS FLOAT) AND CAST(column06 AS FLOAT) > CAST(40.751904 AS FLOAT) AND CAST(column06 AS FLOAT) < CAST(40.75503 AS FLOAT) AND (column12 >= 0.0 AND column12 <= 400.0 AND column04 <= 1000.0);",0,"{17=StatsDuckDB{count=1113154, min=0.0000, max=495.5000, sum=14998976.2404, mean=13.4743, sumOfSquares=NaN}, 3=StatsDuckDB{count=1113154, min=0.0000, max=7.0000, sum=1900793.0000, mean=1.7076, sumOfSquares=NaN}, 4=StatsDuckDB{count=1113154, min=0.0000, max=85.3000, sum=2656800.4501, mean=2.3867, sumOfSquares=NaN}, 12=StatsDuckDB{count=1113154, min=0.0000, max=395.0000, sum=12322385.4200, mean=11.0698, sumOfSquares=NaN}}","{17=1.499897624042654E7, 3=1900793.0, 4=2656800.4500966854, 12=1.2322385420036077E7}"
/data-nonraid/maroulis/data/taxi_data/yellow_tripdata_2014_cleaned.csv,directCSV,53,1,18.757900633,"select count(CAST(column12 AS FLOAT)) as count_column12, min(CAST(column12 AS FLOAT)) as min_column12, max(CAST(column12 AS FLOAT)) as max_column12, sum(CAST(column12 AS FLOAT)) as sum_column12, avg(CAST(column12 AS FLOAT)) as avg_column12, count(CAST(column17 AS FLOAT)) as count_column17, min(CAST(column17 AS FLOAT)) as min_column17, max(CAST(column17 AS FLOAT)) as max_column17, sum(CAST(column17 AS FLOAT)) as sum_column17, avg(CAST(column17 AS FLOAT)) as avg_column17, count(CAST(column04 AS FLOAT)) as count_column04, min(CAST(column04 AS FLOAT)) as min_column04, max(CAST(column04 AS FLOAT)) as max_column04, sum(CAST(column04 AS FLOAT)) as sum_column04, avg(CAST(column04 AS FLOAT)) as avg_column04, count(CAST(column03 AS FLOAT)) as count_column03, min(CAST(column03 AS FLOAT)) as min_column03, max(CAST(column03 AS FLOAT)) as max_column03, sum(CAST(column03 AS FLOAT)) as sum_column03, avg(CAST(column03 AS FLOAT)) as avg_column03 from read_csv_auto('/data-nonraid/maroulis/data/taxi_data/yellow_tripdata_2014_cleaned.csv', ignore_errors = true) where CAST(column05 AS FLOAT) > CAST(-73.99143 AS FLOAT) AND CAST(column05 AS FLOAT) < CAST(-73.98518 AS FLOAT) AND CAST(column06 AS FLOAT) > CAST(40.751904 AS FLOAT) AND CAST(column06 AS FLOAT) < CAST(40.75503 AS FLOAT) AND (column12 >= 0.0 AND column12 <= 400.0 AND column04 <= 1000.0);",0,"{17=StatsDuckDB{count=963790, min=0.0000, max=395.5000, sum=12939554.0448, mean=13.4257, sumOfSquares=NaN}, 3=StatsDuckDB{count=963790, min=0.0000, max=7.0000, sum=1646772.0000, mean=1.7086, sumOfSquares=NaN}, 4=StatsDuckDB{count=963790, min=0.0000, max=85.3000, sum=2277241.3201, mean=2.3628, sumOfSquares=NaN}, 12=StatsDuckDB{count=963790, min=0.0000, max=395.0000, sum=10654786.3000, mean=11.0551, sumOfSquares=NaN}}","{17=1.2939554044818401E7, 3=1646772.0, 4=2277241.320075076, 12=1.0654786300045729E7}"
/data-nonraid/maroulis/data/taxi_data/yellow_tripdata_2014_cleaned.csv,directCSV,54,1,18.782769646,"select count(CAST(column12 AS FLOAT)) as count_column12, min(CAST(column12 AS FLOAT)) as min_column12, max(CAST(column12 AS FLOAT)) as max_column12, sum(CAST(column12 AS FLOAT)) as sum_column12, avg(CAST(column12 AS FLOAT)) as avg_column12, count(CAST(column17 AS FLOAT)) as count_column17, min(CAST(column17 AS FLOAT)) as min_column17, max(CAST(column17 AS FLOAT)) as max_column17, sum(CAST(column17 AS FLOAT)) as sum_column17, avg(CAST(column17 AS FLOAT)) as avg_column17, count(CAST(column04 AS FLOAT)) as count_column04, min(CAST(column04 AS FLOAT)) as min_column04, max(CAST(column04 AS FLOAT)) as max_column04, sum(CAST(column04 AS FLOAT)) as sum_column04, avg(CAST(column04 AS FLOAT)) as avg_column04, count(CAST(column03 AS FLOAT)) as count_column03, min(CAST(column03 AS FLOAT)) as min_column03, max(CAST(column03 AS FLOAT)) as max_column03, sum(CAST(column03 AS FLOAT)) as sum_column03, avg(CAST(column03 AS FLOAT)) as avg_column03 from read_csv_auto('/data-nonraid/maroulis/data/taxi_data/yellow_tripdata_2014_cleaned.csv', ignore_errors = true) where CAST(column05 AS FLOAT) > CAST(-73.99081 AS FLOAT) AND CAST(column05 AS FLOAT) < CAST(-73.98456 AS FLOAT) AND CAST(column06 AS FLOAT) > CAST(40.751904 AS FLOAT) AND CAST(column06 AS FLOAT) < CAST(40.75503 AS FLOAT) AND (column12 >= 0.0 AND column12 <= 400.0 AND column04 <= 1000.0);",0,"{17=StatsDuckDB{count=1058253, min=0.0000, max=495.5000, sum=14245951.7886, mean=13.4618, sumOfSquares=NaN}, 3=StatsDuckDB{count=1058253, min=0.0000, max=7.0000, sum=1810279.0000, mean=1.7106, sumOfSquares=NaN}, 4=StatsDuckDB{count=1058253, min=0.0000, max=85.3000, sum=2520160.7601, mean=2.3814, sumOfSquares=NaN}, 12=StatsDuckDB{count=1058253, min=0.0000, max=395.0000, sum=11712722.3200, mean=11.0680, sumOfSquares=NaN}}","{17=1.4245951788636923E7, 3=1810279.0, 4=2520160.76013449, 12=1.171272232003951E7}"
/data-nonraid/maroulis/data/taxi_data/yellow_tripdata_2014_cleaned.csv,directCSV,55,1,18.536193539,"select count(CAST(column12 AS FLOAT)) as count_column12, min(CAST(column12 AS FLOAT)) as min_column12, max(CAST(column12 AS FLOAT)) as max_column12, sum(CAST(column12 AS FLOAT)) as sum_column12, avg(CAST(column12 AS FLOAT)) as avg_column12, count(CAST(column17 AS FLOAT)) as count_column17, min(CAST(column17 AS FLOAT)) as min_column17, max(CAST(column17 AS FLOAT)) as max_column17, sum(CAST(column17 AS FLOAT)) as sum_column17, avg(CAST(column17 AS FLOAT)) as avg_column17, count(CAST(column04 AS FLOAT)) as count_column04, min(CAST(column04 AS FLOAT)) as min_column04, max(CAST(column04 AS FLOAT)) as max_column04, sum(CAST(column04 AS FLOAT)) as sum_column04, avg(CAST(column04 AS FLOAT)) as avg_column04, count(CAST(column03 AS FLOAT)) as count_column03, min(CAST(column03 AS FLOAT)) as min_column03, max(CAST(column03 AS FLOAT)) as max_column03, sum(CAST(column03 AS FLOAT)) as sum_column03, avg(CAST(column03 AS FLOAT)) as avg_column03 from read_csv_auto('/data-nonraid/maroulis/data/taxi_data/yellow_tripdata_2014_cleaned.csv', ignore_errors = true) where CAST(column05 AS FLOAT) > CAST(-73.991615 AS FLOAT) AND CAST(column05 AS FLOAT) < CAST(-73.98537 AS FLOAT) AND CAST(column06 AS FLOAT) > CAST(40.751904 AS FLOAT) AND CAST(column06 AS FLOAT) < CAST(40.75503 AS FLOAT) AND (column12 >= 0.0 AND column12 <= 400.0 AND column04 <= 1000.0);",0,"{17=StatsDuckDB{count=960755, min=0.0000, max=395.5000, sum=12868674.7038, mean=13.3943, sumOfSquares=NaN}, 3=StatsDuckDB{count=960755, min=0.0000, max=7.0000, sum=1637961.0000, mean=1.7049, sumOfSquares=NaN}, 4=StatsDuckDB{count=960755, min=0.0000, max=80.0000, sum=2257884.0400, mean=2.3501, sumOfSquares=NaN}, 12=StatsDuckDB{count=960755, min=0.0000, max=395.0000, sum=10604962.0600, mean=11.0382, sumOfSquares=NaN}}","{17=1.2868674703819513E7, 3=1637961.0, 4=2257884.040035339, 12=1.0604962060041666E7}"
/data-nonraid/maroulis/data/taxi_data/yellow_tripdata_2014_cleaned.csv,directCSV,56,1,18.468843879,"select count(CAST(column12 AS FLOAT)) as count_column12, min(CAST(column12 AS FLOAT)) as min_column12, max(CAST(column12 AS FLOAT)) as max_column12, sum(CAST(column12 AS FLOAT)) as sum_column12, avg(CAST(column12 AS FLOAT)) as avg_column12, count(CAST(column17 AS FLOAT)) as count_column17, min(CAST(column17 AS FLOAT)) as min_column17, max(CAST(column17 AS FLOAT)) as max_column17, sum(CAST(column17 AS FLOAT)) as sum_column17, avg(CAST(column17 AS FLOAT)) as avg_column17, count(CAST(column04 AS FLOAT)) as count_column04, min(CAST(column04 AS FLOAT)) as min_column04, max(CAST(column04 AS FLOAT)) as max_column04, sum(CAST(column04 AS FLOAT)) as sum_column04, avg(CAST(column04 AS FLOAT)) as avg_column04, count(CAST(column03 AS FLOAT)) as count_column03, min(CAST(column03 AS FLOAT)) as min_column03, max(CAST(column03 AS FLOAT)) as max_column03, sum(CAST(column03 AS FLOAT)) as sum_column03, avg(CAST(column03 AS FLOAT)) as avg_column03 from read_csv_auto('/data-nonraid/maroulis/data/taxi_data/yellow_tripdata_2014_cleaned.csv', ignore_errors = true) where CAST(column05 AS FLOAT) > CAST(-73.990616 AS FLOAT) AND CAST(column05 AS FLOAT) < CAST(-73.98437 AS FLOAT) AND CAST(column06 AS FLOAT) > CAST(40.751404 AS FLOAT) AND CAST(column06 AS FLOAT) < CAST(40.75453 AS FLOAT) AND (column12 >= 0.0 AND column12 <= 400.0 AND column04 <= 1000.0);",0,"{17=StatsDuckDB{count=1129640, min=0.0000, max=495.5000, sum=15314759.0831, mean=13.5572, sumOfSquares=NaN}, 3=StatsDuckDB{count=1129640, min=0.0000, max=7.0000, sum=1939677.0000, mean=1.7171, sumOfSquares=NaN}, 4=StatsDuckDB{count=1129640, min=0.0000, max=85.3000, sum=2708897.7701, mean=2.3980, sumOfSquares=NaN}, 12=StatsDuckDB{count=1129640, min=0.0000, max=395.0000, sum=12609668.5200, mean=11.1626, sumOfSquares=NaN}}","{17=1.5314759083057165E7, 3=1939677.0, 4=2708897.77009329, 12=1.2609668520043135E7}"
/data-nonraid/maroulis/data/taxi_data/yellow_tripdata_2014_cleaned.csv,directCSV,57,1,18.612636188,"select count(CAST(column12 AS FLOAT)) as count_column12, min(CAST(column12 AS FLOAT)) as min_column12, max(CAST(column12 AS FLOAT)) as max_column12, sum(CAST(column12 AS FLOAT)) as sum_column12, avg(CAST(column12 AS FLOAT)) as avg_column12, count(CAST(column17 AS FLOAT)) as count_column17, min(CAST(column17 AS FLOAT)) as min_column17, max(CAST(column17 AS FLOAT)) as max_column17, sum(CAST(column17 AS FLOAT)) as sum_column17, avg(CAST(column17 AS FLOAT)) as avg_column17, count(CAST(column04 AS FLOAT)) as count_column04, min(CAST(column04 AS FLOAT)) as min_column04, max(CAST(column04 AS FLOAT)) as max_column04, sum(CAST(column04 AS FLOAT)) as sum_column04, avg(CAST(column04 AS FLOAT)) as avg_column04, count(CAST(column03 AS FLOAT)) as count_column03, min(CAST(column03 AS FLOAT)) as min_column03, max(CAST(column03 AS FLOAT)) as max_column03, sum(CAST(column03 AS FLOAT)) as sum_column03, avg(CAST(column03 AS FLOAT)) as avg_column03 from read_csv_auto('/data-nonraid/maroulis/data/taxi_data/yellow_tripdata_2014_cleaned.csv', ignore_errors = true) where CAST(column05 AS FLOAT) > CAST(-73.991806 AS FLOAT) AND CAST(column05 AS FLOAT) < CAST(-73.98556 AS FLOAT) AND CAST(column06 AS FLOAT) > CAST(40.751404 AS FLOAT) AND CAST(column06 AS FLOAT) < CAST(40.75453 AS FLOAT) AND (column12 >= 0.0 AND column12 <= 400.0 AND column04 <= 1000.0);",0,"{17=StatsDuckDB{count=959911, min=0.0000, max=395.5000, sum=12831263.2029, mean=13.3671, sumOfSquares=NaN}, 3=StatsDuckDB{count=959911, min=0.0000, max=7.0000, sum=1641532.0000, mean=1.7101, sumOfSquares=NaN}, 4=StatsDuckDB{count=959911, min=0.0000, max=80.0000, sum=2235377.2900, mean=2.3287, sumOfSquares=NaN}, 12=StatsDuckDB{count=959911, min=0.0000, max=395.0000, sum=10598616.4100, mean=11.0412, sumOfSquares=NaN}}","{17=1.2831263202942848E7, 3=1641532.0, 4=2235377.2899986096, 12=1.0598616410035133E7}"
/data-nonraid/maroulis/data/taxi_data/yellow_tripdata_2014_cleaned.csv,directCSV,58,1,18.298795144,"select count(CAST(column12 AS FLOAT)) as count_column12, min(CAST(column12 AS FLOAT)) as min_column12, max(CAST(column12 AS FLOAT)) as max_column12, sum(CAST(column12 AS FLOAT)) as sum_column12, avg(CAST(column12 AS FLOAT)) as avg_column12, count(CAST(column17 AS FLOAT)) as count_column17, min(CAST(column17 AS FLOAT)) as min_column17, max(CAST(column17 AS FLOAT)) as max_column17, sum(CAST(column17 AS FLOAT)) as sum_column17, avg(CAST(column17 AS FLOAT)) as avg_column17, count(CAST(column04 AS FLOAT)) as count_column04, min(CAST(column04 AS FLOAT)) as min_column04, max(CAST(column04 AS FLOAT)) as max_column04, sum(CAST(column04 AS FLOAT)) as sum_column04, avg(CAST(column04 AS FLOAT)) as avg_column04, count(CAST(column03 AS FLOAT)) as count_column03, min(CAST(column03 AS FLOAT)) as min_column03, max(CAST(column03 AS FLOAT)) as max_column03, sum(CAST(column03 AS FLOAT)) as sum_column03, avg(CAST(column03 AS FLOAT)) as avg_column03 from read_csv_auto('/data-nonraid/maroulis/data/taxi_data/yellow_tripdata_2014_cleaned.csv', ignore_errors = true) where CAST(column05 AS FLOAT) > CAST(-73.991806 AS FLOAT) AND CAST(column05 AS FLOAT) < CAST(-73.98556 AS FLOAT) AND CAST(column06 AS FLOAT) > CAST(40.750935 AS FLOAT) AND CAST(column06 AS FLOAT) < CAST(40.754063 AS FLOAT) AND (column12 >= 0.0 AND column12 <= 400.0 AND column04 <= 1000.0);",0,"{17=StatsDuckDB{count=1136337, min=0.0000, max=395.5000, sum=14955135.7551, mean=13.1608, sumOfSquares=NaN}, 3=StatsDuckDB{count=1136337, min=0.0000, max=7.0000, sum=1945290.0000, mean=1.7119, sumOfSquares=NaN}, 4=StatsDuckDB{count=1136337, min=0.0000, max=100.0000, sum=2599008.9199, mean=2.2872, sumOfSquares=NaN}, 12=StatsDuckDB{count=1136337, min=0.0000, max=395.0000, sum=12418918.9800, mean=10.9289, sumOfSquares=NaN}}","{17=1.4955135755064964E7, 3=1945290.0, 4=2599008.9199098144, 12=1.241891898004055E7}"
/data-nonraid/maroulis/data/taxi_data/yellow_tripdata_2014_cleaned.csv,directCSV,59,1,18.615219078,"select count(CAST(column12 AS FLOAT)) as count_column12, min(CAST(column12 AS FLOAT)) as min_column12, max(CAST(column12 AS FLOAT)) as max_column12, sum(CAST(column12 AS FLOAT)) as sum_column12, avg(CAST(column12 AS FLOAT)) as avg_column12, count(CAST(column17 AS FLOAT)) as count_column17, min(CAST(column17 AS FLOAT)) as min_column17, max(CAST(column17 AS FLOAT)) as max_column17, sum(CAST(column17 AS FLOAT)) as sum_column17, avg(CAST(column17 AS FLOAT)) as avg_column17, count(CAST(column04 AS FLOAT)) as count_column04, min(CAST(column04 AS FLOAT)) as min_column04, max(CAST(column04 AS FLOAT)) as max_column04, sum(CAST(column04 AS FLOAT)) as sum_column04, avg(CAST(column04 AS FLOAT)) as avg_column04, count(CAST(column03 AS FLOAT)) as count_column03, min(CAST(column03 AS FLOAT)) as min_column03, max(CAST(column03 AS FLOAT)) as max_column03, sum(CAST(column03 AS FLOAT)) as sum_column03, avg(CAST(column03 AS FLOAT)) as avg_column03 from read_csv_auto('/data-nonraid/maroulis/data/taxi_data/yellow_tripdata_2014_cleaned.csv', ignore_errors = true) where CAST(column05 AS FLOAT) > CAST(-73.992615 AS FLOAT) AND CAST(column05 AS FLOAT) < CAST(-73.98637 AS FLOAT) AND CAST(column06 AS FLOAT) > CAST(40.750935 AS FLOAT) AND CAST(column06 AS FLOAT) < CAST(40.754063 AS FLOAT) AND (column12 >= 0.0 AND column12 <= 400.0 AND column04 <= 1000.0);",0,"{17=StatsDuckDB{count=1045855, min=0.0000, max=395.5000, sum=13697549.3581, mean=13.0970, sumOfSquares=NaN}, 3=StatsDuckDB{count=1045855, min=0.0000, max=9.0000, sum=1779096.0000, mean=1.7011, sumOfSquares=NaN}, 4=StatsDuckDB{count=1045855, min=0.0000, max=100.0000, sum=2350237.2299, mean=2.2472, sumOfSquares=NaN}, 12=StatsDuckDB{count=1045855, min=0.0000, max=395.0000, sum=11403763.9900, mean=10.9038, sumOfSquares=NaN}}","{17=1.369754935813284E7, 3=1779096.0, 4=2350237.229905691, 12=1.1403763990024328E7}"
/data-nonraid/maroulis/data/taxi_data/yellow_tripdata_2014_cleaned.csv,directCSV,60,1,18.549883973,"select count(CAST(column12 AS FLOAT)) as count_column12, min(CAST(column12 AS FLOAT)) as min_column12, max(CAST(column12 AS FLOAT)) as max_column12, sum(CAST(column12 AS FLOAT)) as sum_column12, avg(CAST(column12 AS FLOAT)) as avg_column12, count(CAST(column17 AS FLOAT)) as count_column17, min(CAST(column17 AS FLOAT)) as min_column17, max(CAST(column17 AS FLOAT)) as max_column17, sum(CAST(column17 AS FLOAT)) as sum_column17, avg(CAST(column17 AS FLOAT)) as avg_column17, count(CAST(column04 AS FLOAT)) as count_column04, min(CAST(column04 AS FLOAT)) as min_column04, max(CAST(column04 AS FLOAT)) as max_column04, sum(CAST(column04 AS FLOAT)) as sum_column04, avg(CAST(column04 AS FLOAT)) as avg_column04, count(CAST(column03 AS FLOAT)) as count_column03, min(CAST(column03 AS FLOAT)) as min_column03, max(CAST(column03 AS FLOAT)) as max_column03, sum(CAST(column03 AS FLOAT)) as sum_column03, avg(CAST(column03 AS FLOAT)) as avg_column03 from read_csv_auto('/data-nonraid/maroulis/data/taxi_data/yellow_tripdata_2014_cleaned.csv', ignore_errors = true) where CAST(column05 AS FLOAT) > CAST(-73.993805 AS FLOAT) AND CAST(column05 AS FLOAT) < CAST(-73.98756 AS FLOAT) AND CAST(column06 AS FLOAT) > CAST(40.750935 AS FLOAT) AND CAST(column06 AS FLOAT) < CAST(40.754063 AS FLOAT) AND (column12 >= 0.0 AND column12 <= 400.0 AND column04 <= 1000.0);",0,"{17=StatsDuckDB{count=1269757, min=0.0100, max=395.5000, sum=16980666.5075, mean=13.3732, sumOfSquares=NaN}, 3=StatsDuckDB{count=1269757, min=0.0000, max=9.0000, sum=2161323.0000, mean=1.7022, sumOfSquares=NaN}, 4=StatsDuckDB{count=1269757, min=0.0000, max=83.1000, sum=2939637.3601, mean=2.3151, sumOfSquares=NaN}, 12=StatsDuckDB{count=1269757, min=0.0000, max=395.0000, sum=14182072.2800, mean=11.1691, sumOfSquares=NaN}}","{17=1.6980666507453926E7, 3=2161323.0, 4=2939637.3600599784, 12=1.4182072280035276E7}"
/data-nonraid/maroulis/data/taxi_data/yellow_tripdata_2014_cleaned.csv,directCSV,61,1,18.43835006,"select count(CAST(column12 AS FLOAT)) as count_column12, min(CAST(column12 AS FLOAT)) as min_column12, max(CAST(column12 AS FLOAT)) as max_column12, sum(CAST(column12 AS FLOAT)) as sum_column12, avg(CAST(column12 AS FLOAT)) as avg_column12, count(CAST(column17 AS FLOAT)) as count_column17, min(CAST(column17 AS FLOAT)) as min_column17, max(CAST(column17 AS FLOAT)) as max_column17, sum(CAST(column17 AS FLOAT)) as sum_column17, avg(CAST(column17 AS FLOAT)) as avg_column17, count(CAST(column04 AS FLOAT)) as count_column04, min(CAST(column04 AS FLOAT)) as min_column04, max(CAST(column04 AS FLOAT)) as max_column04, sum(CAST(column04 AS FLOAT)) as sum_column04, avg(CAST(column04 AS FLOAT)) as avg_column04, count(CAST(column03 AS FLOAT)) as count_column03, min(CAST(column03 AS FLOAT)) as min_column03, max(CAST(column03 AS FLOAT)) as max_column03, sum(CAST(column03 AS FLOAT)) as sum_column03, avg(CAST(column03 AS FLOAT)) as avg_column03 from read_csv_auto('/data-nonraid/maroulis/data/taxi_data/yellow_tripdata_2014_cleaned.csv', ignore_errors = true) where CAST(column05 AS FLOAT) > CAST(-73.993805 AS FLOAT) AND CAST(column05 AS FLOAT) < CAST(-73.98756 AS FLOAT) AND CAST(column06 AS FLOAT) > CAST(40.75031 AS FLOAT) AND CAST(column06 AS FLOAT) < CAST(40.753437 AS FLOAT) AND (column12 >= 0.0 AND column12 <= 400.0 AND column04 <= 1000.0);",0,"{17=StatsDuckDB{count=1554823, min=0.0100, max=384.5000, sum=20543722.3615, mean=13.2129, sumOfSquares=NaN}, 3=StatsDuckDB{count=1554823, min=0.0000, max=9.0000, sum=2645742.0000, mean=1.7016, sumOfSquares=NaN}, 4=StatsDuckDB{count=1554823, min=0.0000, max=89.5000, sum=3563868.9798, mean=2.2921, sumOfSquares=NaN}, 12=StatsDuckDB{count=1554823, min=0.0000, max=322.8400, sum=17278212.2100, mean=11.1127, sumOfSquares=NaN}}","{17=2.0543722361452587E7, 3=2645742.0, 4=3563868.9797822367, 12=1.7278212210026998E7}"
/data-nonraid/maroulis/data/taxi_data/yellow_tripdata_2014_cleaned.csv,directCSV,62,1,18.647390796,"select count(CAST(column12 AS FLOAT)) as count_column12, min(CAST(column12 AS FLOAT)) as min_column12, max(CAST(column12 AS FLOAT)) as max_column12, sum(CAST(column12 AS FLOAT)) as sum_column12, avg(CAST(column12 AS FLOAT)) as avg_column12, count(CAST(column17 AS FLOAT)) as count_column17, min(CAST(column17 AS FLOAT)) as min_column17, max(CAST(column17 AS FLOAT)) as max_column17, sum(CAST(column17 AS FLOAT)) as sum_column17, avg(CAST(column17 AS FLOAT)) as avg_column17, count(CAST(column04 AS FLOAT)) as count_column04, min(CAST(column04 AS FLOAT)) as min_column04, max(CAST(column04 AS FLOAT)) as max_column04, sum(CAST(column04 AS FLOAT)) as sum_column04, avg(CAST(column04 AS FLOAT)) as avg_column04, count(CAST(column03 AS FLOAT)) as count_column03, min(CAST(column03 AS FLOAT)) as min_column03, max(CAST(column03 AS FLOAT)) as max_column03, sum(CAST(column03 AS FLOAT)) as sum_column03, avg(CAST(column03 AS FLOAT)) as avg_column03 from read_csv_auto('/data-nonraid/maroulis/data/taxi_data/yellow_tripdata_2014_cleaned.csv', ignore_errors = true) where CAST(column05 AS FLOAT) > CAST(-73.99312 AS FLOAT) AND CAST(column05 AS FLOAT) < CAST(-73.98687 AS FLOAT) AND CAST(column06 AS FLOAT) > CAST(40.75031 AS FLOAT) AND CAST(column06 AS FLOAT) < CAST(40.753437 AS FLOAT) AND (column12 >= 0.0 AND column12 <= 400.0 AND column04 <= 1000.0);",0,"{17=StatsDuckDB{count=1499603, min=0.0100, max=353.3000, sum=19634079.2497, mean=13.0929, sumOfSquares=NaN}, 3=StatsDuckDB{count=1499603, min=0.0000, max=9.0000, sum=2563717.0000, mean=1.7096, sumOfSquares=NaN}, 4=StatsDuckDB{count=1499603, min=0.0000, max=100.0000, sum=3396720.4098, mean=2.2651, sumOfSquares=NaN}, 12=StatsDuckDB{count=1499603, min=0.0000, max=322.8400, sum=16494307.1000, mean=10.9991, sumOfSquares=NaN}}","{17=1.9634079249738224E7, 3=2563717.0, 4=3396720.409759946, 12=1.6494307100021848E7}"
/data-nonraid/maroulis/data/taxi_data/yellow_tripdata_2014_cleaned.csv,directCSV,63,1,18.520531922,"select count(CAST(column12 AS FLOAT)) as count_column12, min(CAST(column12 AS FLOAT)) as min_column12, max(CAST(column12 AS FLOAT)) as max_column12, sum(CAST(column12 AS FLOAT)) as sum_column12, avg(CAST(column12 AS FLOAT)) as avg_column12, count(CAST(column17 AS FLOAT)) as count_column17, min(CAST(column17 AS FLOAT)) as min_column17, max(CAST(column17 AS FLOAT)) as max_column17, sum(CAST(column17 AS FLOAT)) as sum_column17, avg(CAST(column17 AS FLOAT)) as avg_column17, count(CAST(column04 AS FLOAT)) as count_column04, min(CAST(column04 AS FLOAT)) as min_column04, max(CAST(column04 AS FLOAT)) as max_column04, sum(CAST(column04 AS FLOAT)) as sum_column04, avg(CAST(column04 AS FLOAT)) as avg_column04, count(CAST(column03 AS FLOAT)) as count_column03, min(CAST(column03 AS FLOAT)) as min_column03, max(CAST(column03 AS FLOAT)) as max_column03, sum(CAST(column03 AS FLOAT)) as sum_column03, avg(CAST(column03 AS FLOAT)) as avg_column03 from read_csv_auto('/data-nonraid/maroulis/data/taxi_data/yellow_tripdata_2014_cleaned.csv', ignore_errors = true) where CAST(column05 AS FLOAT) > CAST(-73.993744 AS FLOAT) AND CAST(column05 AS FLOAT) < CAST(-73.987495 AS FLOAT) AND CAST(column06 AS FLOAT) > CAST(40.749996 AS FLOAT) AND CAST(column06 AS FLOAT) < CAST(40.753124 AS FLOAT) AND (column12 >= 0.0 AND column12 <= 400.0 AND column04 <= 1000.0);",0,"{17=StatsDuckDB{count=2054441, min=0.0100, max=466.7000, sum=27183172.9832, mean=13.2314, sumOfSquares=NaN}, 3=StatsDuckDB{count=2054441, min=0.0000, max=9.0000, sum=3468959.0000, mean=1.6885, sumOfSquares=NaN}, 4=StatsDuckDB{count=2054441, min=0.0000, max=100.0000, sum=4693830.2596, mean=2.2847, sumOfSquares=NaN}, 12=StatsDuckDB{count=2054441, min=0.0000, max=380.0100, sum=22951691.1700, mean=11.1717, sumOfSquares=NaN}}","{17=2.718317298319412E7, 3=3468959.0, 4=4693830.259600965, 12=2.2951691170037527E7}"
/data-nonraid/maroulis/data/taxi_data/yellow_tripdata_2014_cleaned.csv,directCSV,64,1,18.661678271,"select count(CAST(column12 AS FLOAT)) as count_column12, min(CAST(column12 AS FLOAT)) as min_column12, max(CAST(column12 AS FLOAT)) as max_column12, sum(CAST(column12 AS FLOAT)) as sum_column12, avg(CAST(column12 AS FLOAT)) as avg_column12, count(CAST(column17 AS FLOAT)) as count_column17, min(CAST(column17 AS FLOAT)) as min_column17, max(CAST(column17 AS FLOAT)) as max_column17, sum(CAST(column17 AS FLOAT)) as sum_column17, avg(CAST(column17 AS FLOAT)) as avg_column17, count(CAST(column04 AS FLOAT)) as count_column04, min(CAST(column04 AS FLOAT)) as min_column04, max(CAST(column04 AS FLOAT)) as max_column04, sum(CAST(column04 AS FLOAT)) as sum_column04, avg(CAST(column04 AS FLOAT)) as avg_column04, count(CAST(column03 AS FLOAT)) as count_column03, min(CAST(column03 AS FLOAT)) as min_column03, max(CAST(column03 AS FLOAT)) as max_column03, sum(CAST(column03 AS FLOAT)) as sum_column03, avg(CAST(column03 AS FLOAT)) as avg_column03 from read_csv_auto('/data-nonraid/maroulis/data/taxi_data/yellow_tripdata_2014_cleaned.csv', ignore_errors = true) where CAST(column05 AS FLOAT) > CAST(-73.992935 AS FLOAT) AND CAST(column05 AS FLOAT) < CAST(-73.98669 AS FLOAT) AND CAST(column06 AS FLOAT) > CAST(40.749996 AS FLOAT) AND CAST(column06 AS FLOAT) < CAST(40.753124 AS FLOAT) AND (column12 >= 0.0 AND column12 <= 400.0 AND column04 <= 1000.0);",0,"{17=StatsDuckDB{count=2007624, min=0.0100, max=466.7000, sum=26367827.5924, mean=13.1338, sumOfSquares=NaN}, 3=StatsDuckDB{count=2007624, min=0.0000, max=9.0000, sum=3402764.0000, mean=1.6949, sumOfSquares=NaN}, 4=StatsDuckDB{count=2007624, min=0.0000, max=100.0000, sum=4552240.8395, mean=2.2675, sumOfSquares=NaN}, 12=StatsDuckDB{count=2007624, min=0.0000, max=380.0100, sum=22232186.1400, mean=11.0739, sumOfSquares=NaN}}","{17=2.6367827592373855E7, 3=3402764.0, 4=4552240.839463957, 12=2.223218614002896E7}"
/data-nonraid/maroulis/data/taxi_data/yellow_tripdata_2014_cleaned.csv,directCSV,65,1,18.650271761,"select count(CAST(column12 AS FLOAT)) as count_column12, min(CAST(column12 AS FLOAT)) as min_column12, max(CAST(column12 AS FLOAT)) as max_column12, sum(CAST(column12 AS FLOAT)) as sum_column12, avg(CAST(column12 AS FLOAT)) as avg_column12, count(CAST(column17 AS FLOAT)) as count_column17, min(CAST(column17 AS FLOAT)) as min_column17, max(CAST(column17 AS FLOAT)) as max_column17, sum(CAST(column17 AS FLOAT)) as sum_column17, avg(CAST(column17 AS FLOAT)) as avg_column17, count(CAST(column04 AS FLOAT)) as count_column04, min(CAST(column04 AS FLOAT)) as min_column04, max(CAST(column04 AS FLOAT)) as max_column04, sum(CAST(column04 AS FLOAT)) as sum_column04, avg(CAST(column04 AS FLOAT)) as avg_column04, count(CAST(column03 AS FLOAT)) as count_column03, min(CAST(column03 AS FLOAT)) as min_column03, max(CAST(column03 AS FLOAT)) as max_column03, sum(CAST(column03 AS FLOAT)) as sum_column03, avg(CAST(column03 AS FLOAT)) as avg_column03 from read_csv_auto('/data-nonraid/maroulis/data/taxi_data/yellow_tripdata_2014_cleaned.csv', ignore_errors = true) where CAST(column05 AS FLOAT) > CAST(-73.993935 AS FLOAT) AND CAST(column05 AS FLOAT) < CAST(-73.987686 AS FLOAT) AND CAST(column06 AS FLOAT) > CAST(40.749996 AS FLOAT) AND CAST(column06 AS FLOAT) < CAST(40.753124 AS FLOAT) AND (column12 >= 0.0 AND column12 <= 400.0 AND column04 <= 1000.0);",0,"{17=StatsDuckDB{count=2099409, min=0.0100, max=466.7000, sum=27907893.4248, mean=13.2932, sumOfSquares=NaN}, 3=StatsDuckDB{count=2099409, min=0.0000, max=9.0000, sum=3540576.0000, mean=1.6865, sumOfSquares=NaN}, 4=StatsDuckDB{count=2099409, min=0.0000, max=100.0000, sum=4826941.2595, mean=2.2992, sumOfSquares=NaN}, 12=StatsDuckDB{count=2099409, min=0.0000, max=380.0100, sum=23560243.7100, mean=11.2223, sumOfSquares=NaN}}","{17=2.790789342476321E7, 3=3540576.0, 4=4826941.259497544, 12=2.3560243710039396E7}"
/data-nonraid/maroulis/data/taxi_data/yellow_tripdata_2014_cleaned.csv,directCSV,66,1,18.647065782,"select count(CAST(column12 AS FLOAT)) as count_column12, min(CAST(column12 AS FLOAT)) as min_column12, max(CAST(column12 AS FLOAT)) as max_column12, sum(CAST(column12 AS FLOAT)) as sum_column12, avg(CAST(column12 AS FLOAT)) as avg_column12, count(CAST(column17 AS FLOAT)) as count_column17, min(CAST(column17 AS FLOAT)) as min_column17, max(CAST(column17 AS FLOAT)) as max_column17, sum(CAST(column17 AS FLOAT)) as sum_column17, avg(CAST(column17 AS FLOAT)) as avg_column17, count(CAST(column04 AS FLOAT)) as count_column04, min(CAST(column04 AS FLOAT)) as min_column04, max(CAST(column04 AS FLOAT)) as max_column04, sum(CAST(column04 AS FLOAT)) as sum_column04, avg(CAST(column04 AS FLOAT)) as avg_column04, count(CAST(column03 AS FLOAT)) as count_column03, min(CAST(column03 AS FLOAT)) as min_column03, max(CAST(column03 AS FLOAT)) as max_column03, sum(CAST(column03 AS FLOAT)) as sum_column03, avg(CAST(column03 AS FLOAT)) as avg_column03 from read_csv_auto('/data-nonraid/maroulis/data/taxi_data/yellow_tripdata_2014_cleaned.csv', ignore_errors = true) where CAST(column05 AS FLOAT) > CAST(-73.992744 AS FLOAT) AND CAST(column05 AS FLOAT) < CAST(-73.986496 AS FLOAT) AND CAST(column06 AS FLOAT) > CAST(40.75059 AS FLOAT) AND CAST(column06 AS FLOAT) < CAST(40.75372 AS FLOAT) AND (column12 >= 0.0 AND column12 <= 400.0 AND column04 <= 1000.0);",0,"{17=StatsDuckDB{count=1253257, min=0.0000, max=395.5000, sum=16314284.2627, mean=13.0175, sumOfSquares=NaN}, 3=StatsDuckDB{count=1253257, min=0.0000, max=9.0000, sum=2141577.0000, mean=1.7088, sumOfSquares=NaN}, 4=StatsDuckDB{count=1253257, min=0.0000, max=100.0000, sum=2814654.8798, mean=2.2459, sumOfSquares=NaN}, 12=StatsDuckDB{count=1253257, min=0.0000, max=395.0000, sum=13648165.8700, mean=10.8902, sumOfSquares=NaN}}","{17=1.6314284262729645E7, 3=2141577.0, 4=2814654.8798250854, 12=1.364816587001729E7}"
/data-nonraid/maroulis/data/taxi_data/yellow_tripdata_2014_cleaned.csv,directCSV,67,1,18.431199457,"select count(CAST(column12 AS FLOAT)) as count_column12, min(CAST(column12 AS FLOAT)) as min_column12, max(CAST(column12 AS FLOAT)) as max_column12, sum(CAST(column12 AS FLOAT)) as sum_column12, avg(CAST(column12 AS FLOAT)) as avg_column12, count(CAST(column17 AS FLOAT)) as count_column17, min(CAST(column17 AS FLOAT)) as min_column17, max(CAST(column17 AS FLOAT)) as max_column17, sum(CAST(column17 AS FLOAT)) as sum_column17, avg(CAST(column17 AS FLOAT)) as avg_column17, count(CAST(column04 AS FLOAT)) as count_column04, min(CAST(column04 AS FLOAT)) as min_column04, max(CAST(column04 AS FLOAT)) as max_column04, sum(CAST(column04 AS FLOAT)) as sum_column04, avg(CAST(column04 AS FLOAT)) as avg_column04, count(CAST(column03 AS FLOAT)) as count_column03, min(CAST(column03 AS FLOAT)) as min_column03, max(CAST(column03 AS FLOAT)) as max_column03, sum(CAST(column03 AS FLOAT)) as sum_column03, avg(CAST(column03 AS FLOAT)) as avg_column03 from read_csv_auto('/data-nonraid/maroulis/data/taxi_data/yellow_tripdata_2014_cleaned.csv', ignore_errors = true) where CAST(column05 AS FLOAT) > CAST(-73.992744 AS FLOAT) AND CAST(column05 AS FLOAT) < CAST(-73.986496 AS FLOAT) AND CAST(column06 AS FLOAT) > CAST(40.750248 AS FLOAT) AND CAST(column06 AS FLOAT) < CAST(40.753376 AS FLOAT) AND (column12 >= 0.0 AND column12 <= 400.0 AND column04 <= 1000.0);",0,"{17=StatsDuckDB{count=1551908, min=2.5000, max=353.3000, sum=20314463.5620, mean=13.0900, sumOfSquares=NaN}, 3=StatsDuckDB{count=1551908, min=0.0000, max=9.0000, sum=2652433.0000, mean=1.7091, sumOfSquares=NaN}, 4=StatsDuckDB{count=1551908, min=0.0000, max=100.0000, sum=3522884.5896, mean=2.2700, sumOfSquares=NaN}, 12=StatsDuckDB{count=1551908, min=0.0000, max=322.8400, sum=17062801.7100, mean=10.9947, sumOfSquares=NaN}}","{17=2.0314463561980247E7, 3=2652433.0, 4=3522884.5896278284, 12=1.7062801710017443E7}"
/data-nonraid/maroulis/data/taxi_data/yellow_tripdata_2014_cleaned.csv,directCSV,68,1,18.41277894,"select count(CAST(column12 AS FLOAT)) as count_column12, min(CAST(column12 AS FLOAT)) as min_column12, max(CAST(column12 AS FLOAT)) as max_column12, sum(CAST(column12 AS FLOAT)) as sum_column12, avg(CAST(column12 AS FLOAT)) as avg_column12, count(CAST(column17 AS FLOAT)) as count_column17, min(CAST(column17 AS FLOAT)) as min_column17, max(CAST(column17 AS FLOAT)) as max_column17, sum(CAST(column17 AS FLOAT)) as sum_column17, avg(CAST(column17 AS FLOAT)) as avg_column17, count(CAST(column04 AS FLOAT)) as count_column04, min(CAST(column04 AS FLOAT)) as min_column04, max(CAST(column04 AS FLOAT)) as max_column04, sum(CAST(column04 AS FLOAT)) as sum_column04, avg(CAST(column04 AS FLOAT)) as avg_column04, count(CAST(column03 AS FLOAT)) as count_column03, min(CAST(column03 AS FLOAT)) as min_column03, max(CAST(column03 AS FLOAT)) as max_column03, sum(CAST(column03 AS FLOAT)) as sum_column03, avg(CAST(column03 AS FLOAT)) as avg_column03 from read_csv_auto('/data-nonraid/maroulis/data/taxi_data/yellow_tripdata_2014_cleaned.csv', ignore_errors = true) where CAST(column05 AS FLOAT) > CAST(-73.991684 AS FLOAT) AND CAST(column05 AS FLOAT) < CAST(-73.985435 AS FLOAT) AND CAST(column06 AS FLOAT) > CAST(40.75078 AS FLOAT) AND CAST(column06 AS FLOAT) < CAST(40.753906 AS FLOAT) AND (column12 >= 0.0 AND column12 <= 400.0 AND column04 <= 1000.0);",0,"{17=StatsDuckDB{count=1262541, min=0.0000, max=395.5000, sum=16580756.3888, mean=13.1328, sumOfSquares=NaN}, 3=StatsDuckDB{count=1262541, min=0.0000, max=7.0000, sum=2163717.0000, mean=1.7138, sumOfSquares=NaN}, 4=StatsDuckDB{count=1262541, min=0.0000, max=100.0000, sum=2892390.6498, mean=2.2909, sumOfSquares=NaN}, 12=StatsDuckDB{count=1262541, min=0.0000, max=395.0000, sum=13791871.6300, mean=10.9239, sumOfSquares=NaN}}","{17=1.658075638877821E7, 3=2163717.0, 4=2892390.6498229653, 12=1.3791871630046844E7}"
/data-nonraid/maroulis/data/taxi_data/yellow_tripdata_2014_cleaned.csv,directCSV,69,1,18.802774099,"select count(CAST(column12 AS FLOAT)) as count_column12, min(CAST(column12 AS FLOAT)) as min_column12, max(CAST(column12 AS FLOAT)) as max_column12, sum(CAST(column12 AS FLOAT)) as sum_column12, avg(CAST(column12 AS FLOAT)) as avg_column12, count(CAST(column17 AS FLOAT)) as count_column17, min(CAST(column17 AS FLOAT)) as min_column17, max(CAST(column17 AS FLOAT)) as max_column17, sum(CAST(column17 AS FLOAT)) as sum_column17, avg(CAST(column17 AS FLOAT)) as avg_column17, count(CAST(column04 AS FLOAT)) as count_column04, min(CAST(column04 AS FLOAT)) as min_column04, max(CAST(column04 AS FLOAT)) as max_column04, sum(CAST(column04 AS FLOAT)) as sum_column04, avg(CAST(column04 AS FLOAT)) as avg_column04, count(CAST(column03 AS FLOAT)) as count_column03, min(CAST(column03 AS FLOAT)) as min_column03, max(CAST(column03 AS FLOAT)) as max_column03, sum(CAST(column03 AS FLOAT)) as sum_column03, avg(CAST(column03 AS FLOAT)) as avg_column03 from read_csv_auto('/data-nonraid/maroulis/data/taxi_data/yellow_tripdata_2014_cleaned.csv', ignore_errors = true) where CAST(column05 AS FLOAT) > CAST(-73.994804 AS FLOAT) AND CAST(column05 AS FLOAT) < CAST(-73.98231 AS FLOAT) AND CAST(column06 AS FLOAT) > CAST(40.749214 AS FLOAT) AND CAST(column06 AS FLOAT) < CAST(40.75547 AS FLOAT) AND (column12 >= 0.0 AND column12 <= 400.0 AND column04 <= 1000.0);",0,"{17=StatsDuckDB{count=7270425, min=0.0000, max=495.5000, sum=99902709.6986, mean=13.7410, sumOfSquares=NaN}, 3=StatsDuckDB{count=7270425, min=0.0000, max=9.0000, sum=12311236.0000, mean=1.6933, sumOfSquares=NaN}, 4=StatsDuckDB{count=7270425, min=0.0000, max=100.0000, sum=17472536.8985, mean=2.4032, sumOfSquares=NaN}, 12=StatsDuckDB{count=7270425, min=0.0000, max=400.0000, sum=83587383.7202, mean=11.4969, sumOfSquares=NaN}}","{17=9.990270969855095E7, 3=1.2311236E7, 4=1.747253689849268E7, 12=8.358738372021966E7}"
/data-nonraid/maroulis/data/taxi_data/yellow_tripdata_2014_cleaned.csv,directCSV,70,1,19.063726523,"select count(CAST(column12 AS FLOAT)) as count_column12, min(CAST(column12 AS FLOAT)) as min_column12, max(CAST(column12 AS FLOAT)) as max_column12, sum(CAST(column12 AS FLOAT)) as sum_column12, avg(CAST(column12 AS FLOAT)) as avg_column12, count(CAST(column17 AS FLOAT)) as count_column17, min(CAST(column17 AS FLOAT)) as min_column17, max(CAST(column17 AS FLOAT)) as max_column17, sum(CAST(column17 AS FLOAT)) as sum_column17, avg(CAST(column17 AS FLOAT)) as avg_column17, count(CAST(column04 AS FLOAT)) as count_column04, min(CAST(column04 AS FLOAT)) as min_column04, max(CAST(column04 AS FLOAT)) as max_column04, sum(CAST(column04 AS FLOAT)) as sum_column04, avg(CAST(column04 AS FLOAT)) as avg_column04, count(CAST(column03 AS FLOAT)) as count_column03, min(CAST(column03 AS FLOAT)) as min_column03, max(CAST(column03 AS FLOAT)) as max_column03, sum(CAST(column03 AS FLOAT)) as sum_column03, avg(CAST(column03 AS FLOAT)) as avg_column03 from read_csv_auto('/data-nonraid/maroulis/data/taxi_data/yellow_tripdata_2014_cleaned.csv', ignore_errors = true) where CAST(column05 AS FLOAT) > CAST(-74.00105 AS FLOAT) AND CAST(column05 AS FLOAT) < CAST(-73.97606 AS FLOAT) AND CAST(column06 AS FLOAT) > CAST(40.746086 AS FLOAT) AND CAST(column06 AS FLOAT) < CAST(40.7586 AS FLOAT) AND (column12 >= 0.0 AND column12 <= 400.0 AND column04 <= 1000.0);",0,"{17=StatsDuckDB{count=22303815, min=0.0000, max=495.5000, sum=304741389.3164, mean=13.6632, sumOfSquares=NaN}, 3=StatsDuckDB{count=22303815, min=0.0000, max=9.0000, sum=37921950.0000, mean=1.7002, sumOfSquares=NaN}, 4=StatsDuckDB{count=22303815, min=0.0000, max=504.3000, sum=53906004.4360, mean=2.4169, sumOfSquares=NaN}, 12=StatsDuckDB{count=22303815, min=0.0000, max=400.0000, sum=253583646.9407, mean=11.3695, sumOfSquares=NaN}}","{17=3.0474138931635964E8, 3=3.792195E7, 4=5.390600443596446E7, 12=2.5358364694074664E8}"
/data-nonraid/maroulis/data/taxi_data/yellow_tripdata_2014_cleaned.csv,directCSV,71,1,19.685603741,"select count(CAST(column12 AS FLOAT)) as count_column12, min(CAST(column12 AS FLOAT)) as min_column12, max(CAST(column12 AS FLOAT)) as max_column12, sum(CAST(column12 AS FLOAT)) as sum_column12, avg(CAST(column12 AS FLOAT)) as avg_column12, count(CAST(column17 AS FLOAT)) as count_column17, min(CAST(column17 AS FLOAT)) as min_column17, max(CAST(column17 AS FLOAT)) as max_column17, sum(CAST(column17 AS FLOAT)) as sum_column17, avg(CAST(column17 AS FLOAT)) as avg_column17, count(CAST(column04 AS FLOAT)) as count_column04, min(CAST(column04 AS FLOAT)) as min_column04, max(CAST(column04 AS FLOAT)) as max_column04, sum(CAST(column04 AS FLOAT)) as sum_column04, avg(CAST(column04 AS FLOAT)) as avg_column04, count(CAST(column03 AS FLOAT)) as count_column03, min(CAST(column03 AS FLOAT)) as min_column03, max(CAST(column03 AS FLOAT)) as max_column03, sum(CAST(column03 AS FLOAT)) as sum_column03, avg(CAST(column03 AS FLOAT)) as avg_column03 from read_csv_auto('/data-nonraid/maroulis/data/taxi_data/yellow_tripdata_2014_cleaned.csv', ignore_errors = true) where CAST(column05 AS FLOAT) > CAST(-74.01355 AS FLOAT) AND CAST(column05 AS FLOAT) < CAST(-73.96356 AS FLOAT) AND CAST(column06 AS FLOAT) > CAST(40.73983 AS FLOAT) AND CAST(column06 AS FLOAT) < CAST(40.764854 AS FLOAT) AND (column12 >= 0.0 AND column12 <= 400.0 AND column04 <= 1000.0);",0,"{17=StatsDuckDB{count=65170683, min=0.0000, max=1007.5100, sum=894116137.1390, mean=13.7196, sumOfSquares=NaN}, 3=StatsDuckDB{count=65170683, min=0.0000, max=9.0000, sum=110954601.0000, mean=1.7025, sumOfSquares=NaN}, 4=StatsDuckDB{count=65170683, min=0.0000, max=504.3000, sum=159066826.1446, mean=2.4408, sumOfSquares=NaN}, 12=StatsDuckDB{count=65170683, min=0.0000, max=400.0000, sum=739684586.4722, mean=11.3500, sumOfSquares=NaN}}","{17=8.941161371390281E8, 3=1.10954601E8, 4=1.5906682614461228E8, 12=7.396845864722265E8}"
/data-nonraid/maroulis/data/taxi_data/yellow_tripdata_2014_cleaned.csv,directCSV,72,1,19.493843923,"select count(CAST(column12 AS FLOAT)) as count_column12, min(CAST(column12 AS FLOAT)) as min_column12, max(CAST(column12 AS FLOAT)) as max_column12, sum(CAST(column12 AS FLOAT)) as sum_column12, avg(CAST(column12 AS FLOAT)) as avg_column12, count(CAST(column17 AS FLOAT)) as count_column17, min(CAST(column17 AS FLOAT)) as min_column17, max(CAST(column17 AS FLOAT)) as max_column17, sum(CAST(column17 AS FLOAT)) as sum_column17, avg(CAST(column17 AS FLOAT)) as avg_column17, count(CAST(column04 AS FLOAT)) as count_column04, min(CAST(column04 AS FLOAT)) as min_column04, max(CAST(column04 AS FLOAT)) as max_column04, sum(CAST(column04 AS FLOAT)) as sum_column04, avg(CAST(column04 AS FLOAT)) as avg_column04, count(CAST(column03 AS FLOAT)) as count_column03, min(CAST(column03 AS FLOAT)) as min_column03, max(CAST(column03 AS FLOAT)) as max_column03, sum(CAST(column03 AS FLOAT)) as sum_column03, avg(CAST(column03 AS FLOAT)) as avg_column03 from read_csv_auto('/data-nonraid/maroulis/data/taxi_data/yellow_tripdata_2014_cleaned.csv', ignore_errors = true) where CAST(column05 AS FLOAT) > CAST(-74.01755 AS FLOAT) AND CAST(column05 AS FLOAT) < CAST(-73.96756 AS FLOAT) AND CAST(column06 AS FLOAT) > CAST(40.741833 AS FLOAT) AND CAST(column06 AS FLOAT) < CAST(40.766857 AS FLOAT) AND (column12 >= 0.0 AND column12 <= 400.0 AND column04 <= 1000.0);",0,"{17=StatsDuckDB{count=60327809, min=0.0000, max=626.6700, sum=832854602.8358, mean=13.8055, sumOfSquares=NaN}, 3=StatsDuckDB{count=60327809, min=0.0000, max=9.0000, sum=102856955.0000, mean=1.7050, sumOfSquares=NaN}, 4=StatsDuckDB{count=60327809, min=0.0000, max=504.3000, sum=148411505.7184, mean=2.4601, sumOfSquares=NaN}, 12=StatsDuckDB{count=60327809, min=0.0000, max=400.0000, sum=689477055.7722, mean=11.4288, sumOfSquares=NaN}}","{17=8.328546028357756E8, 3=1.02856955E8, 4=1.4841150571842575E8, 12=6.894770557721939E8}"
/data-nonraid/maroulis/data/taxi_data/yellow_tripdata_2014_cleaned.csv,directCSV,73,1,19.619892379,"select count(CAST(column12 AS FLOAT)) as count_column12, min(CAST(column12 AS FLOAT)) as min_column12, max(CAST(column12 AS FLOAT)) as max_column12, sum(CAST(column12 AS FLOAT)) as sum_column12, avg(CAST(column12 AS FLOAT)) as avg_column12, count(CAST(column17 AS FLOAT)) as count_column17, min(CAST(column17 AS FLOAT)) as min_column17, max(CAST(column17 AS FLOAT)) as max_column17, sum(CAST(column17 AS FLOAT)) as sum_column17, avg(CAST(column17 AS FLOAT)) as avg_column17, count(CAST(column04 AS FLOAT)) as count_column04, min(CAST(column04 AS FLOAT)) as min_column04, max(CAST(column04 AS FLOAT)) as max_column04, sum(CAST(column04 AS FLOAT)) as sum_column04, avg(CAST(column04 AS FLOAT)) as avg_column04, count(CAST(column03 AS FLOAT)) as count_column03, min(CAST(column03 AS FLOAT)) as min_column03, max(CAST(column03 AS FLOAT)) as max_column03, sum(CAST(column03 AS FLOAT)) as sum_column03, avg(CAST(column03 AS FLOAT)) as avg_column03 from read_csv_auto('/data-nonraid/maroulis/data/taxi_data/yellow_tripdata_2014_cleaned.csv', ignore_errors = true) where CAST(column05 AS FLOAT) > CAST(-74.01305 AS FLOAT) AND CAST(column05 AS FLOAT) < CAST(-73.96306 AS FLOAT) AND CAST(column06 AS FLOAT) > CAST(40.744083 AS FLOAT) AND CAST(column06 AS FLOAT) < CAST(40.769108 AS FLOAT) AND (column12 >= 0.0 AND column12 <= 400.0 AND column04 <= 1000.0);",0,"{17=StatsDuckDB{count=61873909, min=0.0000, max=626.6700, sum=848678273.0564, mean=13.7163, sumOfSquares=NaN}, 3=StatsDuckDB{count=61873909, min=0.0000, max=9.0000, sum=105233087.0000, mean=1.7008, sumOfSquares=NaN}, 4=StatsDuckDB{count=61873909, min=0.0000, max=504.3000, sum=151006160.4186, mean=2.4405, sumOfSquares=NaN}, 12=StatsDuckDB{count=61873909, min=0.0000, max=400.0000, sum=703566488.3222, mean=11.3710, sumOfSquares=NaN}}","{17=8.486782730563835E8, 3=1.05233087E8, 4=1.51006160418576E8, 12=7.035664883222307E8}"
/data-nonraid/maroulis/data/taxi_data/yellow_tripdata_2014_cleaned.csv,directCSV,74,1,19.853081808,"select count(CAST(column12 AS FLOAT)) as count_column12, min(CAST(column12 AS FLOAT)) as min_column12, max(CAST(column12 AS FLOAT)) as max_column12, sum(CAST(column12 AS FLOAT)) as sum_column12, avg(CAST(column12 AS FLOAT)) as avg_column12, count(CAST(column17 AS FLOAT)) as count_column17, min(CAST(column17 AS FLOAT)) as min_column17, max(CAST(column17 AS FLOAT)) as max_column17, sum(CAST(column17 AS FLOAT)) as sum_column17, avg(CAST(column17 AS FLOAT)) as avg_column17, count(CAST(column04 AS FLOAT)) as count_column04, min(CAST(column04 AS FLOAT)) as min_column04, max(CAST(column04 AS FLOAT)) as max_column04, sum(CAST(column04 AS FLOAT)) as sum_column04, avg(CAST(column04 AS FLOAT)) as avg_column04, count(CAST(column03 AS FLOAT)) as count_column03, min(CAST(column03 AS FLOAT)) as min_column03, max(CAST(column03 AS FLOAT)) as max_column03, sum(CAST(column03 AS FLOAT)) as sum_column03, avg(CAST(column03 AS FLOAT)) as avg_column03 from read_csv_auto('/data-nonraid/maroulis/data/taxi_data/yellow_tripdata_2014_cleaned.csv', ignore_errors = true) where CAST(column05 AS FLOAT) > CAST(-74.01305 AS FLOAT) AND CAST(column05 AS FLOAT) < CAST(-73.96306 AS FLOAT) AND CAST(column06 AS FLOAT) > CAST(40.74158 AS FLOAT) AND CAST(column06 AS FLOAT) < CAST(40.766605 AS FLOAT) AND (column12 >= 0.0 AND column12 <= 400.0 AND column04 <= 1000.0);",0,"{17=StatsDuckDB{count=64394773, min=0.0000, max=1007.5100, sum=882446748.3246, mean=13.7037, sumOfSquares=NaN}, 3=StatsDuckDB{count=64394773, min=0.0000, max=9.0000, sum=109616694.0000, mean=1.7023, sumOfSquares=NaN}, 4=StatsDuckDB{count=64394773, min=0.0000, max=504.3000, sum=157056658.4865, mean=2.4390, sumOfSquares=NaN}, 12=StatsDuckDB{count=64394773, min=0.0000, max=400.0000, sum=730722639.2622, mean=11.3475, sumOfSquares=NaN}}","{17=8.824467483246222E8, 3=1.09616694E8, 4=1.5705665848645034E8, 12=7.307226392622459E8}"
/data-nonraid/maroulis/data/taxi_data/yellow_tripdata_2014_cleaned.csv,directCSV,75,1,19.6012779,"select count(CAST(column12 AS FLOAT)) as count_column12, min(CAST(column12 AS FLOAT)) as min_column12, max(CAST(column12 AS FLOAT)) as max_column12, sum(CAST(column12 AS FLOAT)) as sum_column12, avg(CAST(column12 AS FLOAT)) as avg_column12, count(CAST(column17 AS FLOAT)) as count_column17, min(CAST(column17 AS FLOAT)) as min_column17, max(CAST(column17 AS FLOAT)) as max_column17, sum(CAST(column17 AS FLOAT)) as sum_column17, avg(CAST(column17 AS FLOAT)) as avg_column17, count(CAST(column04 AS FLOAT)) as count_column04, min(CAST(column04 AS FLOAT)) as min_column04, max(CAST(column04 AS FLOAT)) as max_column04, sum(CAST(column04 AS FLOAT)) as sum_column04, avg(CAST(column04 AS FLOAT)) as avg_column04, count(CAST(column03 AS FLOAT)) as count_column03, min(CAST(column03 AS FLOAT)) as min_column03, max(CAST(column03 AS FLOAT)) as max_column03, sum(CAST(column03 AS FLOAT)) as sum_column03, avg(CAST(column03 AS FLOAT)) as avg_column03 from read_csv_auto('/data-nonraid/maroulis/data/taxi_data/yellow_tripdata_2014_cleaned.csv', ignore_errors = true) where CAST(column05 AS FLOAT) > CAST(-74.007545 AS FLOAT) AND CAST(column05 AS FLOAT) < CAST(-73.95756 AS FLOAT) AND CAST(column06 AS FLOAT) > CAST(40.744335 AS FLOAT) AND CAST(column06 AS FLOAT) < CAST(40.76936 AS FLOAT) AND (column12 >= 0.0 AND column12 <= 400.0 AND column04 <= 1000.0);",0,"{17=StatsDuckDB{count=64173727, min=0.0000, max=626.6700, sum=877406806.7610, mean=13.6724, sumOfSquares=NaN}, 3=StatsDuckDB{count=64173727, min=0.0000, max=9.0000, sum=108987866.0000, mean=1.6983, sumOfSquares=NaN}, 4=StatsDuckDB{count=64173727, min=0.0000, max=504.3000, sum=156128407.6084, mean=2.4329, sumOfSquares=NaN}, 12=StatsDuckDB{count=64173727, min=0.0000, max=400.0000, sum=727775176.5723, mean=11.3407, sumOfSquares=NaN}}","{17=8.774068067610475E8, 3=1.08987866E8, 4=1.5612840760840577E8, 12=7.277751765722673E8}"
/data-nonraid/maroulis/data/taxi_data/yellow_tripdata_2014_cleaned.csv,directCSV,76,1,19.403322219,"select count(CAST(column12 AS FLOAT)) as count_column12, min(CAST(column12 AS FLOAT)) as min_column12, max(CAST(column12 AS FLOAT)) as max_column12, sum(CAST(column12 AS FLOAT)) as sum_column12, avg(CAST(column12 AS FLOAT)) as avg_column12, count(CAST(column17 AS FLOAT)) as count_column17, min(CAST(column17 AS FLOAT)) as min_column17, max(CAST(column17 AS FLOAT)) as max_column17, sum(CAST(column17 AS FLOAT)) as sum_column17, avg(CAST(column17 AS FLOAT)) as avg_column17, count(CAST(column04 AS FLOAT)) as count_column04, min(CAST(column04 AS FLOAT)) as min_column04, max(CAST(column04 AS FLOAT)) as max_column04, sum(CAST(column04 AS FLOAT)) as sum_column04, avg(CAST(column04 AS FLOAT)) as avg_column04, count(CAST(column03 AS FLOAT)) as count_column03, min(CAST(column03 AS FLOAT)) as min_column03, max(CAST(column03 AS FLOAT)) as max_column03, sum(CAST(column03 AS FLOAT)) as sum_column03, avg(CAST(column03 AS FLOAT)) as avg_column03 from read_csv_auto('/data-nonraid/maroulis/data/taxi_data/yellow_tripdata_2014_cleaned.csv', ignore_errors = true) where CAST(column05 AS FLOAT) > CAST(-74.00255 AS FLOAT) AND CAST(column05 AS FLOAT) < CAST(-73.95256 AS FLOAT) AND CAST(column06 AS FLOAT) > CAST(40.741833 AS FLOAT) AND CAST(column06 AS FLOAT) < CAST(40.766857 AS FLOAT) AND (column12 >= 0.0 AND column12 <= 400.0 AND column04 <= 1000.0);",0,"{17=StatsDuckDB{count=64234236, min=0.0000, max=626.6700, sum=879344815.9964, mean=13.6897, sumOfSquares=NaN}, 3=StatsDuckDB{count=64234236, min=0.0000, max=9.0000, sum=109124044.0000, mean=1.6988, sumOfSquares=NaN}, 4=StatsDuckDB{count=64234236, min=0.0000, max=504.3000, sum=156705260.7398, mean=2.4396, sumOfSquares=NaN}, 12=StatsDuckDB{count=64234236, min=0.0000, max=400.0000, sum=728856989.0823, mean=11.3469, sumOfSquares=NaN}}","{17=8.793448159964371E8, 3=1.09124044E8, 4=1.5670526073979697E8, 12=7.288569890822529E8}"
/data-nonraid/maroulis/data/taxi_data/yellow_tripdata_2014_cleaned.csv,directCSV,77,1,19.4083386,"select count(CAST(column12 AS FLOAT)) as count_column12, min(CAST(column12 AS FLOAT)) as min_column12, max(CAST(column12 AS FLOAT)) as max_column12, sum(CAST(column12 AS FLOAT)) as sum_column12, avg(CAST(column12 AS FLOAT)) as avg_column12, count(CAST(column17 AS FLOAT)) as count_column17, min(CAST(column17 AS FLOAT)) as min_column17, max(CAST(column17 AS FLOAT)) as max_column17, sum(CAST(column17 AS FLOAT)) as sum_column17, avg(CAST(column17 AS FLOAT)) as avg_column17, count(CAST(column04 AS FLOAT)) as count_column04, min(CAST(column04 AS FLOAT)) as min_column04, max(CAST(column04 AS FLOAT)) as max_column04, sum(CAST(column04 AS FLOAT)) as sum_column04, avg(CAST(column04 AS FLOAT)) as avg_column04, count(CAST(column03 AS FLOAT)) as count_column03, min(CAST(column03 AS FLOAT)) as min_column03, max(CAST(column03 AS FLOAT)) as max_column03, sum(CAST(column03 AS FLOAT)) as sum_column03, avg(CAST(column03 AS FLOAT)) as avg_column03 from read_csv_auto('/data-nonraid/maroulis/data/taxi_data/yellow_tripdata_2014_cleaned.csv', ignore_errors = true) where CAST(column05 AS FLOAT) > CAST(-73.99855 AS FLOAT) AND CAST(column05 AS FLOAT) < CAST(-73.94856 AS FLOAT) AND CAST(column06 AS FLOAT) > CAST(40.741833 AS FLOAT) AND CAST(column06 AS FLOAT) < CAST(40.766857 AS FLOAT) AND (column12 >= 0.0 AND column12 <= 400.0 AND column04 <= 1000.0);",0,"{17=StatsDuckDB{count=62352959, min=0.0000, max=626.6700, sum=854200055.8831, mean=13.6994, sumOfSquares=NaN}, 3=StatsDuckDB{count=62352959, min=0.0000, max=9.0000, sum=105885821.0000, mean=1.6982, sumOfSquares=NaN}, 4=StatsDuckDB{count=62352959, min=0.0000, max=504.3000, sum=152311805.3506, mean=2.4427, sumOfSquares=NaN}, 12=StatsDuckDB{count=62352959, min=0.0000, max=400.0000, sum=708045656.9522, mean=11.3554, sumOfSquares=NaN}}","{17=8.542000558830535E8, 3=1.05885821E8, 4=1.5231180535060388E8, 12=7.08045656952215E8}"
/data-nonraid/maroulis/data/taxi_data/yellow_tripdata_2014_cleaned.csv,directCSV,78,1,19.361021284,"select count(CAST(column12 AS FLOAT)) as count_column12, min(CAST(column12 AS FLOAT)) as min_column12, max(CAST(column12 AS FLOAT)) as max_column12, sum(CAST(column12 AS FLOAT)) as sum_column12, avg(CAST(column12 AS FLOAT)) as avg_column12, count(CAST(column17 AS FLOAT)) as count_column17, min(CAST(column17 AS FLOAT)) as min_column17, max(CAST(column17 AS FLOAT)) as max_column17, sum(CAST(column17 AS FLOAT)) as sum_column17, avg(CAST(column17 AS FLOAT)) as avg_column17, count(CAST(column04 AS FLOAT)) as count_column04, min(CAST(column04 AS FLOAT)) as min_column04, max(CAST(column04 AS FLOAT)) as max_column04, sum(CAST(column04 AS FLOAT)) as sum_column04, avg(CAST(column04 AS FLOAT)) as avg_column04, count(CAST(column03 AS FLOAT)) as count_column03, min(CAST(column03 AS FLOAT)) as min_column03, max(CAST(column03 AS FLOAT)) as max_column03, sum(CAST(column03 AS FLOAT)) as sum_column03, avg(CAST(column03 AS FLOAT)) as avg_column03 from read_csv_auto('/data-nonraid/maroulis/data/taxi_data/yellow_tripdata_2014_cleaned.csv', ignore_errors = true) where CAST(column05 AS FLOAT) > CAST(-73.99205 AS FLOAT) AND CAST(column05 AS FLOAT) < CAST(-73.94206 AS FLOAT) AND CAST(column06 AS FLOAT) > CAST(40.745087 AS FLOAT) AND CAST(column06 AS FLOAT) < CAST(40.77011 AS FLOAT) AND (column12 >= 0.0 AND column12 <= 400.0 AND column04 <= 1000.0);",0,"{17=StatsDuckDB{count=55435886, min=0.0000, max=621.9800, sum=757835585.3985, mean=13.6705, sumOfSquares=NaN}, 3=StatsDuckDB{count=55435886, min=0.0000, max=9.0000, sum=94057978.0000, mean=1.6967, sumOfSquares=NaN}, 4=StatsDuckDB{count=55435886, min=0.0000, max=500.0000, sum=135353661.5221, mean=2.4416, sumOfSquares=NaN}, 12=StatsDuckDB{count=55435886, min=0.0000, max=400.0000, sum=629050332.2820, mean=11.3473, sumOfSquares=NaN}}","{17=7.578355853985456E8, 3=9.4057978E7, 4=1.3535366152209258E8, 12=6.290503322820036E8}"
/data-nonraid/maroulis/data/taxi_data/yellow_tripdata_2014_cleaned.csv,directCSV,79,1,19.346011466,"select count(CAST(column12 AS FLOAT)) as count_column12, min(CAST(column12 AS FLOAT)) as min_column12, max(CAST(column12 AS FLOAT)) as max_column12, sum(CAST(column12 AS FLOAT)) as sum_column12, avg(CAST(column12 AS FLOAT)) as avg_column12, count(CAST(column17 AS FLOAT)) as count_column17, min(CAST(column17 AS FLOAT)) as min_column17, max(CAST(column17 AS FLOAT)) as max_column17, sum(CAST(column17 AS FLOAT)) as sum_column17, avg(CAST(column17 AS FLOAT)) as avg_column17, count(CAST(column04 AS FLOAT)) as count_column04, min(CAST(column04 AS FLOAT)) as min_column04, max(CAST(column04 AS FLOAT)) as max_column04, sum(CAST(column04 AS FLOAT)) as sum_column04, avg(CAST(column04 AS FLOAT)) as avg_column04, count(CAST(column03 AS FLOAT)) as count_column03, min(CAST(column03 AS FLOAT)) as min_column03, max(CAST(column03 AS FLOAT)) as max_column03, sum(CAST(column03 AS FLOAT)) as sum_column03, avg(CAST(column03 AS FLOAT)) as avg_column03 from read_csv_auto('/data-nonraid/maroulis/data/taxi_data/yellow_tripdata_2014_cleaned.csv', ignore_errors = true) where CAST(column05 AS FLOAT) > CAST(-73.98805 AS FLOAT) AND CAST(column05 AS FLOAT) < CAST(-73.938065 AS FLOAT) AND CAST(column06 AS FLOAT) > CAST(40.74709 AS FLOAT) AND CAST(column06 AS FLOAT) < CAST(40.772114 AS FLOAT) AND (column12 >= 0.0 AND column12 <= 400.0 AND column04 <= 1000.0);",0,"{17=StatsDuckDB{count=48513442, min=0.0000, max=621.9800, sum=661385137.9802, mean=13.6330, sumOfSquares=NaN}, 3=StatsDuckDB{count=48513442, min=0.0000, max=9.0000, sum=82283585.0000, mean=1.6961, sumOfSquares=NaN}, 4=StatsDuckDB{count=48513442, min=0.0000, max=500.0000, sum=118102590.7528, mean=2.4344, sumOfSquares=NaN}, 12=StatsDuckDB{count=48513442, min=0.0000, max=400.0000, sum=548523101.6517, mean=11.3066, sumOfSquares=NaN}}","{17=6.613851379801885E8, 3=8.2283585E7, 4=1.1810259075282855E8, 12=5.485231016517471E8}"
/data-nonraid/maroulis/data/taxi_data/yellow_tripdata_2014_cleaned.csv,directCSV,80,1,19.089045689,"select count(CAST(column12 AS FLOAT)) as count_column12, min(CAST(column12 AS FLOAT)) as min_column12, max(CAST(column12 AS FLOAT)) as max_column12, sum(CAST(column12 AS FLOAT)) as sum_column12, avg(CAST(column12 AS FLOAT)) as avg_column12, count(CAST(column17 AS FLOAT)) as count_column17, min(CAST(column17 AS FLOAT)) as min_column17, max(CAST(column17 AS FLOAT)) as max_column17, sum(CAST(column17 AS FLOAT)) as sum_column17, avg(CAST(column17 AS FLOAT)) as avg_column17, count(CAST(column04 AS FLOAT)) as count_column04, min(CAST(column04 AS FLOAT)) as min_column04, max(CAST(column04 AS FLOAT)) as max_column04, sum(CAST(column04 AS FLOAT)) as sum_column04, avg(CAST(column04 AS FLOAT)) as avg_column04, count(CAST(column03 AS FLOAT)) as count_column03, min(CAST(column03 AS FLOAT)) as min_column03, max(CAST(column03 AS FLOAT)) as max_column03, sum(CAST(column03 AS FLOAT)) as sum_column03, avg(CAST(column03 AS FLOAT)) as avg_column03 from read_csv_auto('/data-nonraid/maroulis/data/taxi_data/yellow_tripdata_2014_cleaned.csv', ignore_errors = true) where CAST(column05 AS FLOAT) > CAST(-73.98155 AS FLOAT) AND CAST(column05 AS FLOAT) < CAST(-73.931564 AS FLOAT) AND CAST(column06 AS FLOAT) > CAST(40.74709 AS FLOAT) AND CAST(column06 AS FLOAT) < CAST(40.772114 AS FLOAT) AND (column12 >= 0.0 AND column12 <= 400.0 AND column04 <= 1000.0);",0,"{17=StatsDuckDB{count=36108286, min=0.0000, max=621.9800, sum=485224360.1923, mean=13.4380, sumOfSquares=NaN}, 3=StatsDuckDB{count=36108286, min=0.0000, max=9.0000, sum=60800048.0000, mean=1.6838, sumOfSquares=NaN}, 4=StatsDuckDB{count=36108286, min=0.0000, max=500.0000, sum=85976830.8766, mean=2.3811, sumOfSquares=NaN}, 12=StatsDuckDB{count=36108286, min=0.0000, max=400.0000, sum=402325664.8411, mean=11.1422, sumOfSquares=NaN}}","{17=4.852243601923463E8, 3=6.0800048E7, 4=8.597683087657149E7, 12=4.0232566484114975E8}"
/data-nonraid/maroulis/data/taxi_data/yellow_tripdata_2014_cleaned.csv,directCSV,81,1,19.046138215,"select count(CAST(column12 AS FLOAT)) as count_column12, min(CAST(column12 AS FLOAT)) as min_column12, max(CAST(column12 AS FLOAT)) as max_column12, sum(CAST(column12 AS FLOAT)) as sum_column12, avg(CAST(column12 AS FLOAT)) as avg_column12, count(CAST(column17 AS FLOAT)) as count_column17, min(CAST(column17 AS FLOAT)) as min_column17, max(CAST(column17 AS FLOAT)) as max_column17, sum(CAST(column17 AS FLOAT)) as sum_column17, avg(CAST(column17 AS FLOAT)) as avg_column17, count(CAST(column04 AS FLOAT)) as count_column04, min(CAST(column04 AS FLOAT)) as min_column04, max(CAST(column04 AS FLOAT)) as max_column04, sum(CAST(column04 AS FLOAT)) as sum_column04, avg(CAST(column04 AS FLOAT)) as avg_column04, count(CAST(column03 AS FLOAT)) as count_column03, min(CAST(column03 AS FLOAT)) as min_column03, max(CAST(column03 AS FLOAT)) as max_column03, sum(CAST(column03 AS FLOAT)) as sum_column03, avg(CAST(column03 AS FLOAT)) as avg_column03 from read_csv_auto('/data-nonraid/maroulis/data/taxi_data/yellow_tripdata_2014_cleaned.csv', ignore_errors = true) where CAST(column05 AS FLOAT) > CAST(-73.98155 AS FLOAT) AND CAST(column05 AS FLOAT) < CAST(-73.931564 AS FLOAT) AND CAST(column06 AS FLOAT) > CAST(40.744587 AS FLOAT) AND CAST(column06 AS FLOAT) < CAST(40.76961 AS FLOAT) AND (column12 >= 0.0 AND column12 <= 400.0 AND column04 <= 1000.0);",0,"{17=StatsDuckDB{count=34846579, min=0.0000, max=621.9800, sum=470815915.9775, mean=13.5111, sumOfSquares=NaN}, 3=StatsDuckDB{count=34846579, min=0.0000, max=9.0000, sum=58683098.0000, mean=1.6840, sumOfSquares=NaN}, 4=StatsDuckDB{count=34846579, min=0.0000, max=500.0000, sum=83446429.6567, mean=2.3947, sumOfSquares=NaN}, 12=StatsDuckDB{count=34846579, min=0.0000, max=400.0000, sum=389915953.8712, mean=11.1895, sumOfSquares=NaN}}","{17=4.7081591597752583E8, 3=5.8683098E7, 4=8.34464296566789E7, 12=3.8991595387120163E8}"
/data-nonraid/maroulis/data/taxi_data/yellow_tripdata_2014_cleaned.csv,directCSV,82,1,19.351237872,"select count(CAST(column12 AS FLOAT)) as count_column12, min(CAST(column12 AS FLOAT)) as min_column12, max(CAST(column12 AS FLOAT)) as max_column12, sum(CAST(column12 AS FLOAT)) as sum_column12, avg(CAST(column12 AS FLOAT)) as avg_column12, count(CAST(column17 AS FLOAT)) as count_column17, min(CAST(column17 AS FLOAT)) as min_column17, max(CAST(column17 AS FLOAT)) as max_column17, sum(CAST(column17 AS FLOAT)) as sum_column17, avg(CAST(column17 AS FLOAT)) as avg_column17, count(CAST(column04 AS FLOAT)) as count_column04, min(CAST(column04 AS FLOAT)) as min_column04, max(CAST(column04 AS FLOAT)) as max_column04, sum(CAST(column04 AS FLOAT)) as sum_column04, avg(CAST(column04 AS FLOAT)) as avg_column04, count(CAST(column03 AS FLOAT)) as count_column03, min(CAST(column03 AS FLOAT)) as min_column03, max(CAST(column03 AS FLOAT)) as max_column03, sum(CAST(column03 AS FLOAT)) as sum_column03, avg(CAST(column03 AS FLOAT)) as avg_column03 from read_csv_auto('/data-nonraid/maroulis/data/taxi_data/yellow_tripdata_2014_cleaned.csv', ignore_errors = true) where CAST(column05 AS FLOAT) > CAST(-73.98855 AS FLOAT) AND CAST(column05 AS FLOAT) < CAST(-73.93856 AS FLOAT) AND CAST(column06 AS FLOAT) > CAST(40.741085 AS FLOAT) AND CAST(column06 AS FLOAT) < CAST(40.76611 AS FLOAT) AND (column12 >= 0.0 AND column12 <= 400.0 AND column04 <= 1000.0);",0,"{17=StatsDuckDB{count=45987771, min=0.0000, max=1007.5100, sum=632332144.4369, mean=13.7500, sumOfSquares=NaN}, 3=StatsDuckDB{count=45987771, min=0.0000, max=9.0000, sum=78221485.0000, mean=1.7009, sumOfSquares=NaN}, 4=StatsDuckDB{count=45987771, min=0.0000, max=500.0000, sum=113005199.0241, mean=2.4573, sumOfSquares=NaN}, 12=StatsDuckDB{count=45987771, min=0.0000, max=400.0000, sum=522826234.7118, mean=11.3688, sumOfSquares=NaN}}","{17=6.323321444368993E8, 3=7.8221485E7, 4=1.130051990240975E8, 12=5.228262347117834E8}"
/data-nonraid/maroulis/data/taxi_data/yellow_tripdata_2014_cleaned.csv,directCSV,83,1,19.266372124,"select count(CAST(column12 AS FLOAT)) as count_column12, min(CAST(column12 AS FLOAT)) as min_column12, max(CAST(column12 AS FLOAT)) as max_column12, sum(CAST(column12 AS FLOAT)) as sum_column12, avg(CAST(column12 AS FLOAT)) as avg_column12, count(CAST(column17 AS FLOAT)) as count_column17, min(CAST(column17 AS FLOAT)) as min_column17, max(CAST(column17 AS FLOAT)) as max_column17, sum(CAST(column17 AS FLOAT)) as sum_column17, avg(CAST(column17 AS FLOAT)) as avg_column17, count(CAST(column04 AS FLOAT)) as count_column04, min(CAST(column04 AS FLOAT)) as min_column04, max(CAST(column04 AS FLOAT)) as max_column04, sum(CAST(column04 AS FLOAT)) as sum_column04, avg(CAST(column04 AS FLOAT)) as avg_column04, count(CAST(column03 AS FLOAT)) as count_column03, min(CAST(column03 AS FLOAT)) as min_column03, max(CAST(column03 AS FLOAT)) as max_column03, sum(CAST(column03 AS FLOAT)) as sum_column03, avg(CAST(column03 AS FLOAT)) as avg_column03 from read_csv_auto('/data-nonraid/maroulis/data/taxi_data/yellow_tripdata_2014_cleaned.csv', ignore_errors = true) where CAST(column05 AS FLOAT) > CAST(-73.98355 AS FLOAT) AND CAST(column05 AS FLOAT) < CAST(-73.93356 AS FLOAT) AND CAST(column06 AS FLOAT) > CAST(40.738583 AS FLOAT) AND CAST(column06 AS FLOAT) < CAST(40.763607 AS FLOAT) AND (column12 >= 0.0 AND column12 <= 400.0 AND column04 <= 1000.0);",0,"{17=StatsDuckDB{count=31579782, min=0.0000, max=1007.5100, sum=433188095.9176, mean=13.7173, sumOfSquares=NaN}, 3=StatsDuckDB{count=31579782, min=0.0000, max=9.0000, sum=53343013.0000, mean=1.6892, sumOfSquares=NaN}, 4=StatsDuckDB{count=31579782, min=0.0000, max=500.0000, sum=77061669.1771, mean=2.4402, sumOfSquares=NaN}, 12=StatsDuckDB{count=31579782, min=0.0000, max=400.0000, sum=357224848.7712, mean=11.3118, sumOfSquares=NaN}}","{17=4.331880959176208E8, 3=5.3343013E7, 4=7.706166917706946E7, 12=3.572248487711837E8}"
/data-nonraid/maroulis/data/taxi_data/yellow_tripdata_2014_cleaned.csv,directCSV,84,1,19.320883885,"select count(CAST(column12 AS FLOAT)) as count_column12, min(CAST(column12 AS FLOAT)) as min_column12, max(CAST(column12 AS FLOAT)) as max_column12, sum(CAST(column12 AS FLOAT)) as sum_column12, avg(CAST(column12 AS FLOAT)) as avg_column12, count(CAST(column17 AS FLOAT)) as count_column17, min(CAST(column17 AS FLOAT)) as min_column17, max(CAST(column17 AS FLOAT)) as max_column17, sum(CAST(column17 AS FLOAT)) as sum_column17, avg(CAST(column17 AS FLOAT)) as avg_column17, count(CAST(column04 AS FLOAT)) as count_column04, min(CAST(column04 AS FLOAT)) as min_column04, max(CAST(column04 AS FLOAT)) as max_column04, sum(CAST(column04 AS FLOAT)) as sum_column04, avg(CAST(column04 AS FLOAT)) as avg_column04, count(CAST(column03 AS FLOAT)) as count_column03, min(CAST(column03 AS FLOAT)) as min_column03, max(CAST(column03 AS FLOAT)) as max_column03, sum(CAST(column03 AS FLOAT)) as sum_column03, avg(CAST(column03 AS FLOAT)) as avg_column03 from read_csv_auto('/data-nonraid/maroulis/data/taxi_data/yellow_tripdata_2014_cleaned.csv', ignore_errors = true) where CAST(column05 AS FLOAT) > CAST(-73.98955 AS FLOAT) AND CAST(column05 AS FLOAT) < CAST(-73.93956 AS FLOAT) AND CAST(column06 AS FLOAT) > CAST(40.741585 AS FLOAT) AND CAST(column06 AS FLOAT) < CAST(40.76661 AS FLOAT) AND (column12 >= 0.0 AND column12 <= 400.0 AND column04 <= 1000.0);",0,"{17=StatsDuckDB{count=48423630, min=0.0000, max=1007.5100, sum=665601943.4898, mean=13.7454, sumOfSquares=NaN}, 3=StatsDuckDB{count=48423630, min=0.0000, max=9.0000, sum=82402102.0000, mean=1.7017, sumOfSquares=NaN}, 4=StatsDuckDB{count=48423630, min=0.0000, max=500.0000, sum=119040106.3636, mean=2.4583, sumOfSquares=NaN}, 12=StatsDuckDB{count=48423630, min=0.0000, max=400.0000, sum=550617111.9618, mean=11.3708, sumOfSquares=NaN}}","{17=6.656019434898461E8, 3=8.2402102E7, 4=1.1904010636361422E8, 12=5.506171119618486E8}"
/data-nonraid/maroulis/data/taxi_data/yellow_tripdata_2014_cleaned.csv,directCSV,85,1,19.38892362,"select count(CAST(column12 AS FLOAT)) as count_column12, min(CAST(column12 AS FLOAT)) as min_column12, max(CAST(column12 AS FLOAT)) as max_column12, sum(CAST(column12 AS FLOAT)) as sum_column12, avg(CAST(column12 AS FLOAT)) as avg_column12, count(CAST(column17 AS FLOAT)) as count_column17, min(CAST(column17 AS FLOAT)) as min_column17, max(CAST(column17 AS FLOAT)) as max_column17, sum(CAST(column17 AS FLOAT)) as sum_column17, avg(CAST(column17 AS FLOAT)) as avg_column17, count(CAST(column04 AS FLOAT)) as count_column04, min(CAST(column04 AS FLOAT)) as min_column04, max(CAST(column04 AS FLOAT)) as max_column04, sum(CAST(column04 AS FLOAT)) as sum_column04, avg(CAST(column04 AS FLOAT)) as avg_column04, count(CAST(column03 AS FLOAT)) as count_column03, min(CAST(column03 AS FLOAT)) as min_column03, max(CAST(column03 AS FLOAT)) as max_column03, sum(CAST(column03 AS FLOAT)) as sum_column03, avg(CAST(column03 AS FLOAT)) as avg_column03 from read_csv_auto('/data-nonraid/maroulis/data/taxi_data/yellow_tripdata_2014_cleaned.csv', ignore_errors = true) where CAST(column05 AS FLOAT) > CAST(-73.996544 AS FLOAT) AND CAST(column05 AS FLOAT) < CAST(-73.946556 AS FLOAT) AND CAST(column06 AS FLOAT) > CAST(40.738083 AS FLOAT) AND CAST(column06 AS FLOAT) < CAST(40.763107 AS FLOAT) AND (column12 >= 0.0 AND column12 <= 400.0 AND column04 <= 1000.0);",0,"{17=StatsDuckDB{count=55860566, min=0.0000, max=1007.5100, sum=765246817.7478, mean=13.6992, sumOfSquares=NaN}, 3=StatsDuckDB{count=55860566, min=0.0000, max=9.0000, sum=94796038.0000, mean=1.6970, sumOfSquares=NaN}, 4=StatsDuckDB{count=55860566, min=0.0000, max=504.3000, sum=135921065.0517, mean=2.4332, sumOfSquares=NaN}, 12=StatsDuckDB{count=55860566, min=0.0000, max=400.0000, sum=632934361.1720, mean=11.3306, sumOfSquares=NaN}}","{17=7.652468177477657E8, 3=9.4796038E7, 4=1.3592106505167872E8, 12=6.329343611720313E8}"
/data-nonraid/maroulis/data/taxi_data/yellow_tripdata_2014_cleaned.csv,directCSV,86,1,19.320744613,"select count(CAST(column12 AS FLOAT)) as count_column12, min(CAST(column12 AS FLOAT)) as min_column12, max(CAST(column12 AS FLOAT)) as max_column12, sum(CAST(column12 AS FLOAT)) as sum_column12, avg(CAST(column12 AS FLOAT)) as avg_column12, count(CAST(column17 AS FLOAT)) as count_column17, min(CAST(column17 AS FLOAT)) as min_column17, max(CAST(column17 AS FLOAT)) as max_column17, sum(CAST(column17 AS FLOAT)) as sum_column17, avg(CAST(column17 AS FLOAT)) as avg_column17, count(CAST(column04 AS FLOAT)) as count_column04, min(CAST(column04 AS FLOAT)) as min_column04, max(CAST(column04 AS FLOAT)) as max_column04, sum(CAST(column04 AS FLOAT)) as sum_column04, avg(CAST(column04 AS FLOAT)) as avg_column04, count(CAST(column03 AS FLOAT)) as count_column03, min(CAST(column03 AS FLOAT)) as min_column03, max(CAST(column03 AS FLOAT)) as max_column03, sum(CAST(column03 AS FLOAT)) as sum_column03, avg(CAST(column03 AS FLOAT)) as avg_column03 from read_csv_auto('/data-nonraid/maroulis/data/taxi_data/yellow_tripdata_2014_cleaned.csv', ignore_errors = true) where CAST(column05 AS FLOAT) > CAST(-74.00404 AS FLOAT) AND CAST(column05 AS FLOAT) < CAST(-73.954056 AS FLOAT) AND CAST(column06 AS FLOAT) > CAST(40.738083 AS FLOAT) AND CAST(column06 AS FLOAT) < CAST(40.763107 AS FLOAT) AND (column12 >= 0.0 AND column12 <= 400.0 AND column04 <= 1000.0);",0,"{17=StatsDuckDB{count=61519656, min=0.0000, max=1007.5100, sum=840544932.5263, mean=13.6630, sumOfSquares=NaN}, 3=StatsDuckDB{count=61519656, min=0.0000, max=9.0000, sum=104424501.0000, mean=1.6974, sumOfSquares=NaN}, 4=StatsDuckDB{count=61519656, min=0.0000, max=504.3000, sum=149221931.3382, mean=2.4256, sumOfSquares=NaN}, 12=StatsDuckDB{count=61519656, min=0.0000, max=400.0000, sum=695075446.4021, mean=11.2984, sumOfSquares=NaN}}","{17=8.405449325263442E8, 3=1.04424501E8, 4=1.4922193133818042E8, 12=6.950754464021062E8}"
/data-nonraid/maroulis/data/taxi_data/yellow_tripdata_2014_cleaned.csv,directCSV,87,1,19.428416134,"select count(CAST(column12 AS FLOAT)) as count_column12, min(CAST(column12 AS FLOAT)) as min_column12, max(CAST(column12 AS FLOAT)) as max_column12, sum(CAST(column12 AS FLOAT)) as sum_column12, avg(CAST(column12 AS FLOAT)) as avg_column12, count(CAST(column17 AS FLOAT)) as count_column17, min(CAST(column17 AS FLOAT)) as min_column17, max(CAST(column17 AS FLOAT)) as max_column17, sum(CAST(column17 AS FLOAT)) as sum_column17, avg(CAST(column17 AS FLOAT)) as avg_column17, count(CAST(column04 AS FLOAT)) as count_column04, min(CAST(column04 AS FLOAT)) as min_column04, max(CAST(column04 AS FLOAT)) as max_column04, sum(CAST(column04 AS FLOAT)) as sum_column04, avg(CAST(column04 AS FLOAT)) as avg_column04, count(CAST(column03 AS FLOAT)) as count_column03, min(CAST(column03 AS FLOAT)) as min_column03, max(CAST(column03 AS FLOAT)) as max_column03, sum(CAST(column03 AS FLOAT)) as sum_column03, avg(CAST(column03 AS FLOAT)) as avg_column03 from read_csv_auto('/data-nonraid/maroulis/data/taxi_data/yellow_tripdata_2014_cleaned.csv', ignore_errors = true) where CAST(column05 AS FLOAT) > CAST(-74.01154 AS FLOAT) AND CAST(column05 AS FLOAT) < CAST(-73.961555 AS FLOAT) AND CAST(column06 AS FLOAT) > CAST(40.741837 AS FLOAT) AND CAST(column06 AS FLOAT) < CAST(40.76686 AS FLOAT) AND (column12 >= 0.0 AND column12 <= 400.0 AND column04 <= 1000.0);",0,"{17=StatsDuckDB{count=64808798, min=0.0000, max=626.6700, sum=887590268.7798, mean=13.6955, sumOfSquares=NaN}, 3=StatsDuckDB{count=64808798, min=0.0000, max=9.0000, sum=110269211.0000, mean=1.7015, sumOfSquares=NaN}, 4=StatsDuckDB{count=64808798, min=0.0000, max=504.3000, sum=158003174.2568, mean=2.4380, sumOfSquares=NaN}, 12=StatsDuckDB{count=64808798, min=0.0000, max=400.0000, sum=735177965.0223, mean=11.3438, sumOfSquares=NaN}}","{17=8.875902687798147E8, 3=1.10269211E8, 4=1.5800317425678813E8, 12=7.351779650222543E8}"
/data-nonraid/maroulis/data/taxi_data/yellow_tripdata_2014_cleaned.csv,directCSV,88,1,19.55257366,"select count(CAST(column12 AS FLOAT)) as count_column12, min(CAST(column12 AS FLOAT)) as min_column12, max(CAST(column12 AS FLOAT)) as max_column12, sum(CAST(column12 AS FLOAT)) as sum_column12, avg(CAST(column12 AS FLOAT)) as avg_column12, count(CAST(column17 AS FLOAT)) as count_column17, min(CAST(column17 AS FLOAT)) as min_column17, max(CAST(column17 AS FLOAT)) as max_column17, sum(CAST(column17 AS FLOAT)) as sum_column17, avg(CAST(column17 AS FLOAT)) as avg_column17, count(CAST(column04 AS FLOAT)) as count_column04, min(CAST(column04 AS FLOAT)) as min_column04, max(CAST(column04 AS FLOAT)) as max_column04, sum(CAST(column04 AS FLOAT)) as sum_column04, avg(CAST(column04 AS FLOAT)) as avg_column04, count(CAST(column03 AS FLOAT)) as count_column03, min(CAST(column03 AS FLOAT)) as min_column03, max(CAST(column03 AS FLOAT)) as max_column03, sum(CAST(column03 AS FLOAT)) as sum_column03, avg(CAST(column03 AS FLOAT)) as avg_column03 from read_csv_auto('/data-nonraid/maroulis/data/taxi_data/yellow_tripdata_2014_cleaned.csv', ignore_errors = true) where CAST(column05 AS FLOAT) > CAST(-74.01154 AS FLOAT) AND CAST(column05 AS FLOAT) < CAST(-73.961555 AS FLOAT) AND CAST(column06 AS FLOAT) > CAST(40.738583 AS FLOAT) AND CAST(column06 AS FLOAT) < CAST(40.763607 AS FLOAT) AND (column12 >= 0.0 AND column12 <= 400.0 AND column04 <= 1000.0);",0,"{17=StatsDuckDB{count=64789377, min=0.0000, max=1007.5100, sum=888029722.1925, mean=13.7064, sumOfSquares=NaN}, 3=StatsDuckDB{count=64789377, min=0.0000, max=9.0000, sum=110164881.0000, mean=1.7004, sumOfSquares=NaN}, 4=StatsDuckDB{count=64789377, min=0.0000, max=504.3000, sum=157841165.5544, mean=2.4362, sumOfSquares=NaN}, 12=StatsDuckDB{count=64789377, min=0.0000, max=400.0000, sum=734333091.0721, mean=11.3342, sumOfSquares=NaN}}","{17=8.880297221924711E8, 3=1.10164881E8, 4=1.578411655543764E8, 12=7.343330910721457E8}"
/data-nonraid/maroulis/data/taxi_data/yellow_tripdata_2014_cleaned.csv,directCSV,89,1,19.564210146,"select count(CAST(column12 AS FLOAT)) as count_column12, min(CAST(column12 AS FLOAT)) as min_column12, max(CAST(column12 AS FLOAT)) as max_column12, sum(CAST(column12 AS FLOAT)) as sum_column12, avg(CAST(column12 AS FLOAT)) as avg_column12, count(CAST(column17 AS FLOAT)) as count_column17, min(CAST(column17 AS FLOAT)) as min_column17, max(CAST(column17 AS FLOAT)) as max_column17, sum(CAST(column17 AS FLOAT)) as sum_column17, avg(CAST(column17 AS FLOAT)) as avg_column17, count(CAST(column04 AS FLOAT)) as count_column04, min(CAST(column04 AS FLOAT)) as min_column04, max(CAST(column04 AS FLOAT)) as max_column04, sum(CAST(column04 AS FLOAT)) as sum_column04, avg(CAST(column04 AS FLOAT)) as avg_column04, count(CAST(column03 AS FLOAT)) as count_column03, min(CAST(column03 AS FLOAT)) as min_column03, max(CAST(column03 AS FLOAT)) as max_column03, sum(CAST(column03 AS FLOAT)) as sum_column03, avg(CAST(column03 AS FLOAT)) as avg_column03 from read_csv_auto('/data-nonraid/maroulis/data/taxi_data/yellow_tripdata_2014_cleaned.csv', ignore_errors = true) where CAST(column05 AS FLOAT) > CAST(-74.00455 AS FLOAT) AND CAST(column05 AS FLOAT) < CAST(-73.95456 AS FLOAT) AND CAST(column06 AS FLOAT) > CAST(40.738583 AS FLOAT) AND CAST(column06 AS FLOAT) < CAST(40.763607 AS FLOAT) AND (column12 >= 0.0 AND column12 <= 400.0 AND column04 <= 1000.0);",0,"{17=StatsDuckDB{count=62626517, min=0.0000, max=1007.5100, sum=856049751.3546, mean=13.6691, sumOfSquares=NaN}, 3=StatsDuckDB{count=62626517, min=0.0000, max=9.0000, sum=106333889.0000, mean=1.6979, sumOfSquares=NaN}, 4=StatsDuckDB{count=62626517, min=0.0000, max=504.3000, sum=152099916.2175, mean=2.4287, sumOfSquares=NaN}, 12=StatsDuckDB{count=62626517, min=0.0000, max=400.0000, sum=708062843.5621, mean=11.3061, sumOfSquares=NaN}}","{17=8.5604975135462E8, 3=1.06333889E8, 4=1.520999162175384E8, 12=7.080628435621226E8}"
/data-nonraid/maroulis/data/taxi_data/yellow_tripdata_2014_cleaned.csv,directCSV,90,1,19.654012509,"select count(CAST(column12 AS FLOAT)) as count_column12, min(CAST(column12 AS FLOAT)) as min_column12, max(CAST(column12 AS FLOAT)) as max_column12, sum(CAST(column12 AS FLOAT)) as sum_column12, avg(CAST(column12 AS FLOAT)) as avg_column12, count(CAST(column17 AS FLOAT)) as count_column17, min(CAST(column17 AS FLOAT)) as min_column17, max(CAST(column17 AS FLOAT)) as max_column17, sum(CAST(column17 AS FLOAT)) as sum_column17, avg(CAST(column17 AS FLOAT)) as avg_column17, count(CAST(column04 AS FLOAT)) as count_column04, min(CAST(column04 AS FLOAT)) as min_column04, max(CAST(column04 AS FLOAT)) as max_column04, sum(CAST(column04 AS FLOAT)) as sum_column04, avg(CAST(column04 AS FLOAT)) as avg_column04, count(CAST(column03 AS FLOAT)) as count_column03, min(CAST(column03 AS FLOAT)) as min_column03, max(CAST(column03 AS FLOAT)) as max_column03, sum(CAST(column03 AS FLOAT)) as sum_column03, avg(CAST(column03 AS FLOAT)) as avg_column03 from read_csv_auto('/data-nonraid/maroulis/data/taxi_data/yellow_tripdata_2014_cleaned.csv', ignore_errors = true) where CAST(column05 AS FLOAT) > CAST(-74.00455 AS FLOAT) AND CAST(column05 AS FLOAT) < CAST(-73.95456 AS FLOAT) AND CAST(column06 AS FLOAT) > CAST(40.741585 AS FLOAT) AND CAST(column06 AS FLOAT) < CAST(40.76661 AS FLOAT) AND (column12 >= 0.0 AND column12 <= 400.0 AND column04 <= 1000.0);",0,"{17=StatsDuckDB{count=65405857, min=0.0000, max=1007.5100, sum=894917643.6177, mean=13.6825, sumOfSquares=NaN}, 3=StatsDuckDB{count=65405857, min=0.0000, max=9.0000, sum=111191909.0000, mean=1.7000, sumOfSquares=NaN}, 4=StatsDuckDB{count=65405857, min=0.0000, max=504.3000, sum=159447152.8581, mean=2.4378, sumOfSquares=NaN}, 12=StatsDuckDB{count=65405857, min=0.0000, max=400.0000, sum=741552780.1923, mean=11.3377, sumOfSquares=NaN}}","{17=8.949176436177026E8, 3=1.11191909E8, 4=1.5944715285809347E8, 12=7.415527801922879E8}"
/data-nonraid/maroulis/data/taxi_data/yellow_tripdata_2014_cleaned.csv,directCSV,91,1,19.663900271,"select count(CAST(column12 AS FLOAT)) as count_column12, min(CAST(column12 AS FLOAT)) as min_column12, max(CAST(column12 AS FLOAT)) as max_column12, sum(CAST(column12 AS FLOAT)) as sum_column12, avg(CAST(column12 AS FLOAT)) as avg_column12, count(CAST(column17 AS FLOAT)) as count_column17, min(CAST(column17 AS FLOAT)) as min_column17, max(CAST(column17 AS FLOAT)) as max_column17, sum(CAST(column17 AS FLOAT)) as sum_column17, avg(CAST(column17 AS FLOAT)) as avg_column17, count(CAST(column04 AS FLOAT)) as count_column04, min(CAST(column04 AS FLOAT)) as min_column04, max(CAST(column04 AS FLOAT)) as max_column04, sum(CAST(column04 AS FLOAT)) as sum_column04, avg(CAST(column04 AS FLOAT)) as avg_column04, count(CAST(column03 AS FLOAT)) as count_column03, min(CAST(column03 AS FLOAT)) as min_column03, max(CAST(column03 AS FLOAT)) as max_column03, sum(CAST(column03 AS FLOAT)) as sum_column03, avg(CAST(column03 AS FLOAT)) as avg_column03 from read_csv_auto('/data-nonraid/maroulis/data/taxi_data/yellow_tripdata_2014_cleaned.csv', ignore_errors = true) where CAST(column05 AS FLOAT) > CAST(-73.99855 AS FLOAT) AND CAST(column05 AS FLOAT) < CAST(-73.94856 AS FLOAT) AND CAST(column06 AS FLOAT) > CAST(40.744587 AS FLOAT) AND CAST(column06 AS FLOAT) < CAST(40.76961 AS FLOAT) AND (column12 >= 0.0 AND column12 <= 400.0 AND column04 <= 1000.0);",0,"{17=StatsDuckDB{count=62655435, min=0.0000, max=626.6700, sum=858065958.6105, mean=13.6950, sumOfSquares=NaN}, 3=StatsDuckDB{count=62655435, min=0.0000, max=9.0000, sum=106263688.0000, mean=1.6960, sumOfSquares=NaN}, 4=StatsDuckDB{count=62655435, min=0.0000, max=504.3000, sum=153092928.8705, mean=2.4434, sumOfSquares=NaN}, 12=StatsDuckDB{count=62655435, min=0.0000, max=400.0000, sum=712299616.3722, mean=11.3685, sumOfSquares=NaN}}","{17=8.580659586105167E8, 3=1.06263688E8, 4=1.5309292887048382E8, 12=7.122996163722277E8}"
/data-nonraid/maroulis/data/taxi_data/yellow_tripdata_2014_cleaned.csv,directCSV,92,1,19.571837907,"select count(CAST(column12 AS FLOAT)) as count_column12, min(CAST(column12 AS FLOAT)) as min_column12, max(CAST(column12 AS FLOAT)) as max_column12, sum(CAST(column12 AS FLOAT)) as sum_column12, avg(CAST(column12 AS FLOAT)) as avg_column12, count(CAST(column17 AS FLOAT)) as count_column17, min(CAST(column17 AS FLOAT)) as min_column17, max(CAST(column17 AS FLOAT)) as max_column17, sum(CAST(column17 AS FLOAT)) as sum_column17, avg(CAST(column17 AS FLOAT)) as avg_column17, count(CAST(column04 AS FLOAT)) as count_column04, min(CAST(column04 AS FLOAT)) as min_column04, max(CAST(column04 AS FLOAT)) as max_column04, sum(CAST(column04 AS FLOAT)) as sum_column04, avg(CAST(column04 AS FLOAT)) as avg_column04, count(CAST(column03 AS FLOAT)) as count_column03, min(CAST(column03 AS FLOAT)) as min_column03, max(CAST(column03 AS FLOAT)) as max_column03, sum(CAST(column03 AS FLOAT)) as sum_column03, avg(CAST(column03 AS FLOAT)) as avg_column03 from read_csv_auto('/data-nonraid/maroulis/data/taxi_data/yellow_tripdata_2014_cleaned.csv', ignore_errors = true) where CAST(column05 AS FLOAT) > CAST(-73.99455 AS FLOAT) AND CAST(column05 AS FLOAT) < CAST(-73.944565 AS FLOAT) AND CAST(column06 AS FLOAT) > CAST(40.744587 AS FLOAT) AND CAST(column06 AS FLOAT) < CAST(40.76961 AS FLOAT) AND (column12 >= 0.0 AND column12 <= 400.0 AND column04 <= 1000.0);",0,"{17=StatsDuckDB{count=59631253, min=0.0000, max=626.6700, sum=816507195.8204, mean=13.6926, sumOfSquares=NaN}, 3=StatsDuckDB{count=59631253, min=0.0000, max=9.0000, sum=101132874.0000, mean=1.6960, sumOfSquares=NaN}, 4=StatsDuckDB{count=59631253, min=0.0000, max=500.0000, sum=145681015.1512, mean=2.4430, sumOfSquares=NaN}, 12=StatsDuckDB{count=59631253, min=0.0000, max=400.0000, sum=677837127.6622, mean=11.3671, sumOfSquares=NaN}}","{17=8.16507195820439E8, 3=1.01132874E8, 4=1.4568101515117908E8, 12=6.77837127662173E8}"
/data-nonraid/maroulis/data/taxi_data/yellow_tripdata_2014_cleaned.csv,directCSV,93,1,19.390643528,"select count(CAST(column12 AS FLOAT)) as count_column12, min(CAST(column12 AS FLOAT)) as min_column12, max(CAST(column12 AS FLOAT)) as max_column12, sum(CAST(column12 AS FLOAT)) as sum_column12, avg(CAST(column12 AS FLOAT)) as avg_column12, count(CAST(column17 AS FLOAT)) as count_column17, min(CAST(column17 AS FLOAT)) as min_column17, max(CAST(column17 AS FLOAT)) as max_column17, sum(CAST(column17 AS FLOAT)) as sum_column17, avg(CAST(column17 AS FLOAT)) as avg_column17, count(CAST(column04 AS FLOAT)) as count_column04, min(CAST(column04 AS FLOAT)) as min_column04, max(CAST(column04 AS FLOAT)) as max_column04, sum(CAST(column04 AS FLOAT)) as sum_column04, avg(CAST(column04 AS FLOAT)) as avg_column04, count(CAST(column03 AS FLOAT)) as count_column03, min(CAST(column03 AS FLOAT)) as min_column03, max(CAST(column03 AS FLOAT)) as max_column03, sum(CAST(column03 AS FLOAT)) as sum_column03, avg(CAST(column03 AS FLOAT)) as avg_column03 from read_csv_auto('/data-nonraid/maroulis/data/taxi_data/yellow_tripdata_2014_cleaned.csv', ignore_errors = true) where CAST(column05 AS FLOAT) > CAST(-73.99455 AS FLOAT) AND CAST(column05 AS FLOAT) < CAST(-73.944565 AS FLOAT) AND CAST(column06 AS FLOAT) > CAST(40.746838 AS FLOAT) AND CAST(column06 AS FLOAT) < CAST(40.771862 AS FLOAT) AND (column12 >= 0.0 AND column12 <= 400.0 AND column04 <= 1000.0);",0,"{17=StatsDuckDB{count=59677803, min=0.0000, max=621.9800, sum=814716160.6624, mean=13.6519, sumOfSquares=NaN}, 3=StatsDuckDB{count=59677803, min=0.0000, max=9.0000, sum=101180760.0000, mean=1.6955, sumOfSquares=NaN}, 4=StatsDuckDB{count=59677803, min=0.0000, max=500.0000, sum=145494428.6810, mean=2.4380, sumOfSquares=NaN}, 12=StatsDuckDB{count=59677803, min=0.0000, max=400.0000, sum=677131236.9921, mean=11.3465, sumOfSquares=NaN}}","{17=8.147161606623555E8, 3=1.0118076E8, 4=1.454944286810019E8, 12=6.771312369920571E8}"
/data-nonraid/maroulis/data/taxi_data/yellow_tripdata_2014_cleaned.csv,directCSV,94,1,19.621912974,"select count(CAST(column12 AS FLOAT)) as count_column12, min(CAST(column12 AS FLOAT)) as min_column12, max(CAST(column12 AS FLOAT)) as max_column12, sum(CAST(column12 AS FLOAT)) as sum_column12, avg(CAST(column12 AS FLOAT)) as avg_column12, count(CAST(column17 AS FLOAT)) as count_column17, min(CAST(column17 AS FLOAT)) as min_column17, max(CAST(column17 AS FLOAT)) as max_column17, sum(CAST(column17 AS FLOAT)) as sum_column17, avg(CAST(column17 AS FLOAT)) as avg_column17, count(CAST(column04 AS FLOAT)) as count_column04, min(CAST(column04 AS FLOAT)) as min_column04, max(CAST(column04 AS FLOAT)) as max_column04, sum(CAST(column04 AS FLOAT)) as sum_column04, avg(CAST(column04 AS FLOAT)) as avg_column04, count(CAST(column03 AS FLOAT)) as count_column03, min(CAST(column03 AS FLOAT)) as min_column03, max(CAST(column03 AS FLOAT)) as max_column03, sum(CAST(column03 AS FLOAT)) as sum_column03, avg(CAST(column03 AS FLOAT)) as avg_column03 from read_csv_auto('/data-nonraid/maroulis/data/taxi_data/yellow_tripdata_2014_cleaned.csv', ignore_errors = true) where CAST(column05 AS FLOAT) > CAST(-73.99955 AS FLOAT) AND CAST(column05 AS FLOAT) < CAST(-73.94956 AS FLOAT) AND CAST(column06 AS FLOAT) > CAST(40.74934 AS FLOAT) AND CAST(column06 AS FLOAT) < CAST(40.774364 AS FLOAT) AND (column12 >= 0.0 AND column12 <= 400.0 AND column04 <= 1000.0);",0,"{17=StatsDuckDB{count=61444493, min=0.0000, max=621.9800, sum=836965495.3916, mean=13.6215, sumOfSquares=NaN}, 3=StatsDuckDB{count=61444493, min=0.0000, max=9.0000, sum=104126904.0000, mean=1.6946, sumOfSquares=NaN}, 4=StatsDuckDB{count=61444493, min=0.0000, max=500.0000, sum=149445904.6099, mean=2.4322, sumOfSquares=NaN}, 12=StatsDuckDB{count=61444493, min=0.0000, max=400.0000, sum=696097468.4520, mean=11.3289, sumOfSquares=NaN}}","{17=8.369654953916419E8, 3=1.04126904E8, 4=1.494459046098552E8, 12=6.960974684520069E8}"
/data-nonraid/maroulis/data/taxi_data/yellow_tripdata_2014_cleaned.csv,directCSV,95,1,19.272045012,"select count(CAST(column12 AS FLOAT)) as count_column12, min(CAST(column12 AS FLOAT)) as min_column12, max(CAST(column12 AS FLOAT)) as max_column12, sum(CAST(column12 AS FLOAT)) as sum_column12, avg(CAST(column12 AS FLOAT)) as avg_column12, count(CAST(column17 AS FLOAT)) as count_column17, min(CAST(column17 AS FLOAT)) as min_column17, max(CAST(column17 AS FLOAT)) as max_column17, sum(CAST(column17 AS FLOAT)) as sum_column17, avg(CAST(column17 AS FLOAT)) as avg_column17, count(CAST(column04 AS FLOAT)) as count_column04, min(CAST(column04 AS FLOAT)) as min_column04, max(CAST(column04 AS FLOAT)) as max_column04, sum(CAST(column04 AS FLOAT)) as sum_column04, avg(CAST(column04 AS FLOAT)) as avg_column04, count(CAST(column03 AS FLOAT)) as count_column03, min(CAST(column03 AS FLOAT)) as min_column03, max(CAST(column03 AS FLOAT)) as max_column03, sum(CAST(column03 AS FLOAT)) as sum_column03, avg(CAST(column03 AS FLOAT)) as avg_column03 from read_csv_auto('/data-nonraid/maroulis/data/taxi_data/yellow_tripdata_2014_cleaned.csv', ignore_errors = true) where CAST(column05 AS FLOAT) > CAST(-73.99955 AS FLOAT) AND CAST(column05 AS FLOAT) < CAST(-73.94956 AS FLOAT) AND CAST(column06 AS FLOAT) > CAST(40.75159 AS FLOAT) AND CAST(column06 AS FLOAT) < CAST(40.776615 AS FLOAT) AND (column12 >= 0.0 AND column12 <= 400.0 AND column04 <= 1000.0);",0,"{17=StatsDuckDB{count=57394335, min=0.0000, max=621.9800, sum=777032368.2734, mean=13.5385, sumOfSquares=NaN}, 3=StatsDuckDB{count=57394335, min=0.0000, max=9.0000, sum=97278998.0000, mean=1.6949, sumOfSquares=NaN}, 4=StatsDuckDB{count=57394335, min=0.0000, max=500.0000, sum=138989763.2905, mean=2.4217, sumOfSquares=NaN}, 12=StatsDuckDB{count=57394335, min=0.0000, max=400.0000, sum=646062093.2719, mean=11.2565, sumOfSquares=NaN}}","{17=7.770323682733749E8, 3=9.7278998E7, 4=1.3898976329045415E8, 12=6.460620932718508E8}"
/data-nonraid/maroulis/data/taxi_data/yellow_tripdata_2014_cleaned.csv,directCSV,96,1,19.278020162,"select count(CAST(column12 AS FLOAT)) as count_column12, min(CAST(column12 AS FLOAT)) as min_column12, max(CAST(column12 AS FLOAT)) as max_column12, sum(CAST(column12 AS FLOAT)) as sum_column12, avg(CAST(column12 AS FLOAT)) as avg_column12, count(CAST(column17 AS FLOAT)) as count_column17, min(CAST(column17 AS FLOAT)) as min_column17, max(CAST(column17 AS FLOAT)) as max_column17, sum(CAST(column17 AS FLOAT)) as sum_column17, avg(CAST(column17 AS FLOAT)) as avg_column17, count(CAST(column04 AS FLOAT)) as count_column04, min(CAST(column04 AS FLOAT)) as min_column04, max(CAST(column04 AS FLOAT)) as max_column04, sum(CAST(column04 AS FLOAT)) as sum_column04, avg(CAST(column04 AS FLOAT)) as avg_column04, count(CAST(column03 AS FLOAT)) as count_column03, min(CAST(column03 AS FLOAT)) as min_column03, max(CAST(column03 AS FLOAT)) as max_column03, sum(CAST(column03 AS FLOAT)) as sum_column03, avg(CAST(column03 AS FLOAT)) as avg_column03 from read_csv_auto('/data-nonraid/maroulis/data/taxi_data/yellow_tripdata_2014_cleaned.csv', ignore_errors = true) where CAST(column05 AS FLOAT) > CAST(-73.99505 AS FLOAT) AND CAST(column05 AS FLOAT) < CAST(-73.94506 AS FLOAT) AND CAST(column06 AS FLOAT) > CAST(40.75384 AS FLOAT) AND CAST(column06 AS FLOAT) < CAST(40.778866 AS FLOAT) AND (column12 >= 0.0 AND column12 <= 400.0 AND column04 <= 1000.0);",0,"{17=StatsDuckDB{count=54695827, min=0.0000, max=621.9800, sum=736448316.8916, mean=13.4644, sumOfSquares=NaN}, 3=StatsDuckDB{count=54695827, min=0.0000, max=9.0000, sum=92622747.0000, mean=1.6934, sumOfSquares=NaN}, 4=StatsDuckDB{count=54695827, min=0.0000, max=500.0000, sum=131870864.9306, mean=2.4110, sumOfSquares=NaN}, 12=StatsDuckDB{count=54695827, min=0.0000, max=400.0000, sum=612872912.2217, mean=11.2051, sumOfSquares=NaN}}","{17=7.364483168915759E8, 3=9.2622747E7, 4=1.3187086493057583E8, 12=6.128729122217233E8}"
/data-nonraid/maroulis/data/taxi_data/yellow_tripdata_2014_cleaned.csv,directCSV,97,1,19.297724582,"select count(CAST(column12 AS FLOAT)) as count_column12, min(CAST(column12 AS FLOAT)) as min_column12, max(CAST(column12 AS FLOAT)) as max_column12, sum(CAST(column12 AS FLOAT)) as sum_column12, avg(CAST(column12 AS FLOAT)) as avg_column12, count(CAST(column17 AS FLOAT)) as count_column17, min(CAST(column17 AS FLOAT)) as min_column17, max(CAST(column17 AS FLOAT)) as max_column17, sum(CAST(column17 AS FLOAT)) as sum_column17, avg(CAST(column17 AS FLOAT)) as avg_column17, count(CAST(column04 AS FLOAT)) as count_column04, min(CAST(column04 AS FLOAT)) as min_column04, max(CAST(column04 AS FLOAT)) as max_column04, sum(CAST(column04 AS FLOAT)) as sum_column04, avg(CAST(column04 AS FLOAT)) as avg_column04, count(CAST(column03 AS FLOAT)) as count_column03, min(CAST(column03 AS FLOAT)) as min_column03, max(CAST(column03 AS FLOAT)) as max_column03, sum(CAST(column03 AS FLOAT)) as sum_column03, avg(CAST(column03 AS FLOAT)) as avg_column03 from read_csv_auto('/data-nonraid/maroulis/data/taxi_data/yellow_tripdata_2014_cleaned.csv', ignore_errors = true) where CAST(column05 AS FLOAT) > CAST(-73.98805 AS FLOAT) AND CAST(column05 AS FLOAT) < CAST(-73.938065 AS FLOAT) AND CAST(column06 AS FLOAT) > CAST(40.75384 AS FLOAT) AND CAST(column06 AS FLOAT) < CAST(40.778866 AS FLOAT) AND (column12 >= 0.0 AND column12 <= 400.0 AND column04 <= 1000.0);",0,"{17=StatsDuckDB{count=48333359, min=0.0000, max=621.9800, sum=648755357.6143, mean=13.4225, sumOfSquares=NaN}, 3=StatsDuckDB{count=48333359, min=0.0000, max=9.0000, sum=81824791.0000, mean=1.6929, sumOfSquares=NaN}, 4=StatsDuckDB{count=48333359, min=0.0000, max=500.0000, sum=115684288.8710, mean=2.3935, sumOfSquares=NaN}, 12=StatsDuckDB{count=48333359, min=0.0000, max=400.0000, sum=539423832.2914, mean=11.1605, sumOfSquares=NaN}}","{17=6.487553576142613E8, 3=8.1824791E7, 4=1.1568428887103702E8, 12=5.394238322914463E8}"
/data-nonraid/maroulis/data/taxi_data/yellow_tripdata_2014_cleaned.csv,directCSV,98,1,19.525048521,"select count(CAST(column12 AS FLOAT)) as count_column12, min(CAST(column12 AS FLOAT)) as min_column12, max(CAST(column12 AS FLOAT)) as max_column12, sum(CAST(column12 AS FLOAT)) as sum_column12, avg(CAST(column12 AS FLOAT)) as avg_column12, count(CAST(column17 AS FLOAT)) as count_column17, min(CAST(column17 AS FLOAT)) as min_column17, max(CAST(column17 AS FLOAT)) as max_column17, sum(CAST(column17 AS FLOAT)) as sum_column17, avg(CAST(column17 AS FLOAT)) as avg_column17, count(CAST(column04 AS FLOAT)) as count_column04, min(CAST(column04 AS FLOAT)) as min_column04, max(CAST(column04 AS FLOAT)) as max_column04, sum(CAST(column04 AS FLOAT)) as sum_column04, avg(CAST(column04 AS FLOAT)) as avg_column04, count(CAST(column03 AS FLOAT)) as count_column03, min(CAST(column03 AS FLOAT)) as min_column03, max(CAST(column03 AS FLOAT)) as max_column03, sum(CAST(column03 AS FLOAT)) as sum_column03, avg(CAST(column03 AS FLOAT)) as avg_column03 from read_csv_auto('/data-nonraid/maroulis/data/taxi_data/yellow_tripdata_2014_cleaned.csv', ignore_errors = true) where CAST(column05 AS FLOAT) > CAST(-73.98805 AS FLOAT) AND CAST(column05 AS FLOAT) < CAST(-73.938065 AS FLOAT) AND CAST(column06 AS FLOAT) > CAST(40.75184 AS FLOAT) AND CAST(column06 AS FLOAT) < CAST(40.776863 AS FLOAT) AND (column12 >= 0.0 AND column12 <= 400.0 AND column04 <= 1000.0);",0,"{17=StatsDuckDB{count=49150181, min=0.0000, max=621.9800, sum=662456108.8195, mean=13.4782, sumOfSquares=NaN}, 3=StatsDuckDB{count=49150181, min=0.0000, max=9.0000, sum=83206554.0000, mean=1.6929, sumOfSquares=NaN}, 4=StatsDuckDB{count=49150181, min=0.0000, max=500.0000, sum=118093314.6113, mean=2.4027, sumOfSquares=NaN}, 12=StatsDuckDB{count=49150181, min=0.0000, max=400.0000, sum=550396217.8115, mean=11.1983, sumOfSquares=NaN}}","{17=6.624561088195397E8, 3=8.3206554E7, 4=1.1809331461133888E8, 12=5.503962178115057E8}"
/data-nonraid/maroulis/data/taxi_data/yellow_tripdata_2014_cleaned.csv,directCSV,99,1,19.408589236,"select count(CAST(column12 AS FLOAT)) as count_column12, min(CAST(column12 AS FLOAT)) as min_column12, max(CAST(column12 AS FLOAT)) as max_column12, sum(CAST(column12 AS FLOAT)) as sum_column12, avg(CAST(column12 AS FLOAT)) as avg_column12, count(CAST(column17 AS FLOAT)) as count_column17, min(CAST(column17 AS FLOAT)) as min_column17, max(CAST(column17 AS FLOAT)) as max_column17, sum(CAST(column17 AS FLOAT)) as sum_column17, avg(CAST(column17 AS FLOAT)) as avg_column17, count(CAST(column04 AS FLOAT)) as count_column04, min(CAST(column04 AS FLOAT)) as min_column04, max(CAST(column04 AS FLOAT)) as max_column04, sum(CAST(column04 AS FLOAT)) as sum_column04, avg(CAST(column04 AS FLOAT)) as avg_column04, count(CAST(column03 AS FLOAT)) as count_column03, min(CAST(column03 AS FLOAT)) as min_column03, max(CAST(column03 AS FLOAT)) as max_column03, sum(CAST(column03 AS FLOAT)) as sum_column03, avg(CAST(column03 AS FLOAT)) as avg_column03 from read_csv_auto('/data-nonraid/maroulis/data/taxi_data/yellow_tripdata_2014_cleaned.csv', ignore_errors = true) where CAST(column05 AS FLOAT) > CAST(-73.99205 AS FLOAT) AND CAST(column05 AS FLOAT) < CAST(-73.94206 AS FLOAT) AND CAST(column06 AS FLOAT) > CAST(40.75384 AS FLOAT) AND CAST(column06 AS FLOAT) < CAST(40.778866 AS FLOAT) AND (column12 >= 0.0 AND column12 <= 400.0 AND column04 <= 1000.0);",0,"{17=StatsDuckDB{count=53140092, min=0.0000, max=621.9800, sum=715131133.0966, mean=13.4575, sumOfSquares=NaN}, 3=StatsDuckDB{count=53140092, min=0.0000, max=9.0000, sum=89994462.0000, mean=1.6935, sumOfSquares=NaN}, 4=StatsDuckDB{count=53140092, min=0.0000, max=500.0000, sum=127976526.2406, mean=2.4083, sumOfSquares=NaN}, 12=StatsDuckDB{count=53140092, min=0.0000, max=400.0000, sum=595171671.1416, mean=11.2000, sumOfSquares=NaN}}","{17=7.151311330966202E8, 3=8.9994462E7, 4=1.2797652624058096E8, 12=5.951716711416248E8}"
