csv,version,i,rowCount,Time (sec),Query,errorBound,Query Result,Query Result Sum
/data-nonraid/maroulis/data/taxi_data/yellow_tripdata_2014_cleaned.csv,table,0,1,420.286552068,"select count(CAST(column12 AS FLOAT)) as count_column12, min(CAST(column12 AS FLOAT)) as min_column12, max(CAST(column12 AS FLOAT)) as max_column12, sum(CAST(column12 AS FLOAT)) as sum_column12, avg(CAST(column12 AS FLOAT)) as avg_column12, count(CAST(column17 AS FLOAT)) as count_column17, min(CAST(column17 AS FLOAT)) as min_column17, max(CAST(column17 AS FLOAT)) as max_column17, sum(CAST(column17 AS FLOAT)) as sum_column17, avg(CAST(column17 AS FLOAT)) as avg_column17 from data_table where CAST(column05 AS FLOAT) > CAST(-73.99 AS FLOAT) AND CAST(column05 AS FLOAT) < CAST(-73.94 AS FLOAT) AND CAST(column06 AS FLOAT) > CAST(40.745 AS FLOAT) AND CAST(column06 AS FLOAT) < CAST(40.77 AS FLOAT) AND (column12 >= 0.0 AND column12 <= 400.0 AND column04 <= 1000.0);",0,"{17=StatsDuckDB{count=50882999, min=0.0000, max=621.9800, sum=696851883.5621, mean=13.6952, sumOfSquares=NaN}, 12=StatsDuckDB{count=50882999, min=0.0000, max=400.0000, sum=577650087.2219, mean=11.3525, sumOfSquares=NaN}}","{17=6.968518835620996E8, 12=5.77650087221878E8}"
/data-nonraid/maroulis/data/taxi_data/yellow_tripdata_2014_cleaned.csv,table,1,1,3.226821378,"select count(CAST(column12 AS FLOAT)) as count_column12, min(CAST(column12 AS FLOAT)) as min_column12, max(CAST(column12 AS FLOAT)) as max_column12, sum(CAST(column12 AS FLOAT)) as sum_column12, avg(CAST(column12 AS FLOAT)) as avg_column12, count(CAST(column17 AS FLOAT)) as count_column17, min(CAST(column17 AS FLOAT)) as min_column17, max(CAST(column17 AS FLOAT)) as max_column17, sum(CAST(column17 AS FLOAT)) as sum_column17, avg(CAST(column17 AS FLOAT)) as avg_column17 from data_table where CAST(column05 AS FLOAT) > CAST(-73.9965 AS FLOAT) AND CAST(column05 AS FLOAT) < CAST(-73.9465 AS FLOAT) AND CAST(column06 AS FLOAT) > CAST(40.74825 AS FLOAT) AND CAST(column06 AS FLOAT) < CAST(40.77325 AS FLOAT) AND (column12 >= 0.0 AND column12 <= 400.0 AND column04 <= 1000.0);",0,"{17=StatsDuckDB{count=61050478, min=0.0000, max=621.9800, sum=831957259.1348, mean=13.6274, sumOfSquares=NaN}, 12=StatsDuckDB{count=61050478, min=0.0000, max=400.0000, sum=691785375.3120, mean=11.3314, sumOfSquares=NaN}}","{17=8.319572591348158E8, 12=6.917853753120356E8}"
/data-nonraid/maroulis/data/taxi_data/yellow_tripdata_2014_cleaned.csv,table,2,1,2.831025184,"select count(CAST(column12 AS FLOAT)) as count_column12, min(CAST(column12 AS FLOAT)) as min_column12, max(CAST(column12 AS FLOAT)) as max_column12, sum(CAST(column12 AS FLOAT)) as sum_column12, avg(CAST(column12 AS FLOAT)) as avg_column12, count(CAST(column17 AS FLOAT)) as count_column17, min(CAST(column17 AS FLOAT)) as min_column17, max(CAST(column17 AS FLOAT)) as max_column17, sum(CAST(column17 AS FLOAT)) as sum_column17, avg(CAST(column17 AS FLOAT)) as avg_column17 from data_table where CAST(column05 AS FLOAT) > CAST(-73.9895 AS FLOAT) AND CAST(column05 AS FLOAT) < CAST(-73.93951 AS FLOAT) AND CAST(column06 AS FLOAT) > CAST(40.75175 AS FLOAT) AND CAST(column06 AS FLOAT) < CAST(40.776752 AS FLOAT) AND (column12 >= 0.0 AND column12 <= 400.0 AND column04 <= 1000.0);",0,"{17=StatsDuckDB{count=51024908, min=0.0000, max=621.9800, sum=688870760.3302, mean=13.5007, sumOfSquares=NaN}, 12=StatsDuckDB{count=51024908, min=0.0000, max=400.0000, sum=572406401.6216, mean=11.2182, sumOfSquares=NaN}}","{17=6.88870760330151E8, 12=5.724064016215575E8}"
/data-nonraid/maroulis/data/taxi_data/yellow_tripdata_2014_cleaned.csv,table,3,1,2.621638504,"select count(CAST(column12 AS FLOAT)) as count_column12, min(CAST(column12 AS FLOAT)) as min_column12, max(CAST(column12 AS FLOAT)) as max_column12, sum(CAST(column12 AS FLOAT)) as sum_column12, avg(CAST(column12 AS FLOAT)) as avg_column12, count(CAST(column17 AS FLOAT)) as count_column17, min(CAST(column17 AS FLOAT)) as min_column17, max(CAST(column17 AS FLOAT)) as max_column17, sum(CAST(column17 AS FLOAT)) as sum_column17, avg(CAST(column17 AS FLOAT)) as avg_column17 from data_table where CAST(column05 AS FLOAT) > CAST(-73.9895 AS FLOAT) AND CAST(column05 AS FLOAT) < CAST(-73.93951 AS FLOAT) AND CAST(column06 AS FLOAT) > CAST(40.7495 AS FLOAT) AND CAST(column06 AS FLOAT) < CAST(40.7745 AS FLOAT) AND (column12 >= 0.0 AND column12 <= 400.0 AND column04 <= 1000.0);",0,"{17=StatsDuckDB{count=51311256, min=0.0000, max=621.9800, sum=697079049.0007, mean=13.5853, sumOfSquares=NaN}, 12=StatsDuckDB{count=51311256, min=0.0000, max=400.0000, sum=578739184.2317, mean=11.2790, sumOfSquares=NaN}}","{17=6.970790490006802E8, 12=5.787391842316954E8}"
/data-nonraid/maroulis/data/taxi_data/yellow_tripdata_2014_cleaned.csv,table,4,1,2.308222994,"select count(CAST(column12 AS FLOAT)) as count_column12, min(CAST(column12 AS FLOAT)) as min_column12, max(CAST(column12 AS FLOAT)) as max_column12, sum(CAST(column12 AS FLOAT)) as sum_column12, avg(CAST(column12 AS FLOAT)) as avg_column12, count(CAST(column17 AS FLOAT)) as count_column17, min(CAST(column17 AS FLOAT)) as min_column17, max(CAST(column17 AS FLOAT)) as max_column17, sum(CAST(column17 AS FLOAT)) as sum_column17, avg(CAST(column17 AS FLOAT)) as avg_column17 from data_table where CAST(column05 AS FLOAT) > CAST(-73.983505 AS FLOAT) AND CAST(column05 AS FLOAT) < CAST(-73.93351 AS FLOAT) AND CAST(column06 AS FLOAT) > CAST(40.7525 AS FLOAT) AND CAST(column06 AS FLOAT) < CAST(40.7775 AS FLOAT) AND (column12 >= 0.0 AND column12 <= 400.0 AND column04 <= 1000.0);",0,"{17=StatsDuckDB{count=42232347, min=0.0000, max=621.9800, sum=562993094.5852, mean=13.3309, sumOfSquares=NaN}, 12=StatsDuckDB{count=42232347, min=0.0000, max=400.0000, sum=467825625.3112, mean=11.0774, sumOfSquares=NaN}}","{17=5.629930945851661E8, 12=4.67825625311171E8}"
/data-nonraid/maroulis/data/taxi_data/yellow_tripdata_2014_cleaned.csv,table,5,1,2.188493858,"select count(CAST(column12 AS FLOAT)) as count_column12, min(CAST(column12 AS FLOAT)) as min_column12, max(CAST(column12 AS FLOAT)) as max_column12, sum(CAST(column12 AS FLOAT)) as sum_column12, avg(CAST(column12 AS FLOAT)) as avg_column12, count(CAST(column17 AS FLOAT)) as count_column17, min(CAST(column17 AS FLOAT)) as min_column17, max(CAST(column17 AS FLOAT)) as max_column17, sum(CAST(column17 AS FLOAT)) as sum_column17, avg(CAST(column17 AS FLOAT)) as avg_column17 from data_table where CAST(column05 AS FLOAT) > CAST(-73.977005 AS FLOAT) AND CAST(column05 AS FLOAT) < CAST(-73.92701 AS FLOAT) AND CAST(column06 AS FLOAT) > CAST(40.74925 AS FLOAT) AND CAST(column06 AS FLOAT) < CAST(40.77425 AS FLOAT) AND (column12 >= 0.0 AND column12 <= 400.0 AND column04 <= 1000.0);",0,"{17=StatsDuckDB{count=29559883, min=0.0000, max=621.9800, sum=391028701.1478, mean=13.2284, sumOfSquares=NaN}, 12=StatsDuckDB{count=29559883, min=0.0000, max=400.0000, sum=324792791.7508, mean=10.9876, sumOfSquares=NaN}}","{17=3.910287011478473E8, 12=3.2479279175080085E8}"
/data-nonraid/maroulis/data/taxi_data/yellow_tripdata_2014_cleaned.csv,table,6,1,2.161398248,"select count(CAST(column12 AS FLOAT)) as count_column12, min(CAST(column12 AS FLOAT)) as min_column12, max(CAST(column12 AS FLOAT)) as max_column12, sum(CAST(column12 AS FLOAT)) as sum_column12, avg(CAST(column12 AS FLOAT)) as avg_column12, count(CAST(column17 AS FLOAT)) as count_column17, min(CAST(column17 AS FLOAT)) as min_column17, max(CAST(column17 AS FLOAT)) as max_column17, sum(CAST(column17 AS FLOAT)) as sum_column17, avg(CAST(column17 AS FLOAT)) as avg_column17 from data_table where CAST(column05 AS FLOAT) > CAST(-73.981 AS FLOAT) AND CAST(column05 AS FLOAT) < CAST(-73.95601 AS FLOAT) AND CAST(column06 AS FLOAT) > CAST(40.753624 AS FLOAT) AND CAST(column06 AS FLOAT) < CAST(40.766125 AS FLOAT) AND (column12 >= 0.0 AND column12 <= 400.0 AND column04 <= 1000.0);",0,"{17=StatsDuckDB{count=20866088, min=0.0000, max=621.9800, sum=280884670.0599, mean=13.4613, sumOfSquares=NaN}, 12=StatsDuckDB{count=20866088, min=0.0000, max=400.0000, sum=232730197.8107, mean=11.1535, sumOfSquares=NaN}}","{17=2.8088467005993617E8, 12=2.327301978107454E8}"
/data-nonraid/maroulis/data/taxi_data/yellow_tripdata_2014_cleaned.csv,table,7,1,2.084390504,"select count(CAST(column12 AS FLOAT)) as count_column12, min(CAST(column12 AS FLOAT)) as min_column12, max(CAST(column12 AS FLOAT)) as max_column12, sum(CAST(column12 AS FLOAT)) as sum_column12, avg(CAST(column12 AS FLOAT)) as avg_column12, count(CAST(column17 AS FLOAT)) as count_column17, min(CAST(column17 AS FLOAT)) as min_column17, max(CAST(column17 AS FLOAT)) as max_column17, sum(CAST(column17 AS FLOAT)) as sum_column17, avg(CAST(column17 AS FLOAT)) as avg_column17 from data_table where CAST(column05 AS FLOAT) > CAST(-73.983 AS FLOAT) AND CAST(column05 AS FLOAT) < CAST(-73.970505 AS FLOAT) AND CAST(column06 AS FLOAT) > CAST(40.755814 AS FLOAT) AND CAST(column06 AS FLOAT) < CAST(40.762062 AS FLOAT) AND (column12 >= 0.0 AND column12 <= 400.0 AND column04 <= 1000.0);",0,"{17=StatsDuckDB{count=6552236, min=0.0000, max=621.9800, sum=93551004.3757, mean=14.2777, sumOfSquares=NaN}, 12=StatsDuckDB{count=6552236, min=0.0000, max=400.0000, sum=77010821.6103, mean=11.7534, sumOfSquares=NaN}}","{17=9.355100437565303E7, 12=7.701082161030722E7}"
/data-nonraid/maroulis/data/taxi_data/yellow_tripdata_2014_cleaned.csv,table,8,1,2.794592826,"select count(CAST(column12 AS FLOAT)) as count_column12, min(CAST(column12 AS FLOAT)) as min_column12, max(CAST(column12 AS FLOAT)) as max_column12, sum(CAST(column12 AS FLOAT)) as sum_column12, avg(CAST(column12 AS FLOAT)) as avg_column12, count(CAST(column17 AS FLOAT)) as count_column17, min(CAST(column17 AS FLOAT)) as min_column17, max(CAST(column17 AS FLOAT)) as max_column17, sum(CAST(column17 AS FLOAT)) as sum_column17, avg(CAST(column17 AS FLOAT)) as avg_column17 from data_table where CAST(column05 AS FLOAT) > CAST(-73.984 AS FLOAT) AND CAST(column05 AS FLOAT) < CAST(-73.97775 AS FLOAT) AND CAST(column06 AS FLOAT) > CAST(40.756905 AS FLOAT) AND CAST(column06 AS FLOAT) < CAST(40.760033 AS FLOAT) AND (column12 >= 0.0 AND column12 <= 400.0 AND column04 <= 1000.0);",0,"{17=StatsDuckDB{count=1151695, min=0.0000, max=405.8300, sum=16287789.9740, mean=14.1425, sumOfSquares=NaN}, 12=StatsDuckDB{count=1151695, min=0.0000, max=350.0000, sum=13502933.7801, mean=11.7244, sumOfSquares=NaN}}","{17=1.6287789974008322E7, 12=1.3502933780051231E7}"
/data-nonraid/maroulis/data/taxi_data/yellow_tripdata_2014_cleaned.csv,table,9,1,2.181011094,"select count(CAST(column12 AS FLOAT)) as count_column12, min(CAST(column12 AS FLOAT)) as min_column12, max(CAST(column12 AS FLOAT)) as max_column12, sum(CAST(column12 AS FLOAT)) as sum_column12, avg(CAST(column12 AS FLOAT)) as avg_column12, count(CAST(column17 AS FLOAT)) as count_column17, min(CAST(column17 AS FLOAT)) as min_column17, max(CAST(column17 AS FLOAT)) as max_column17, sum(CAST(column17 AS FLOAT)) as sum_column17, avg(CAST(column17 AS FLOAT)) as avg_column17 from data_table where CAST(column05 AS FLOAT) > CAST(-73.98325 AS FLOAT) AND CAST(column05 AS FLOAT) < CAST(-73.977005 AS FLOAT) AND CAST(column06 AS FLOAT) > CAST(40.75728 AS FLOAT) AND CAST(column06 AS FLOAT) < CAST(40.760406 AS FLOAT) AND (column12 >= 0.0 AND column12 <= 400.0 AND column04 <= 1000.0);",0,"{17=StatsDuckDB{count=1276398, min=0.0000, max=405.8300, sum=17555209.2683, mean=13.7537, sumOfSquares=NaN}, 12=StatsDuckDB{count=1276398, min=0.0000, max=350.0000, sum=14550872.0900, mean=11.3999, sumOfSquares=NaN}}","{17=1.7555209268330097E7, 12=1.4550872090046883E7}"
/data-nonraid/maroulis/data/taxi_data/yellow_tripdata_2014_cleaned.csv,table,10,1,2.234117543,"select count(CAST(column12 AS FLOAT)) as count_column12, min(CAST(column12 AS FLOAT)) as min_column12, max(CAST(column12 AS FLOAT)) as max_column12, sum(CAST(column12 AS FLOAT)) as sum_column12, avg(CAST(column12 AS FLOAT)) as avg_column12, count(CAST(column17 AS FLOAT)) as count_column17, min(CAST(column17 AS FLOAT)) as min_column17, max(CAST(column17 AS FLOAT)) as max_column17, sum(CAST(column17 AS FLOAT)) as sum_column17, avg(CAST(column17 AS FLOAT)) as avg_column17 from data_table where CAST(column05 AS FLOAT) > CAST(-73.984 AS FLOAT) AND CAST(column05 AS FLOAT) < CAST(-73.97775 AS FLOAT) AND CAST(column06 AS FLOAT) > CAST(40.75728 AS FLOAT) AND CAST(column06 AS FLOAT) < CAST(40.760406 AS FLOAT) AND (column12 >= 0.0 AND column12 <= 400.0 AND column04 <= 1000.0);",0,"{17=StatsDuckDB{count=1164549, min=0.0000, max=405.8300, sum=16512511.8724, mean=14.1793, sumOfSquares=NaN}, 12=StatsDuckDB{count=1164549, min=0.0000, max=350.0000, sum=13666019.4001, mean=11.7350, sumOfSquares=NaN}}","{17=1.6512511872356176E7, 12=1.366601940005207E7}"
/data-nonraid/maroulis/data/taxi_data/yellow_tripdata_2014_cleaned.csv,table,11,1,2.33638389,"select count(CAST(column12 AS FLOAT)) as count_column12, min(CAST(column12 AS FLOAT)) as min_column12, max(CAST(column12 AS FLOAT)) as max_column12, sum(CAST(column12 AS FLOAT)) as sum_column12, avg(CAST(column12 AS FLOAT)) as avg_column12, count(CAST(column17 AS FLOAT)) as count_column17, min(CAST(column17 AS FLOAT)) as min_column17, max(CAST(column17 AS FLOAT)) as max_column17, sum(CAST(column17 AS FLOAT)) as sum_column17, avg(CAST(column17 AS FLOAT)) as avg_column17 from data_table where CAST(column05 AS FLOAT) > CAST(-73.984 AS FLOAT) AND CAST(column05 AS FLOAT) < CAST(-73.97775 AS FLOAT) AND CAST(column06 AS FLOAT) > CAST(40.75678 AS FLOAT) AND CAST(column06 AS FLOAT) < CAST(40.759907 AS FLOAT) AND (column12 >= 0.0 AND column12 <= 400.0 AND column04 <= 1000.0);",0,"{17=StatsDuckDB{count=1153094, min=0.0000, max=405.8300, sum=16314465.7552, mean=14.1484, sumOfSquares=NaN}, 12=StatsDuckDB{count=1153094, min=0.0000, max=350.0000, sum=13528597.6201, mean=11.7324, sumOfSquares=NaN}}","{17=1.6314465755245924E7, 12=1.3528597620053291E7}"
/data-nonraid/maroulis/data/taxi_data/yellow_tripdata_2014_cleaned.csv,table,12,1,2.035928645,"select count(CAST(column12 AS FLOAT)) as count_column12, min(CAST(column12 AS FLOAT)) as min_column12, max(CAST(column12 AS FLOAT)) as max_column12, sum(CAST(column12 AS FLOAT)) as sum_column12, avg(CAST(column12 AS FLOAT)) as avg_column12, count(CAST(column17 AS FLOAT)) as count_column17, min(CAST(column17 AS FLOAT)) as min_column17, max(CAST(column17 AS FLOAT)) as max_column17, sum(CAST(column17 AS FLOAT)) as sum_column17, avg(CAST(column17 AS FLOAT)) as avg_column17 from data_table where CAST(column05 AS FLOAT) > CAST(-73.98475 AS FLOAT) AND CAST(column05 AS FLOAT) < CAST(-73.9785 AS FLOAT) AND CAST(column06 AS FLOAT) > CAST(40.75678 AS FLOAT) AND CAST(column06 AS FLOAT) < CAST(40.759907 AS FLOAT) AND (column12 >= 0.0 AND column12 <= 400.0 AND column04 <= 1000.0);",0,"{17=StatsDuckDB{count=1169803, min=0.0000, max=375.6900, sum=17087833.6375, mean=14.6074, sumOfSquares=NaN}, 12=StatsDuckDB{count=1169803, min=0.0000, max=290.0000, sum=14179749.1901, mean=12.1215, sumOfSquares=NaN}}","{17=1.708783363751793E7, 12=1.4179749190071583E7}"
/data-nonraid/maroulis/data/taxi_data/yellow_tripdata_2014_cleaned.csv,table,13,1,1.991619523,"select count(CAST(column12 AS FLOAT)) as count_column12, min(CAST(column12 AS FLOAT)) as min_column12, max(CAST(column12 AS FLOAT)) as max_column12, sum(CAST(column12 AS FLOAT)) as sum_column12, avg(CAST(column12 AS FLOAT)) as avg_column12, count(CAST(column17 AS FLOAT)) as count_column17, min(CAST(column17 AS FLOAT)) as min_column17, max(CAST(column17 AS FLOAT)) as max_column17, sum(CAST(column17 AS FLOAT)) as sum_column17, avg(CAST(column17 AS FLOAT)) as avg_column17 from data_table where CAST(column05 AS FLOAT) > CAST(-73.98412 AS FLOAT) AND CAST(column05 AS FLOAT) < CAST(-73.977875 AS FLOAT) AND CAST(column06 AS FLOAT) > CAST(40.756466 AS FLOAT) AND CAST(column06 AS FLOAT) < CAST(40.759594 AS FLOAT) AND (column12 >= 0.0 AND column12 <= 400.0 AND column04 <= 1000.0);",0,"{17=StatsDuckDB{count=1148720, min=0.0000, max=405.8300, sum=16337289.9387, mean=14.2222, sumOfSquares=NaN}, 12=StatsDuckDB{count=1148720, min=0.0000, max=350.0000, sum=13548911.2901, mean=11.7948, sumOfSquares=NaN}}","{17=1.6337289938724518E7, 12=1.354891129006052E7}"
/data-nonraid/maroulis/data/taxi_data/yellow_tripdata_2014_cleaned.csv,table,14,1,2.212282631,"select count(CAST(column12 AS FLOAT)) as count_column12, min(CAST(column12 AS FLOAT)) as min_column12, max(CAST(column12 AS FLOAT)) as max_column12, sum(CAST(column12 AS FLOAT)) as sum_column12, avg(CAST(column12 AS FLOAT)) as avg_column12, count(CAST(column17 AS FLOAT)) as count_column17, min(CAST(column17 AS FLOAT)) as min_column17, max(CAST(column17 AS FLOAT)) as max_column17, sum(CAST(column17 AS FLOAT)) as sum_column17, avg(CAST(column17 AS FLOAT)) as avg_column17 from data_table where CAST(column05 AS FLOAT) > CAST(-73.983376 AS FLOAT) AND CAST(column05 AS FLOAT) < CAST(-73.97713 AS FLOAT) AND CAST(column06 AS FLOAT) > CAST(40.756466 AS FLOAT) AND CAST(column06 AS FLOAT) < CAST(40.759594 AS FLOAT) AND (column12 >= 0.0 AND column12 <= 400.0 AND column04 <= 1000.0);",0,"{17=StatsDuckDB{count=1295507, min=0.0000, max=405.8300, sum=17762694.4340, mean=13.7110, sumOfSquares=NaN}, 12=StatsDuckDB{count=1295507, min=0.0000, max=350.0000, sum=14756560.9101, mean=11.3906, sumOfSquares=NaN}}","{17=1.776269443403721E7, 12=1.4756560910054684E7}"
/data-nonraid/maroulis/data/taxi_data/yellow_tripdata_2014_cleaned.csv,table,15,1,2.191468442,"select count(CAST(column12 AS FLOAT)) as count_column12, min(CAST(column12 AS FLOAT)) as min_column12, max(CAST(column12 AS FLOAT)) as max_column12, sum(CAST(column12 AS FLOAT)) as sum_column12, avg(CAST(column12 AS FLOAT)) as avg_column12, count(CAST(column17 AS FLOAT)) as count_column17, min(CAST(column17 AS FLOAT)) as min_column17, max(CAST(column17 AS FLOAT)) as max_column17, sum(CAST(column17 AS FLOAT)) as sum_column17, avg(CAST(column17 AS FLOAT)) as avg_column17 from data_table where CAST(column05 AS FLOAT) > CAST(-73.98412 AS FLOAT) AND CAST(column05 AS FLOAT) < CAST(-73.977875 AS FLOAT) AND CAST(column06 AS FLOAT) > CAST(40.756466 AS FLOAT) AND CAST(column06 AS FLOAT) < CAST(40.759594 AS FLOAT) AND (column12 >= 0.0 AND column12 <= 400.0 AND column04 <= 1000.0);",0,"{17=StatsDuckDB{count=1148720, min=0.0000, max=405.8300, sum=16337289.9387, mean=14.2222, sumOfSquares=NaN}, 12=StatsDuckDB{count=1148720, min=0.0000, max=350.0000, sum=13548911.2901, mean=11.7948, sumOfSquares=NaN}}","{17=1.6337289938724518E7, 12=1.354891129006052E7}"
/data-nonraid/maroulis/data/taxi_data/yellow_tripdata_2014_cleaned.csv,table,16,1,2.002718194,"select count(CAST(column12 AS FLOAT)) as count_column12, min(CAST(column12 AS FLOAT)) as min_column12, max(CAST(column12 AS FLOAT)) as max_column12, sum(CAST(column12 AS FLOAT)) as sum_column12, avg(CAST(column12 AS FLOAT)) as avg_column12, count(CAST(column17 AS FLOAT)) as count_column17, min(CAST(column17 AS FLOAT)) as min_column17, max(CAST(column17 AS FLOAT)) as max_column17, sum(CAST(column17 AS FLOAT)) as sum_column17, avg(CAST(column17 AS FLOAT)) as avg_column17 from data_table where CAST(column05 AS FLOAT) > CAST(-73.98487 AS FLOAT) AND CAST(column05 AS FLOAT) < CAST(-73.97862 AS FLOAT) AND CAST(column06 AS FLOAT) > CAST(40.756466 AS FLOAT) AND CAST(column06 AS FLOAT) < CAST(40.759594 AS FLOAT) AND (column12 >= 0.0 AND column12 <= 400.0 AND column04 <= 1000.0);",0,"{17=StatsDuckDB{count=1153847, min=0.0000, max=375.6900, sum=16961087.4107, mean=14.6996, sumOfSquares=NaN}, 12=StatsDuckDB{count=1153847, min=0.0000, max=290.0000, sum=14080500.9001, mean=12.2031, sumOfSquares=NaN}}","{17=1.696108741069746E7, 12=1.4080500900081158E7}"
/data-nonraid/maroulis/data/taxi_data/yellow_tripdata_2014_cleaned.csv,table,17,1,2.202682217,"select count(CAST(column12 AS FLOAT)) as count_column12, min(CAST(column12 AS FLOAT)) as min_column12, max(CAST(column12 AS FLOAT)) as max_column12, sum(CAST(column12 AS FLOAT)) as sum_column12, avg(CAST(column12 AS FLOAT)) as avg_column12, count(CAST(column17 AS FLOAT)) as count_column17, min(CAST(column17 AS FLOAT)) as min_column17, max(CAST(column17 AS FLOAT)) as max_column17, sum(CAST(column17 AS FLOAT)) as sum_column17, avg(CAST(column17 AS FLOAT)) as avg_column17 from data_table where CAST(column05 AS FLOAT) > CAST(-73.98393 AS FLOAT) AND CAST(column05 AS FLOAT) < CAST(-73.977684 AS FLOAT) AND CAST(column06 AS FLOAT) > CAST(40.756466 AS FLOAT) AND CAST(column06 AS FLOAT) < CAST(40.759594 AS FLOAT) AND (column12 >= 0.0 AND column12 <= 400.0 AND column04 <= 1000.0);",0,"{17=StatsDuckDB{count=1174568, min=0.0000, max=405.8300, sum=16537626.4069, mean=14.0798, sumOfSquares=NaN}, 12=StatsDuckDB{count=1174568, min=0.0000, max=350.0000, sum=13719616.1301, mean=11.6806, sumOfSquares=NaN}}","{17=1.6537626406935215E7, 12=1.3719616130057335E7}"
/data-nonraid/maroulis/data/taxi_data/yellow_tripdata_2014_cleaned.csv,table,18,1,1.903284435,"select count(CAST(column12 AS FLOAT)) as count_column12, min(CAST(column12 AS FLOAT)) as min_column12, max(CAST(column12 AS FLOAT)) as max_column12, sum(CAST(column12 AS FLOAT)) as sum_column12, avg(CAST(column12 AS FLOAT)) as avg_column12, count(CAST(column17 AS FLOAT)) as count_column17, min(CAST(column17 AS FLOAT)) as min_column17, max(CAST(column17 AS FLOAT)) as max_column17, sum(CAST(column17 AS FLOAT)) as sum_column17, avg(CAST(column17 AS FLOAT)) as avg_column17 from data_table where CAST(column05 AS FLOAT) > CAST(-73.98393 AS FLOAT) AND CAST(column05 AS FLOAT) < CAST(-73.977684 AS FLOAT) AND CAST(column06 AS FLOAT) > CAST(40.756092 AS FLOAT) AND CAST(column06 AS FLOAT) < CAST(40.75922 AS FLOAT) AND (column12 >= 0.0 AND column12 <= 400.0 AND column04 <= 1000.0);",0,"{17=StatsDuckDB{count=1208691, min=0.0000, max=405.8300, sum=16983139.5808, mean=14.0509, sumOfSquares=NaN}, 12=StatsDuckDB{count=1208691, min=0.0000, max=350.0000, sum=14092467.3101, mean=11.6593, sumOfSquares=NaN}}","{17=1.6983139580790043E7, 12=1.4092467310069084E7}"
/data-nonraid/maroulis/data/taxi_data/yellow_tripdata_2014_cleaned.csv,table,19,1,1.861718359,"select count(CAST(column12 AS FLOAT)) as count_column12, min(CAST(column12 AS FLOAT)) as min_column12, max(CAST(column12 AS FLOAT)) as max_column12, sum(CAST(column12 AS FLOAT)) as sum_column12, avg(CAST(column12 AS FLOAT)) as avg_column12, count(CAST(column17 AS FLOAT)) as count_column17, min(CAST(column17 AS FLOAT)) as min_column17, max(CAST(column17 AS FLOAT)) as max_column17, sum(CAST(column17 AS FLOAT)) as sum_column17, avg(CAST(column17 AS FLOAT)) as avg_column17 from data_table where CAST(column05 AS FLOAT) > CAST(-73.98462 AS FLOAT) AND CAST(column05 AS FLOAT) < CAST(-73.97837 AS FLOAT) AND CAST(column06 AS FLOAT) > CAST(40.75575 AS FLOAT) AND CAST(column06 AS FLOAT) < CAST(40.758877 AS FLOAT) AND (column12 >= 0.0 AND column12 <= 400.0 AND column04 <= 1000.0);",0,"{17=StatsDuckDB{count=1164789, min=0.0000, max=375.6900, sum=16925795.3017, mean=14.5312, sumOfSquares=NaN}, 12=StatsDuckDB{count=1164789, min=0.0000, max=290.0000, sum=14038214.2401, mean=12.0522, sumOfSquares=NaN}}","{17=1.6925795301651E7, 12=1.403821424007988E7}"
/data-nonraid/maroulis/data/taxi_data/yellow_tripdata_2014_cleaned.csv,table,20,1,2.482434677,"select count(CAST(column12 AS FLOAT)) as count_column12, min(CAST(column12 AS FLOAT)) as min_column12, max(CAST(column12 AS FLOAT)) as max_column12, sum(CAST(column12 AS FLOAT)) as sum_column12, avg(CAST(column12 AS FLOAT)) as avg_column12, count(CAST(column17 AS FLOAT)) as count_column17, min(CAST(column17 AS FLOAT)) as min_column17, max(CAST(column17 AS FLOAT)) as max_column17, sum(CAST(column17 AS FLOAT)) as sum_column17, avg(CAST(column17 AS FLOAT)) as avg_column17 from data_table where CAST(column05 AS FLOAT) > CAST(-73.98362 AS FLOAT) AND CAST(column05 AS FLOAT) < CAST(-73.97737 AS FLOAT) AND CAST(column06 AS FLOAT) > CAST(40.75525 AS FLOAT) AND CAST(column06 AS FLOAT) < CAST(40.758377 AS FLOAT) AND (column12 >= 0.0 AND column12 <= 400.0 AND column04 <= 1000.0);",0,"{17=StatsDuckDB{count=1336578, min=0.0000, max=400.0000, sum=18668890.7104, mean=13.9677, sumOfSquares=NaN}, 12=StatsDuckDB{count=1336578, min=0.0000, max=400.0000, sum=15498300.9501, mean=11.5955, sumOfSquares=NaN}}","{17=1.866889071035576E7, 12=1.5498300950077057E7}"
/data-nonraid/maroulis/data/taxi_data/yellow_tripdata_2014_cleaned.csv,table,21,1,1.882843081,"select count(CAST(column12 AS FLOAT)) as count_column12, min(CAST(column12 AS FLOAT)) as min_column12, max(CAST(column12 AS FLOAT)) as max_column12, sum(CAST(column12 AS FLOAT)) as sum_column12, avg(CAST(column12 AS FLOAT)) as avg_column12, count(CAST(column17 AS FLOAT)) as count_column17, min(CAST(column17 AS FLOAT)) as min_column17, max(CAST(column17 AS FLOAT)) as max_column17, sum(CAST(column17 AS FLOAT)) as sum_column17, avg(CAST(column17 AS FLOAT)) as avg_column17 from data_table where CAST(column05 AS FLOAT) > CAST(-73.98456 AS FLOAT) AND CAST(column05 AS FLOAT) < CAST(-73.97831 AS FLOAT) AND CAST(column06 AS FLOAT) > CAST(40.75525 AS FLOAT) AND CAST(column06 AS FLOAT) < CAST(40.758377 AS FLOAT) AND (column12 >= 0.0 AND column12 <= 400.0 AND column04 <= 1000.0);",0,"{17=StatsDuckDB{count=1249789, min=0.0000, max=400.0000, sum=18133784.2480, mean=14.5095, sumOfSquares=NaN}, 12=StatsDuckDB{count=1249789, min=0.0000, max=400.0000, sum=15020169.8101, mean=12.0182, sumOfSquares=NaN}}","{17=1.8133784247962236E7, 12=1.5020169810091019E7}"
/data-nonraid/maroulis/data/taxi_data/yellow_tripdata_2014_cleaned.csv,table,22,1,1.984997395,"select count(CAST(column12 AS FLOAT)) as count_column12, min(CAST(column12 AS FLOAT)) as min_column12, max(CAST(column12 AS FLOAT)) as max_column12, sum(CAST(column12 AS FLOAT)) as sum_column12, avg(CAST(column12 AS FLOAT)) as avg_column12, count(CAST(column17 AS FLOAT)) as count_column17, min(CAST(column17 AS FLOAT)) as min_column17, max(CAST(column17 AS FLOAT)) as max_column17, sum(CAST(column17 AS FLOAT)) as sum_column17, avg(CAST(column17 AS FLOAT)) as avg_column17 from data_table where CAST(column05 AS FLOAT) > CAST(-73.98575 AS FLOAT) AND CAST(column05 AS FLOAT) < CAST(-73.9795 AS FLOAT) AND CAST(column06 AS FLOAT) > CAST(40.754654 AS FLOAT) AND CAST(column06 AS FLOAT) < CAST(40.757782 AS FLOAT) AND (column12 >= 0.0 AND column12 <= 400.0 AND column04 <= 1000.0);",0,"{17=StatsDuckDB{count=1310430, min=0.0000, max=400.0000, sum=19321813.7663, mean=14.7446, sumOfSquares=NaN}, 12=StatsDuckDB{count=1310430, min=0.0000, max=400.0000, sum=15942340.2201, mean=12.1657, sumOfSquares=NaN}}","{17=1.932181376628232E7, 12=1.5942340220096359E7}"
/data-nonraid/maroulis/data/taxi_data/yellow_tripdata_2014_cleaned.csv,table,23,1,2.333838857,"select count(CAST(column12 AS FLOAT)) as count_column12, min(CAST(column12 AS FLOAT)) as min_column12, max(CAST(column12 AS FLOAT)) as max_column12, sum(CAST(column12 AS FLOAT)) as sum_column12, avg(CAST(column12 AS FLOAT)) as avg_column12, count(CAST(column17 AS FLOAT)) as count_column17, min(CAST(column17 AS FLOAT)) as min_column17, max(CAST(column17 AS FLOAT)) as max_column17, sum(CAST(column17 AS FLOAT)) as sum_column17, avg(CAST(column17 AS FLOAT)) as avg_column17 from data_table where CAST(column05 AS FLOAT) > CAST(-73.98575 AS FLOAT) AND CAST(column05 AS FLOAT) < CAST(-73.9795 AS FLOAT) AND CAST(column06 AS FLOAT) > CAST(40.75403 AS FLOAT) AND CAST(column06 AS FLOAT) < CAST(40.757156 AS FLOAT) AND (column12 >= 0.0 AND column12 <= 400.0 AND column04 <= 1000.0);",0,"{17=StatsDuckDB{count=1309902, min=0.0000, max=400.0000, sum=18938857.1690, mean=14.4582, sumOfSquares=NaN}, 12=StatsDuckDB{count=1309902, min=0.0000, max=400.0000, sum=15581689.7901, mean=11.8953, sumOfSquares=NaN}}","{17=1.893885716904545E7, 12=1.5581689790086756E7}"
/data-nonraid/maroulis/data/taxi_data/yellow_tripdata_2014_cleaned.csv,table,24,1,1.845368419,"select count(CAST(column12 AS FLOAT)) as count_column12, min(CAST(column12 AS FLOAT)) as min_column12, max(CAST(column12 AS FLOAT)) as max_column12, sum(CAST(column12 AS FLOAT)) as sum_column12, avg(CAST(column12 AS FLOAT)) as avg_column12, count(CAST(column17 AS FLOAT)) as count_column17, min(CAST(column17 AS FLOAT)) as min_column17, max(CAST(column17 AS FLOAT)) as max_column17, sum(CAST(column17 AS FLOAT)) as sum_column17, avg(CAST(column17 AS FLOAT)) as avg_column17 from data_table where CAST(column05 AS FLOAT) > CAST(-73.987 AS FLOAT) AND CAST(column05 AS FLOAT) < CAST(-73.98075 AS FLOAT) AND CAST(column06 AS FLOAT) > CAST(40.75403 AS FLOAT) AND CAST(column06 AS FLOAT) < CAST(40.757156 AS FLOAT) AND (column12 >= 0.0 AND column12 <= 400.0 AND column04 <= 1000.0);",0,"{17=StatsDuckDB{count=1375723, min=0.0000, max=390.0000, sum=19875106.4200, mean=14.4470, sumOfSquares=NaN}, 12=StatsDuckDB{count=1375723, min=0.0000, max=300.0000, sum=16374922.4601, mean=11.9028, sumOfSquares=NaN}}","{17=1.9875106420021057E7, 12=1.6374922460084448E7}"
/data-nonraid/maroulis/data/taxi_data/yellow_tripdata_2014_cleaned.csv,table,25,1,2.06410777,"select count(CAST(column12 AS FLOAT)) as count_column12, min(CAST(column12 AS FLOAT)) as min_column12, max(CAST(column12 AS FLOAT)) as max_column12, sum(CAST(column12 AS FLOAT)) as sum_column12, avg(CAST(column12 AS FLOAT)) as avg_column12, count(CAST(column17 AS FLOAT)) as count_column17, min(CAST(column17 AS FLOAT)) as min_column17, max(CAST(column17 AS FLOAT)) as max_column17, sum(CAST(column17 AS FLOAT)) as sum_column17, avg(CAST(column17 AS FLOAT)) as avg_column17 from data_table where CAST(column05 AS FLOAT) > CAST(-73.987 AS FLOAT) AND CAST(column05 AS FLOAT) < CAST(-73.98075 AS FLOAT) AND CAST(column06 AS FLOAT) > CAST(40.753498 AS FLOAT) AND CAST(column06 AS FLOAT) < CAST(40.756626 AS FLOAT) AND (column12 >= 0.0 AND column12 <= 400.0 AND column04 <= 1000.0);",0,"{17=StatsDuckDB{count=1254817, min=0.0000, max=495.5000, sum=17985424.4500, mean=14.3331, sumOfSquares=NaN}, 12=StatsDuckDB{count=1254817, min=0.0000, max=395.2000, sum=14773251.2001, mean=11.7732, sumOfSquares=NaN}}","{17=1.7985424450021505E7, 12=1.4773251200084219E7}"
/data-nonraid/maroulis/data/taxi_data/yellow_tripdata_2014_cleaned.csv,table,26,1,2.227128516,"select count(CAST(column12 AS FLOAT)) as count_column12, min(CAST(column12 AS FLOAT)) as min_column12, max(CAST(column12 AS FLOAT)) as max_column12, sum(CAST(column12 AS FLOAT)) as sum_column12, avg(CAST(column12 AS FLOAT)) as avg_column12, count(CAST(column17 AS FLOAT)) as count_column17, min(CAST(column17 AS FLOAT)) as min_column17, max(CAST(column17 AS FLOAT)) as max_column17, sum(CAST(column17 AS FLOAT)) as sum_column17, avg(CAST(column17 AS FLOAT)) as avg_column17 from data_table where CAST(column05 AS FLOAT) > CAST(-73.98594 AS FLOAT) AND CAST(column05 AS FLOAT) < CAST(-73.97969 AS FLOAT) AND CAST(column06 AS FLOAT) > CAST(40.753498 AS FLOAT) AND CAST(column06 AS FLOAT) < CAST(40.756626 AS FLOAT) AND (column12 >= 0.0 AND column12 <= 400.0 AND column04 <= 1000.0);",0,"{17=StatsDuckDB{count=1270023, min=0.0000, max=495.5000, sum=18073873.0614, mean=14.2311, sumOfSquares=NaN}, 12=StatsDuckDB{count=1270023, min=0.0000, max=395.2000, sum=14837071.3901, mean=11.6825, sumOfSquares=NaN}}","{17=1.80738730614326E7, 12=1.4837071390092382E7}"
/data-nonraid/maroulis/data/taxi_data/yellow_tripdata_2014_cleaned.csv,table,27,1,1.851424169,"select count(CAST(column12 AS FLOAT)) as count_column12, min(CAST(column12 AS FLOAT)) as min_column12, max(CAST(column12 AS FLOAT)) as max_column12, sum(CAST(column12 AS FLOAT)) as sum_column12, avg(CAST(column12 AS FLOAT)) as avg_column12, count(CAST(column17 AS FLOAT)) as count_column17, min(CAST(column17 AS FLOAT)) as min_column17, max(CAST(column17 AS FLOAT)) as max_column17, sum(CAST(column17 AS FLOAT)) as sum_column17, avg(CAST(column17 AS FLOAT)) as avg_column17 from data_table where CAST(column05 AS FLOAT) > CAST(-73.98475 AS FLOAT) AND CAST(column05 AS FLOAT) < CAST(-73.9785 AS FLOAT) AND CAST(column06 AS FLOAT) > CAST(40.753498 AS FLOAT) AND CAST(column06 AS FLOAT) < CAST(40.756626 AS FLOAT) AND (column12 >= 0.0 AND column12 <= 400.0 AND column04 <= 1000.0);",0,"{17=StatsDuckDB{count=1377304, min=0.0000, max=410.0000, sum=19190527.6810, mean=13.9334, sumOfSquares=NaN}, 12=StatsDuckDB{count=1377304, min=0.0000, max=400.0000, sum=15779384.0001, mean=11.4567, sumOfSquares=NaN}}","{17=1.9190527680950165E7, 12=1.5779384000088463E7}"
/data-nonraid/maroulis/data/taxi_data/yellow_tripdata_2014_cleaned.csv,table,28,1,1.959158376,"select count(CAST(column12 AS FLOAT)) as count_column12, min(CAST(column12 AS FLOAT)) as min_column12, max(CAST(column12 AS FLOAT)) as max_column12, sum(CAST(column12 AS FLOAT)) as sum_column12, avg(CAST(column12 AS FLOAT)) as avg_column12, count(CAST(column17 AS FLOAT)) as count_column17, min(CAST(column17 AS FLOAT)) as min_column17, max(CAST(column17 AS FLOAT)) as max_column17, sum(CAST(column17 AS FLOAT)) as sum_column17, avg(CAST(column17 AS FLOAT)) as avg_column17 from data_table where CAST(column05 AS FLOAT) > CAST(-73.986 AS FLOAT) AND CAST(column05 AS FLOAT) < CAST(-73.97975 AS FLOAT) AND CAST(column06 AS FLOAT) > CAST(40.753498 AS FLOAT) AND CAST(column06 AS FLOAT) < CAST(40.756626 AS FLOAT) AND (column12 >= 0.0 AND column12 <= 400.0 AND column04 <= 1000.0);",0,"{17=StatsDuckDB{count=1264870, min=0.0000, max=495.5000, sum=18020043.9414, mean=14.2466, sumOfSquares=NaN}, 12=StatsDuckDB{count=1264870, min=0.0000, max=395.2000, sum=14792259.3901, mean=11.6947, sumOfSquares=NaN}}","{17=1.8020043941367865E7, 12=1.4792259390092382E7}"
/data-nonraid/maroulis/data/taxi_data/yellow_tripdata_2014_cleaned.csv,table,29,1,1.943765809,"select count(CAST(column12 AS FLOAT)) as count_column12, min(CAST(column12 AS FLOAT)) as min_column12, max(CAST(column12 AS FLOAT)) as max_column12, sum(CAST(column12 AS FLOAT)) as sum_column12, avg(CAST(column12 AS FLOAT)) as avg_column12, count(CAST(column17 AS FLOAT)) as count_column17, min(CAST(column17 AS FLOAT)) as min_column17, max(CAST(column17 AS FLOAT)) as max_column17, sum(CAST(column17 AS FLOAT)) as sum_column17, avg(CAST(column17 AS FLOAT)) as avg_column17 from data_table where CAST(column05 AS FLOAT) > CAST(-73.98512 AS FLOAT) AND CAST(column05 AS FLOAT) < CAST(-73.978874 AS FLOAT) AND CAST(column06 AS FLOAT) > CAST(40.753498 AS FLOAT) AND CAST(column06 AS FLOAT) < CAST(40.756626 AS FLOAT) AND (column12 >= 0.0 AND column12 <= 400.0 AND column04 <= 1000.0);",0,"{17=StatsDuckDB{count=1355854, min=0.0000, max=495.5000, sum=19007947.1613, mean=14.0192, sumOfSquares=NaN}, 12=StatsDuckDB{count=1355854, min=0.0000, max=400.0000, sum=15619510.0901, mean=11.5201, sumOfSquares=NaN}}","{17=1.9007947161345482E7, 12=1.5619510090086708E7}"
/data-nonraid/maroulis/data/taxi_data/yellow_tripdata_2014_cleaned.csv,table,30,1,1.908025132,"select count(CAST(column12 AS FLOAT)) as count_column12, min(CAST(column12 AS FLOAT)) as min_column12, max(CAST(column12 AS FLOAT)) as max_column12, sum(CAST(column12 AS FLOAT)) as sum_column12, avg(CAST(column12 AS FLOAT)) as avg_column12, count(CAST(column17 AS FLOAT)) as count_column17, min(CAST(column17 AS FLOAT)) as min_column17, max(CAST(column17 AS FLOAT)) as max_column17, sum(CAST(column17 AS FLOAT)) as sum_column17, avg(CAST(column17 AS FLOAT)) as avg_column17 from data_table where CAST(column05 AS FLOAT) > CAST(-73.984436 AS FLOAT) AND CAST(column05 AS FLOAT) < CAST(-73.97819 AS FLOAT) AND CAST(column06 AS FLOAT) > CAST(40.753498 AS FLOAT) AND CAST(column06 AS FLOAT) < CAST(40.756626 AS FLOAT) AND (column12 >= 0.0 AND column12 <= 400.0 AND column04 <= 1000.0);",0,"{17=StatsDuckDB{count=1366790, min=0.0000, max=410.0000, sum=18978621.1801, mean=13.8855, sumOfSquares=NaN}, 12=StatsDuckDB{count=1366790, min=0.0000, max=400.0000, sum=15615247.4901, mean=11.4248, sumOfSquares=NaN}}","{17=1.8978621180093527E7, 12=1.561524749008728E7}"
/data-nonraid/maroulis/data/taxi_data/yellow_tripdata_2014_cleaned.csv,table,31,1,1.859062551,"select count(CAST(column12 AS FLOAT)) as count_column12, min(CAST(column12 AS FLOAT)) as min_column12, max(CAST(column12 AS FLOAT)) as max_column12, sum(CAST(column12 AS FLOAT)) as sum_column12, avg(CAST(column12 AS FLOAT)) as avg_column12, count(CAST(column17 AS FLOAT)) as count_column17, min(CAST(column17 AS FLOAT)) as min_column17, max(CAST(column17 AS FLOAT)) as max_column17, sum(CAST(column17 AS FLOAT)) as sum_column17, avg(CAST(column17 AS FLOAT)) as avg_column17 from data_table where CAST(column05 AS FLOAT) > CAST(-73.985435 AS FLOAT) AND CAST(column05 AS FLOAT) < CAST(-73.97919 AS FLOAT) AND CAST(column06 AS FLOAT) > CAST(40.753498 AS FLOAT) AND CAST(column06 AS FLOAT) < CAST(40.756626 AS FLOAT) AND (column12 >= 0.0 AND column12 <= 400.0 AND column04 <= 1000.0);",0,"{17=StatsDuckDB{count=1315587, min=0.0000, max=495.5000, sum=18560380.3910, mean=14.1081, sumOfSquares=NaN}, 12=StatsDuckDB{count=1315587, min=0.0000, max=400.0000, sum=15243673.2701, mean=11.5870, sumOfSquares=NaN}}","{17=1.856038039096856E7, 12=1.5243673270084152E7}"
/data-nonraid/maroulis/data/taxi_data/yellow_tripdata_2014_cleaned.csv,table,32,1,1.843908367,"select count(CAST(column12 AS FLOAT)) as count_column12, min(CAST(column12 AS FLOAT)) as min_column12, max(CAST(column12 AS FLOAT)) as max_column12, sum(CAST(column12 AS FLOAT)) as sum_column12, avg(CAST(column12 AS FLOAT)) as avg_column12, count(CAST(column17 AS FLOAT)) as count_column17, min(CAST(column17 AS FLOAT)) as min_column17, max(CAST(column17 AS FLOAT)) as max_column17, sum(CAST(column17 AS FLOAT)) as sum_column17, avg(CAST(column17 AS FLOAT)) as avg_column17 from data_table where CAST(column05 AS FLOAT) > CAST(-73.98463 AS FLOAT) AND CAST(column05 AS FLOAT) < CAST(-73.97838 AS FLOAT) AND CAST(column06 AS FLOAT) > CAST(40.753498 AS FLOAT) AND CAST(column06 AS FLOAT) < CAST(40.756626 AS FLOAT) AND (column12 >= 0.0 AND column12 <= 400.0 AND column04 <= 1000.0);",0,"{17=StatsDuckDB{count=1375792, min=0.0000, max=410.0000, sum=19143112.0007, mean=13.9142, sumOfSquares=NaN}, 12=StatsDuckDB{count=1375792, min=0.0000, max=400.0000, sum=15744525.0901, mean=11.4440, sumOfSquares=NaN}}","{17=1.914311200065732E7, 12=1.5744525090087662E7}"
/data-nonraid/maroulis/data/taxi_data/yellow_tripdata_2014_cleaned.csv,table,33,1,1.784652224,"select count(CAST(column12 AS FLOAT)) as count_column12, min(CAST(column12 AS FLOAT)) as min_column12, max(CAST(column12 AS FLOAT)) as max_column12, sum(CAST(column12 AS FLOAT)) as sum_column12, avg(CAST(column12 AS FLOAT)) as avg_column12, count(CAST(column17 AS FLOAT)) as count_column17, min(CAST(column17 AS FLOAT)) as min_column17, max(CAST(column17 AS FLOAT)) as max_column17, sum(CAST(column17 AS FLOAT)) as sum_column17, avg(CAST(column17 AS FLOAT)) as avg_column17 from data_table where CAST(column05 AS FLOAT) > CAST(-73.985504 AS FLOAT) AND CAST(column05 AS FLOAT) < CAST(-73.979256 AS FLOAT) AND CAST(column06 AS FLOAT) > CAST(40.753498 AS FLOAT) AND CAST(column06 AS FLOAT) < CAST(40.756626 AS FLOAT) AND (column12 >= 0.0 AND column12 <= 400.0 AND column04 <= 1000.0);",0,"{17=StatsDuckDB{count=1307327, min=0.0000, max=495.5000, sum=18468120.4808, mean=14.1266, sumOfSquares=NaN}, 12=StatsDuckDB{count=1307327, min=0.0000, max=400.0000, sum=15165764.7501, mean=11.6006, sumOfSquares=NaN}}","{17=1.8468120480807066E7, 12=1.5165764750087509E7}"
/data-nonraid/maroulis/data/taxi_data/yellow_tripdata_2014_cleaned.csv,table,34,1,2.120027809,"select count(CAST(column12 AS FLOAT)) as count_column12, min(CAST(column12 AS FLOAT)) as min_column12, max(CAST(column12 AS FLOAT)) as max_column12, sum(CAST(column12 AS FLOAT)) as sum_column12, avg(CAST(column12 AS FLOAT)) as avg_column12, count(CAST(column17 AS FLOAT)) as count_column17, min(CAST(column17 AS FLOAT)) as min_column17, max(CAST(column17 AS FLOAT)) as max_column17, sum(CAST(column17 AS FLOAT)) as sum_column17, avg(CAST(column17 AS FLOAT)) as avg_column17 from data_table where CAST(column05 AS FLOAT) > CAST(-73.98482 AS FLOAT) AND CAST(column05 AS FLOAT) < CAST(-73.97857 AS FLOAT) AND CAST(column06 AS FLOAT) > CAST(40.753498 AS FLOAT) AND CAST(column06 AS FLOAT) < CAST(40.756626 AS FLOAT) AND (column12 >= 0.0 AND column12 <= 400.0 AND column04 <= 1000.0);",0,"{17=StatsDuckDB{count=1375351, min=0.0000, max=410.0000, sum=19186434.4212, mean=13.9502, sumOfSquares=NaN}, 12=StatsDuckDB{count=1375351, min=0.0000, max=400.0000, sum=15774439.3401, mean=11.4694, sumOfSquares=NaN}}","{17=1.9186434421200752E7, 12=1.5774439340086708E7}"
/data-nonraid/maroulis/data/taxi_data/yellow_tripdata_2014_cleaned.csv,table,35,1,1.825107686,"select count(CAST(column12 AS FLOAT)) as count_column12, min(CAST(column12 AS FLOAT)) as min_column12, max(CAST(column12 AS FLOAT)) as max_column12, sum(CAST(column12 AS FLOAT)) as sum_column12, avg(CAST(column12 AS FLOAT)) as avg_column12, count(CAST(column17 AS FLOAT)) as count_column17, min(CAST(column17 AS FLOAT)) as min_column17, max(CAST(column17 AS FLOAT)) as max_column17, sum(CAST(column17 AS FLOAT)) as sum_column17, avg(CAST(column17 AS FLOAT)) as avg_column17 from data_table where CAST(column05 AS FLOAT) > CAST(-73.98419 AS FLOAT) AND CAST(column05 AS FLOAT) < CAST(-73.97794 AS FLOAT) AND CAST(column06 AS FLOAT) > CAST(40.753498 AS FLOAT) AND CAST(column06 AS FLOAT) < CAST(40.756626 AS FLOAT) AND (column12 >= 0.0 AND column12 <= 400.0 AND column04 <= 1000.0);",0,"{17=StatsDuckDB{count=1344716, min=0.0000, max=410.0000, sum=18636335.7193, mean=13.8589, sumOfSquares=NaN}, 12=StatsDuckDB{count=1344716, min=0.0000, max=400.0000, sum=15347601.9901, mean=11.4133, sumOfSquares=NaN}}","{17=1.8636335719257355E7, 12=1.5347601990089187E7}"
/data-nonraid/maroulis/data/taxi_data/yellow_tripdata_2014_cleaned.csv,table,36,1,2.035777429,"select count(CAST(column12 AS FLOAT)) as count_column12, min(CAST(column12 AS FLOAT)) as min_column12, max(CAST(column12 AS FLOAT)) as max_column12, sum(CAST(column12 AS FLOAT)) as sum_column12, avg(CAST(column12 AS FLOAT)) as avg_column12, count(CAST(column17 AS FLOAT)) as count_column17, min(CAST(column17 AS FLOAT)) as min_column17, max(CAST(column17 AS FLOAT)) as max_column17, sum(CAST(column17 AS FLOAT)) as sum_column17, avg(CAST(column17 AS FLOAT)) as avg_column17 from data_table where CAST(column05 AS FLOAT) > CAST(-73.983505 AS FLOAT) AND CAST(column05 AS FLOAT) < CAST(-73.97726 AS FLOAT) AND CAST(column06 AS FLOAT) > CAST(40.75384 AS FLOAT) AND CAST(column06 AS FLOAT) < CAST(40.75697 AS FLOAT) AND (column12 >= 0.0 AND column12 <= 400.0 AND column04 <= 1000.0);",0,"{17=StatsDuckDB{count=1282087, min=0.0000, max=400.0000, sum=17875346.1204, mean=13.9424, sumOfSquares=NaN}, 12=StatsDuckDB{count=1282087, min=0.0000, max=400.0000, sum=14771564.2401, mean=11.5215, sumOfSquares=NaN}}","{17=1.7875346120395906E7, 12=1.4771564240061054E7}"
/data-nonraid/maroulis/data/taxi_data/yellow_tripdata_2014_cleaned.csv,table,37,1,1.804690569,"select count(CAST(column12 AS FLOAT)) as count_column12, min(CAST(column12 AS FLOAT)) as min_column12, max(CAST(column12 AS FLOAT)) as max_column12, sum(CAST(column12 AS FLOAT)) as sum_column12, avg(CAST(column12 AS FLOAT)) as avg_column12, count(CAST(column17 AS FLOAT)) as count_column17, min(CAST(column17 AS FLOAT)) as min_column17, max(CAST(column17 AS FLOAT)) as max_column17, sum(CAST(column17 AS FLOAT)) as sum_column17, avg(CAST(column17 AS FLOAT)) as avg_column17 from data_table where CAST(column05 AS FLOAT) > CAST(-73.983505 AS FLOAT) AND CAST(column05 AS FLOAT) < CAST(-73.97726 AS FLOAT) AND CAST(column06 AS FLOAT) > CAST(40.753216 AS FLOAT) AND CAST(column06 AS FLOAT) < CAST(40.756344 AS FLOAT) AND (column12 >= 0.0 AND column12 <= 400.0 AND column04 <= 1000.0);",0,"{17=StatsDuckDB{count=1360252, min=0.0000, max=410.0000, sum=18598732.3673, mean=13.6730, sumOfSquares=NaN}, 12=StatsDuckDB{count=1360252, min=0.0000, max=400.0000, sum=15346322.9101, mean=11.2820, sumOfSquares=NaN}}","{17=1.859873236731673E7, 12=1.5346322910053024E7}"
/data-nonraid/maroulis/data/taxi_data/yellow_tripdata_2014_cleaned.csv,table,38,1,1.986581213,"select count(CAST(column12 AS FLOAT)) as count_column12, min(CAST(column12 AS FLOAT)) as min_column12, max(CAST(column12 AS FLOAT)) as max_column12, sum(CAST(column12 AS FLOAT)) as sum_column12, avg(CAST(column12 AS FLOAT)) as avg_column12, count(CAST(column17 AS FLOAT)) as count_column17, min(CAST(column17 AS FLOAT)) as min_column17, max(CAST(column17 AS FLOAT)) as max_column17, sum(CAST(column17 AS FLOAT)) as sum_column17, avg(CAST(column17 AS FLOAT)) as avg_column17 from data_table where CAST(column05 AS FLOAT) > CAST(-73.98419 AS FLOAT) AND CAST(column05 AS FLOAT) < CAST(-73.97794 AS FLOAT) AND CAST(column06 AS FLOAT) > CAST(40.753216 AS FLOAT) AND CAST(column06 AS FLOAT) < CAST(40.756344 AS FLOAT) AND (column12 >= 0.0 AND column12 <= 400.0 AND column04 <= 1000.0);",0,"{17=StatsDuckDB{count=1346641, min=0.0000, max=410.0000, sum=18533170.9167, mean=13.7625, sumOfSquares=NaN}, 12=StatsDuckDB{count=1346641, min=0.0000, max=400.0000, sum=15251960.0901, mean=11.3259, sumOfSquares=NaN}}","{17=1.8533170916679144E7, 12=1.5251960090072403E7}"
/data-nonraid/maroulis/data/taxi_data/yellow_tripdata_2014_cleaned.csv,table,39,1,1.858130251,"select count(CAST(column12 AS FLOAT)) as count_column12, min(CAST(column12 AS FLOAT)) as min_column12, max(CAST(column12 AS FLOAT)) as max_column12, sum(CAST(column12 AS FLOAT)) as sum_column12, avg(CAST(column12 AS FLOAT)) as avg_column12, count(CAST(column17 AS FLOAT)) as count_column17, min(CAST(column17 AS FLOAT)) as min_column17, max(CAST(column17 AS FLOAT)) as max_column17, sum(CAST(column17 AS FLOAT)) as sum_column17, avg(CAST(column17 AS FLOAT)) as avg_column17 from data_table where CAST(column05 AS FLOAT) > CAST(-73.98419 AS FLOAT) AND CAST(column05 AS FLOAT) < CAST(-73.97794 AS FLOAT) AND CAST(column06 AS FLOAT) > CAST(40.752747 AS FLOAT) AND CAST(column06 AS FLOAT) < CAST(40.755875 AS FLOAT) AND (column12 >= 0.0 AND column12 <= 400.0 AND column04 <= 1000.0);",0,"{17=StatsDuckDB{count=1346067, min=3.0000, max=410.0000, sum=18402944.8231, mean=13.6716, sumOfSquares=NaN}, 12=StatsDuckDB{count=1346067, min=0.0100, max=400.0000, sum=15109707.5201, mean=11.2251, sumOfSquares=NaN}}","{17=1.8402944823096752E7, 12=1.5109707520069847E7}"
/data-nonraid/maroulis/data/taxi_data/yellow_tripdata_2014_cleaned.csv,table,40,1,1.842670913,"select count(CAST(column12 AS FLOAT)) as count_column12, min(CAST(column12 AS FLOAT)) as min_column12, max(CAST(column12 AS FLOAT)) as max_column12, sum(CAST(column12 AS FLOAT)) as sum_column12, avg(CAST(column12 AS FLOAT)) as avg_column12, count(CAST(column17 AS FLOAT)) as count_column17, min(CAST(column17 AS FLOAT)) as min_column17, max(CAST(column17 AS FLOAT)) as max_column17, sum(CAST(column17 AS FLOAT)) as sum_column17, avg(CAST(column17 AS FLOAT)) as avg_column17 from data_table where CAST(column05 AS FLOAT) > CAST(-73.98419 AS FLOAT) AND CAST(column05 AS FLOAT) < CAST(-73.97794 AS FLOAT) AND CAST(column06 AS FLOAT) > CAST(40.752308 AS FLOAT) AND CAST(column06 AS FLOAT) < CAST(40.755436 AS FLOAT) AND (column12 >= 0.0 AND column12 <= 400.0 AND column04 <= 1000.0);",0,"{17=StatsDuckDB{count=1483768, min=0.0000, max=410.0000, sum=20199048.5236, mean=13.6133, sumOfSquares=NaN}, 12=StatsDuckDB{count=1483768, min=0.0000, max=395.2000, sum=16573081.5100, mean=11.1696, sumOfSquares=NaN}}","{17=2.0199048523600824E7, 12=1.657308151004507E7}"
/data-nonraid/maroulis/data/taxi_data/yellow_tripdata_2014_cleaned.csv,table,41,1,1.679558389,"select count(CAST(column12 AS FLOAT)) as count_column12, min(CAST(column12 AS FLOAT)) as min_column12, max(CAST(column12 AS FLOAT)) as max_column12, sum(CAST(column12 AS FLOAT)) as sum_column12, avg(CAST(column12 AS FLOAT)) as avg_column12, count(CAST(column17 AS FLOAT)) as count_column17, min(CAST(column17 AS FLOAT)) as min_column17, max(CAST(column17 AS FLOAT)) as max_column17, sum(CAST(column17 AS FLOAT)) as sum_column17, avg(CAST(column17 AS FLOAT)) as avg_column17 from data_table where CAST(column05 AS FLOAT) > CAST(-73.98419 AS FLOAT) AND CAST(column05 AS FLOAT) < CAST(-73.97794 AS FLOAT) AND CAST(column06 AS FLOAT) > CAST(40.752716 AS FLOAT) AND CAST(column06 AS FLOAT) < CAST(40.755844 AS FLOAT) AND (column12 >= 0.0 AND column12 <= 400.0 AND column04 <= 1000.0);",0,"{17=StatsDuckDB{count=1348229, min=3.0000, max=410.0000, sum=18429609.3129, mean=13.6695, sumOfSquares=NaN}, 12=StatsDuckDB{count=1348229, min=0.0100, max=400.0000, sum=15128362.6401, mean=11.2209, sumOfSquares=NaN}}","{17=1.8429609312936783E7, 12=1.5128362640068302E7}"
/data-nonraid/maroulis/data/taxi_data/yellow_tripdata_2014_cleaned.csv,table,42,1,1.712614062,"select count(CAST(column12 AS FLOAT)) as count_column12, min(CAST(column12 AS FLOAT)) as min_column12, max(CAST(column12 AS FLOAT)) as max_column12, sum(CAST(column12 AS FLOAT)) as sum_column12, avg(CAST(column12 AS FLOAT)) as avg_column12, count(CAST(column17 AS FLOAT)) as count_column17, min(CAST(column17 AS FLOAT)) as min_column17, max(CAST(column17 AS FLOAT)) as max_column17, sum(CAST(column17 AS FLOAT)) as sum_column17, avg(CAST(column17 AS FLOAT)) as avg_column17 from data_table where CAST(column05 AS FLOAT) > CAST(-73.98494 AS FLOAT) AND CAST(column05 AS FLOAT) < CAST(-73.97869 AS FLOAT) AND CAST(column06 AS FLOAT) > CAST(40.752716 AS FLOAT) AND CAST(column06 AS FLOAT) < CAST(40.755844 AS FLOAT) AND (column12 >= 0.0 AND column12 <= 400.0 AND column04 <= 1000.0);",0,"{17=StatsDuckDB{count=1308763, min=3.0000, max=410.0000, sum=18027147.6425, mean=13.7742, sumOfSquares=NaN}, 12=StatsDuckDB{count=1308763, min=0.0100, max=400.0000, sum=14761436.6501, mean=11.2789, sumOfSquares=NaN}}","{17=1.8027147642544985E7, 12=1.4761436650067577E7}"
/data-nonraid/maroulis/data/taxi_data/yellow_tripdata_2014_cleaned.csv,table,43,1,1.843963825,"select count(CAST(column12 AS FLOAT)) as count_column12, min(CAST(column12 AS FLOAT)) as min_column12, max(CAST(column12 AS FLOAT)) as max_column12, sum(CAST(column12 AS FLOAT)) as sum_column12, avg(CAST(column12 AS FLOAT)) as avg_column12, count(CAST(column17 AS FLOAT)) as count_column17, min(CAST(column17 AS FLOAT)) as min_column17, max(CAST(column17 AS FLOAT)) as max_column17, sum(CAST(column17 AS FLOAT)) as sum_column17, avg(CAST(column17 AS FLOAT)) as avg_column17 from data_table where CAST(column05 AS FLOAT) > CAST(-73.98569 AS FLOAT) AND CAST(column05 AS FLOAT) < CAST(-73.97944 AS FLOAT) AND CAST(column06 AS FLOAT) > CAST(40.752716 AS FLOAT) AND CAST(column06 AS FLOAT) < CAST(40.755844 AS FLOAT) AND (column12 >= 0.0 AND column12 <= 400.0 AND column04 <= 1000.0);",0,"{17=StatsDuckDB{count=1264745, min=3.0000, max=495.5000, sum=17593129.6438, mean=13.9104, sumOfSquares=NaN}, 12=StatsDuckDB{count=1264745, min=0.0100, max=400.0000, sum=14402579.5501, mean=11.3877, sumOfSquares=NaN}}","{17=1.7593129643754005E7, 12=1.4402579550080786E7}"
/data-nonraid/maroulis/data/taxi_data/yellow_tripdata_2014_cleaned.csv,table,44,1,1.855796642,"select count(CAST(column12 AS FLOAT)) as count_column12, min(CAST(column12 AS FLOAT)) as min_column12, max(CAST(column12 AS FLOAT)) as max_column12, sum(CAST(column12 AS FLOAT)) as sum_column12, avg(CAST(column12 AS FLOAT)) as avg_column12, count(CAST(column17 AS FLOAT)) as count_column17, min(CAST(column17 AS FLOAT)) as min_column17, max(CAST(column17 AS FLOAT)) as max_column17, sum(CAST(column17 AS FLOAT)) as sum_column17, avg(CAST(column17 AS FLOAT)) as avg_column17 from data_table where CAST(column05 AS FLOAT) > CAST(-73.984566 AS FLOAT) AND CAST(column05 AS FLOAT) < CAST(-73.97832 AS FLOAT) AND CAST(column06 AS FLOAT) > CAST(40.752716 AS FLOAT) AND CAST(column06 AS FLOAT) < CAST(40.755844 AS FLOAT) AND (column12 >= 0.0 AND column12 <= 400.0 AND column04 <= 1000.0);",0,"{17=StatsDuckDB{count=1321278, min=3.0000, max=410.0000, sum=18133171.9322, mean=13.7240, sumOfSquares=NaN}, 12=StatsDuckDB{count=1321278, min=0.0100, max=400.0000, sum=14859479.3901, mean=11.2463, sumOfSquares=NaN}}","{17=1.8133171932201385E7, 12=1.4859479390069256E7}"
/data-nonraid/maroulis/data/taxi_data/yellow_tripdata_2014_cleaned.csv,table,45,1,1.77433324,"select count(CAST(column12 AS FLOAT)) as count_column12, min(CAST(column12 AS FLOAT)) as min_column12, max(CAST(column12 AS FLOAT)) as max_column12, sum(CAST(column12 AS FLOAT)) as sum_column12, avg(CAST(column12 AS FLOAT)) as avg_column12, count(CAST(column17 AS FLOAT)) as count_column17, min(CAST(column17 AS FLOAT)) as min_column17, max(CAST(column17 AS FLOAT)) as max_column17, sum(CAST(column17 AS FLOAT)) as sum_column17, avg(CAST(column17 AS FLOAT)) as avg_column17 from data_table where CAST(column05 AS FLOAT) > CAST(-73.984566 AS FLOAT) AND CAST(column05 AS FLOAT) < CAST(-73.97832 AS FLOAT) AND CAST(column06 AS FLOAT) > CAST(40.752403 AS FLOAT) AND CAST(column06 AS FLOAT) < CAST(40.75553 AS FLOAT) AND (column12 >= 0.0 AND column12 <= 400.0 AND column04 <= 1000.0);",0,"{17=StatsDuckDB{count=1314494, min=0.0100, max=410.0000, sum=18027362.0298, mean=13.7143, sumOfSquares=NaN}, 12=StatsDuckDB{count=1314494, min=0.0100, max=395.2000, sum=14735495.4500, mean=11.2100, sumOfSquares=NaN}}","{17=1.802736202983404E7, 12=1.4735495450047512E7}"
/data-nonraid/maroulis/data/taxi_data/yellow_tripdata_2014_cleaned.csv,table,46,1,1.829188413,"select count(CAST(column12 AS FLOAT)) as count_column12, min(CAST(column12 AS FLOAT)) as min_column12, max(CAST(column12 AS FLOAT)) as max_column12, sum(CAST(column12 AS FLOAT)) as sum_column12, avg(CAST(column12 AS FLOAT)) as avg_column12, count(CAST(column17 AS FLOAT)) as count_column17, min(CAST(column17 AS FLOAT)) as min_column17, max(CAST(column17 AS FLOAT)) as max_column17, sum(CAST(column17 AS FLOAT)) as sum_column17, avg(CAST(column17 AS FLOAT)) as avg_column17 from data_table where CAST(column05 AS FLOAT) > CAST(-73.98525 AS FLOAT) AND CAST(column05 AS FLOAT) < CAST(-73.979004 AS FLOAT) AND CAST(column06 AS FLOAT) > CAST(40.752403 AS FLOAT) AND CAST(column06 AS FLOAT) < CAST(40.75553 AS FLOAT) AND (column12 >= 0.0 AND column12 <= 400.0 AND column04 <= 1000.0);",0,"{17=StatsDuckDB{count=1264208, min=0.0100, max=495.5000, sum=17439578.3996, mean=13.7949, sumOfSquares=NaN}, 12=StatsDuckDB{count=1264208, min=0.0100, max=395.2000, sum=14238836.9200, mean=11.2630, sumOfSquares=NaN}}","{17=1.7439578399580963E7, 12=1.4238836920038242E7}"
/data-nonraid/maroulis/data/taxi_data/yellow_tripdata_2014_cleaned.csv,table,47,1,1.744865044,"select count(CAST(column12 AS FLOAT)) as count_column12, min(CAST(column12 AS FLOAT)) as min_column12, max(CAST(column12 AS FLOAT)) as max_column12, sum(CAST(column12 AS FLOAT)) as sum_column12, avg(CAST(column12 AS FLOAT)) as avg_column12, count(CAST(column17 AS FLOAT)) as count_column17, min(CAST(column17 AS FLOAT)) as min_column17, max(CAST(column17 AS FLOAT)) as max_column17, sum(CAST(column17 AS FLOAT)) as sum_column17, avg(CAST(column17 AS FLOAT)) as avg_column17 from data_table where CAST(column05 AS FLOAT) > CAST(-73.986 AS FLOAT) AND CAST(column05 AS FLOAT) < CAST(-73.97975 AS FLOAT) AND CAST(column06 AS FLOAT) > CAST(40.752403 AS FLOAT) AND CAST(column06 AS FLOAT) < CAST(40.75553 AS FLOAT) AND (column12 >= 0.0 AND column12 <= 400.0 AND column04 <= 1000.0);",0,"{17=StatsDuckDB{count=1200790, min=2.5000, max=495.5000, sum=16687818.2517, mean=13.8974, sumOfSquares=NaN}, 12=StatsDuckDB{count=1200790, min=0.0100, max=395.2000, sum=13651067.0801, mean=11.3684, sumOfSquares=NaN}}","{17=1.6687818251729965E7, 12=1.3651067080058107E7}"
/data-nonraid/maroulis/data/taxi_data/yellow_tripdata_2014_cleaned.csv,table,48,1,1.628072636,"select count(CAST(column12 AS FLOAT)) as count_column12, min(CAST(column12 AS FLOAT)) as min_column12, max(CAST(column12 AS FLOAT)) as max_column12, sum(CAST(column12 AS FLOAT)) as sum_column12, avg(CAST(column12 AS FLOAT)) as avg_column12, count(CAST(column17 AS FLOAT)) as count_column17, min(CAST(column17 AS FLOAT)) as min_column17, max(CAST(column17 AS FLOAT)) as max_column17, sum(CAST(column17 AS FLOAT)) as sum_column17, avg(CAST(column17 AS FLOAT)) as avg_column17 from data_table where CAST(column05 AS FLOAT) > CAST(-73.98694 AS FLOAT) AND CAST(column05 AS FLOAT) < CAST(-73.98069 AS FLOAT) AND CAST(column06 AS FLOAT) > CAST(40.752403 AS FLOAT) AND CAST(column06 AS FLOAT) < CAST(40.75553 AS FLOAT) AND (column12 >= 0.0 AND column12 <= 400.0 AND column04 <= 1000.0);",0,"{17=StatsDuckDB{count=1064698, min=0.0000, max=495.5000, sum=14947692.7477, mean=14.0394, sumOfSquares=NaN}, 12=StatsDuckDB{count=1064698, min=0.0000, max=395.2000, sum=12219526.9201, mean=11.4770, sumOfSquares=NaN}}","{17=1.4947692747664452E7, 12=1.221952692005063E7}"
/data-nonraid/maroulis/data/taxi_data/yellow_tripdata_2014_cleaned.csv,table,49,1,1.631337217,"select count(CAST(column12 AS FLOAT)) as count_column12, min(CAST(column12 AS FLOAT)) as min_column12, max(CAST(column12 AS FLOAT)) as max_column12, sum(CAST(column12 AS FLOAT)) as sum_column12, avg(CAST(column12 AS FLOAT)) as avg_column12, count(CAST(column17 AS FLOAT)) as count_column17, min(CAST(column17 AS FLOAT)) as min_column17, max(CAST(column17 AS FLOAT)) as max_column17, sum(CAST(column17 AS FLOAT)) as sum_column17, avg(CAST(column17 AS FLOAT)) as avg_column17 from data_table where CAST(column05 AS FLOAT) > CAST(-73.987625 AS FLOAT) AND CAST(column05 AS FLOAT) < CAST(-73.98138 AS FLOAT) AND CAST(column06 AS FLOAT) > CAST(40.752403 AS FLOAT) AND CAST(column06 AS FLOAT) < CAST(40.75553 AS FLOAT) AND (column12 >= 0.0 AND column12 <= 400.0 AND column04 <= 1000.0);",0,"{17=StatsDuckDB{count=1034997, min=0.0000, max=495.5000, sum=14510912.5642, mean=14.0202, sumOfSquares=NaN}, 12=StatsDuckDB{count=1034997, min=0.0000, max=300.0000, sum=11864086.9500, mean=11.4629, sumOfSquares=NaN}}","{17=1.4510912564151764E7, 12=1.1864086950044641E7}"
/data-nonraid/maroulis/data/taxi_data/yellow_tripdata_2014_cleaned.csv,table,50,1,1.877788008,"select count(CAST(column12 AS FLOAT)) as count_column12, min(CAST(column12 AS FLOAT)) as min_column12, max(CAST(column12 AS FLOAT)) as max_column12, sum(CAST(column12 AS FLOAT)) as sum_column12, avg(CAST(column12 AS FLOAT)) as avg_column12, count(CAST(column17 AS FLOAT)) as count_column17, min(CAST(column17 AS FLOAT)) as min_column17, max(CAST(column17 AS FLOAT)) as max_column17, sum(CAST(column17 AS FLOAT)) as sum_column17, avg(CAST(column17 AS FLOAT)) as avg_column17 from data_table where CAST(column05 AS FLOAT) > CAST(-73.988625 AS FLOAT) AND CAST(column05 AS FLOAT) < CAST(-73.982376 AS FLOAT) AND CAST(column06 AS FLOAT) > CAST(40.751904 AS FLOAT) AND CAST(column06 AS FLOAT) < CAST(40.75503 AS FLOAT) AND (column12 >= 0.0 AND column12 <= 400.0 AND column04 <= 1000.0);",0,"{17=StatsDuckDB{count=1030431, min=0.0000, max=495.5000, sum=14219647.2420, mean=13.7997, sumOfSquares=NaN}, 12=StatsDuckDB{count=1030431, min=0.0000, max=300.0000, sum=11649377.5900, mean=11.3053, sumOfSquares=NaN}}","{17=1.421964724198842E7, 12=1.1649377590026388E7}"
/data-nonraid/maroulis/data/taxi_data/yellow_tripdata_2014_cleaned.csv,table,51,1,2.014356561,"select count(CAST(column12 AS FLOAT)) as count_column12, min(CAST(column12 AS FLOAT)) as min_column12, max(CAST(column12 AS FLOAT)) as max_column12, sum(CAST(column12 AS FLOAT)) as sum_column12, avg(CAST(column12 AS FLOAT)) as avg_column12, count(CAST(column17 AS FLOAT)) as count_column17, min(CAST(column17 AS FLOAT)) as min_column17, max(CAST(column17 AS FLOAT)) as max_column17, sum(CAST(column17 AS FLOAT)) as sum_column17, avg(CAST(column17 AS FLOAT)) as avg_column17 from data_table where CAST(column05 AS FLOAT) > CAST(-73.98937 AS FLOAT) AND CAST(column05 AS FLOAT) < CAST(-73.98312 AS FLOAT) AND CAST(column06 AS FLOAT) > CAST(40.751904 AS FLOAT) AND CAST(column06 AS FLOAT) < CAST(40.75503 AS FLOAT) AND (column12 >= 0.0 AND column12 <= 400.0 AND column04 <= 1000.0);",0,"{17=StatsDuckDB{count=1119003, min=0.0000, max=495.5000, sum=15271376.2427, mean=13.6473, sumOfSquares=NaN}, 12=StatsDuckDB{count=1119003, min=0.0000, max=395.0000, sum=12519344.5200, mean=11.1879, sumOfSquares=NaN}}","{17=1.5271376242702484E7, 12=1.2519344520024786E7}"
/data-nonraid/maroulis/data/taxi_data/yellow_tripdata_2014_cleaned.csv,table,52,1,1.781101904,"select count(CAST(column12 AS FLOAT)) as count_column12, min(CAST(column12 AS FLOAT)) as min_column12, max(CAST(column12 AS FLOAT)) as max_column12, sum(CAST(column12 AS FLOAT)) as sum_column12, avg(CAST(column12 AS FLOAT)) as avg_column12, count(CAST(column17 AS FLOAT)) as count_column17, min(CAST(column17 AS FLOAT)) as min_column17, max(CAST(column17 AS FLOAT)) as max_column17, sum(CAST(column17 AS FLOAT)) as sum_column17, avg(CAST(column17 AS FLOAT)) as avg_column17 from data_table where CAST(column05 AS FLOAT) > CAST(-73.99049 AS FLOAT) AND CAST(column05 AS FLOAT) < CAST(-73.984245 AS FLOAT) AND CAST(column06 AS FLOAT) > CAST(40.751904 AS FLOAT) AND CAST(column06 AS FLOAT) < CAST(40.75503 AS FLOAT) AND (column12 >= 0.0 AND column12 <= 400.0 AND column04 <= 1000.0);",0,"{17=StatsDuckDB{count=1113154, min=0.0000, max=495.5000, sum=14998976.2404, mean=13.4743, sumOfSquares=NaN}, 12=StatsDuckDB{count=1113154, min=0.0000, max=395.0000, sum=12322385.4200, mean=11.0698, sumOfSquares=NaN}}","{17=1.499897624042654E7, 12=1.2322385420036077E7}"
/data-nonraid/maroulis/data/taxi_data/yellow_tripdata_2014_cleaned.csv,table,53,1,1.653573952,"select count(CAST(column12 AS FLOAT)) as count_column12, min(CAST(column12 AS FLOAT)) as min_column12, max(CAST(column12 AS FLOAT)) as max_column12, sum(CAST(column12 AS FLOAT)) as sum_column12, avg(CAST(column12 AS FLOAT)) as avg_column12, count(CAST(column17 AS FLOAT)) as count_column17, min(CAST(column17 AS FLOAT)) as min_column17, max(CAST(column17 AS FLOAT)) as max_column17, sum(CAST(column17 AS FLOAT)) as sum_column17, avg(CAST(column17 AS FLOAT)) as avg_column17 from data_table where CAST(column05 AS FLOAT) > CAST(-73.99143 AS FLOAT) AND CAST(column05 AS FLOAT) < CAST(-73.98518 AS FLOAT) AND CAST(column06 AS FLOAT) > CAST(40.751904 AS FLOAT) AND CAST(column06 AS FLOAT) < CAST(40.75503 AS FLOAT) AND (column12 >= 0.0 AND column12 <= 400.0 AND column04 <= 1000.0);",0,"{17=StatsDuckDB{count=963790, min=0.0000, max=395.5000, sum=12939554.0448, mean=13.4257, sumOfSquares=NaN}, 12=StatsDuckDB{count=963790, min=0.0000, max=395.0000, sum=10654786.3000, mean=11.0551, sumOfSquares=NaN}}","{17=1.2939554044818401E7, 12=1.0654786300045729E7}"
/data-nonraid/maroulis/data/taxi_data/yellow_tripdata_2014_cleaned.csv,table,54,1,2.119770358,"select count(CAST(column12 AS FLOAT)) as count_column12, min(CAST(column12 AS FLOAT)) as min_column12, max(CAST(column12 AS FLOAT)) as max_column12, sum(CAST(column12 AS FLOAT)) as sum_column12, avg(CAST(column12 AS FLOAT)) as avg_column12, count(CAST(column17 AS FLOAT)) as count_column17, min(CAST(column17 AS FLOAT)) as min_column17, max(CAST(column17 AS FLOAT)) as max_column17, sum(CAST(column17 AS FLOAT)) as sum_column17, avg(CAST(column17 AS FLOAT)) as avg_column17 from data_table where CAST(column05 AS FLOAT) > CAST(-73.99081 AS FLOAT) AND CAST(column05 AS FLOAT) < CAST(-73.98456 AS FLOAT) AND CAST(column06 AS FLOAT) > CAST(40.751904 AS FLOAT) AND CAST(column06 AS FLOAT) < CAST(40.75503 AS FLOAT) AND (column12 >= 0.0 AND column12 <= 400.0 AND column04 <= 1000.0);",0,"{17=StatsDuckDB{count=1058253, min=0.0000, max=495.5000, sum=14245951.7886, mean=13.4618, sumOfSquares=NaN}, 12=StatsDuckDB{count=1058253, min=0.0000, max=395.0000, sum=11712722.3200, mean=11.0680, sumOfSquares=NaN}}","{17=1.4245951788636923E7, 12=1.171272232003951E7}"
/data-nonraid/maroulis/data/taxi_data/yellow_tripdata_2014_cleaned.csv,table,55,1,1.866722445,"select count(CAST(column12 AS FLOAT)) as count_column12, min(CAST(column12 AS FLOAT)) as min_column12, max(CAST(column12 AS FLOAT)) as max_column12, sum(CAST(column12 AS FLOAT)) as sum_column12, avg(CAST(column12 AS FLOAT)) as avg_column12, count(CAST(column17 AS FLOAT)) as count_column17, min(CAST(column17 AS FLOAT)) as min_column17, max(CAST(column17 AS FLOAT)) as max_column17, sum(CAST(column17 AS FLOAT)) as sum_column17, avg(CAST(column17 AS FLOAT)) as avg_column17 from data_table where CAST(column05 AS FLOAT) > CAST(-73.991615 AS FLOAT) AND CAST(column05 AS FLOAT) < CAST(-73.98537 AS FLOAT) AND CAST(column06 AS FLOAT) > CAST(40.751904 AS FLOAT) AND CAST(column06 AS FLOAT) < CAST(40.75503 AS FLOAT) AND (column12 >= 0.0 AND column12 <= 400.0 AND column04 <= 1000.0);",0,"{17=StatsDuckDB{count=960755, min=0.0000, max=395.5000, sum=12868674.7038, mean=13.3943, sumOfSquares=NaN}, 12=StatsDuckDB{count=960755, min=0.0000, max=395.0000, sum=10604962.0600, mean=11.0382, sumOfSquares=NaN}}","{17=1.2868674703819513E7, 12=1.0604962060041666E7}"
/data-nonraid/maroulis/data/taxi_data/yellow_tripdata_2014_cleaned.csv,table,56,1,1.659226484,"select count(CAST(column12 AS FLOAT)) as count_column12, min(CAST(column12 AS FLOAT)) as min_column12, max(CAST(column12 AS FLOAT)) as max_column12, sum(CAST(column12 AS FLOAT)) as sum_column12, avg(CAST(column12 AS FLOAT)) as avg_column12, count(CAST(column17 AS FLOAT)) as count_column17, min(CAST(column17 AS FLOAT)) as min_column17, max(CAST(column17 AS FLOAT)) as max_column17, sum(CAST(column17 AS FLOAT)) as sum_column17, avg(CAST(column17 AS FLOAT)) as avg_column17 from data_table where CAST(column05 AS FLOAT) > CAST(-73.990616 AS FLOAT) AND CAST(column05 AS FLOAT) < CAST(-73.98437 AS FLOAT) AND CAST(column06 AS FLOAT) > CAST(40.751404 AS FLOAT) AND CAST(column06 AS FLOAT) < CAST(40.75453 AS FLOAT) AND (column12 >= 0.0 AND column12 <= 400.0 AND column04 <= 1000.0);",0,"{17=StatsDuckDB{count=1129640, min=0.0000, max=495.5000, sum=15314759.0831, mean=13.5572, sumOfSquares=NaN}, 12=StatsDuckDB{count=1129640, min=0.0000, max=395.0000, sum=12609668.5200, mean=11.1626, sumOfSquares=NaN}}","{17=1.5314759083057165E7, 12=1.2609668520043135E7}"
/data-nonraid/maroulis/data/taxi_data/yellow_tripdata_2014_cleaned.csv,table,57,1,1.872156639,"select count(CAST(column12 AS FLOAT)) as count_column12, min(CAST(column12 AS FLOAT)) as min_column12, max(CAST(column12 AS FLOAT)) as max_column12, sum(CAST(column12 AS FLOAT)) as sum_column12, avg(CAST(column12 AS FLOAT)) as avg_column12, count(CAST(column17 AS FLOAT)) as count_column17, min(CAST(column17 AS FLOAT)) as min_column17, max(CAST(column17 AS FLOAT)) as max_column17, sum(CAST(column17 AS FLOAT)) as sum_column17, avg(CAST(column17 AS FLOAT)) as avg_column17 from data_table where CAST(column05 AS FLOAT) > CAST(-73.991806 AS FLOAT) AND CAST(column05 AS FLOAT) < CAST(-73.98556 AS FLOAT) AND CAST(column06 AS FLOAT) > CAST(40.751404 AS FLOAT) AND CAST(column06 AS FLOAT) < CAST(40.75453 AS FLOAT) AND (column12 >= 0.0 AND column12 <= 400.0 AND column04 <= 1000.0);",0,"{17=StatsDuckDB{count=959911, min=0.0000, max=395.5000, sum=12831263.2029, mean=13.3671, sumOfSquares=NaN}, 12=StatsDuckDB{count=959911, min=0.0000, max=395.0000, sum=10598616.4100, mean=11.0412, sumOfSquares=NaN}}","{17=1.2831263202942848E7, 12=1.0598616410035133E7}"
/data-nonraid/maroulis/data/taxi_data/yellow_tripdata_2014_cleaned.csv,table,58,1,1.691155687,"select count(CAST(column12 AS FLOAT)) as count_column12, min(CAST(column12 AS FLOAT)) as min_column12, max(CAST(column12 AS FLOAT)) as max_column12, sum(CAST(column12 AS FLOAT)) as sum_column12, avg(CAST(column12 AS FLOAT)) as avg_column12, count(CAST(column17 AS FLOAT)) as count_column17, min(CAST(column17 AS FLOAT)) as min_column17, max(CAST(column17 AS FLOAT)) as max_column17, sum(CAST(column17 AS FLOAT)) as sum_column17, avg(CAST(column17 AS FLOAT)) as avg_column17 from data_table where CAST(column05 AS FLOAT) > CAST(-73.991806 AS FLOAT) AND CAST(column05 AS FLOAT) < CAST(-73.98556 AS FLOAT) AND CAST(column06 AS FLOAT) > CAST(40.750935 AS FLOAT) AND CAST(column06 AS FLOAT) < CAST(40.754063 AS FLOAT) AND (column12 >= 0.0 AND column12 <= 400.0 AND column04 <= 1000.0);",0,"{17=StatsDuckDB{count=1136337, min=0.0000, max=395.5000, sum=14955135.7551, mean=13.1608, sumOfSquares=NaN}, 12=StatsDuckDB{count=1136337, min=0.0000, max=395.0000, sum=12418918.9800, mean=10.9289, sumOfSquares=NaN}}","{17=1.4955135755064964E7, 12=1.241891898004055E7}"
/data-nonraid/maroulis/data/taxi_data/yellow_tripdata_2014_cleaned.csv,table,59,1,2.378447895,"select count(CAST(column12 AS FLOAT)) as count_column12, min(CAST(column12 AS FLOAT)) as min_column12, max(CAST(column12 AS FLOAT)) as max_column12, sum(CAST(column12 AS FLOAT)) as sum_column12, avg(CAST(column12 AS FLOAT)) as avg_column12, count(CAST(column17 AS FLOAT)) as count_column17, min(CAST(column17 AS FLOAT)) as min_column17, max(CAST(column17 AS FLOAT)) as max_column17, sum(CAST(column17 AS FLOAT)) as sum_column17, avg(CAST(column17 AS FLOAT)) as avg_column17 from data_table where CAST(column05 AS FLOAT) > CAST(-73.992615 AS FLOAT) AND CAST(column05 AS FLOAT) < CAST(-73.98637 AS FLOAT) AND CAST(column06 AS FLOAT) > CAST(40.750935 AS FLOAT) AND CAST(column06 AS FLOAT) < CAST(40.754063 AS FLOAT) AND (column12 >= 0.0 AND column12 <= 400.0 AND column04 <= 1000.0);",0,"{17=StatsDuckDB{count=1045855, min=0.0000, max=395.5000, sum=13697549.3581, mean=13.0970, sumOfSquares=NaN}, 12=StatsDuckDB{count=1045855, min=0.0000, max=395.0000, sum=11403763.9900, mean=10.9038, sumOfSquares=NaN}}","{17=1.369754935813284E7, 12=1.1403763990024328E7}"
/data-nonraid/maroulis/data/taxi_data/yellow_tripdata_2014_cleaned.csv,table,60,1,1.833104514,"select count(CAST(column12 AS FLOAT)) as count_column12, min(CAST(column12 AS FLOAT)) as min_column12, max(CAST(column12 AS FLOAT)) as max_column12, sum(CAST(column12 AS FLOAT)) as sum_column12, avg(CAST(column12 AS FLOAT)) as avg_column12, count(CAST(column17 AS FLOAT)) as count_column17, min(CAST(column17 AS FLOAT)) as min_column17, max(CAST(column17 AS FLOAT)) as max_column17, sum(CAST(column17 AS FLOAT)) as sum_column17, avg(CAST(column17 AS FLOAT)) as avg_column17 from data_table where CAST(column05 AS FLOAT) > CAST(-73.993805 AS FLOAT) AND CAST(column05 AS FLOAT) < CAST(-73.98756 AS FLOAT) AND CAST(column06 AS FLOAT) > CAST(40.750935 AS FLOAT) AND CAST(column06 AS FLOAT) < CAST(40.754063 AS FLOAT) AND (column12 >= 0.0 AND column12 <= 400.0 AND column04 <= 1000.0);",0,"{17=StatsDuckDB{count=1269757, min=0.0100, max=395.5000, sum=16980666.5075, mean=13.3732, sumOfSquares=NaN}, 12=StatsDuckDB{count=1269757, min=0.0000, max=395.0000, sum=14182072.2800, mean=11.1691, sumOfSquares=NaN}}","{17=1.6980666507453926E7, 12=1.4182072280035276E7}"
/data-nonraid/maroulis/data/taxi_data/yellow_tripdata_2014_cleaned.csv,table,61,1,1.692545474,"select count(CAST(column12 AS FLOAT)) as count_column12, min(CAST(column12 AS FLOAT)) as min_column12, max(CAST(column12 AS FLOAT)) as max_column12, sum(CAST(column12 AS FLOAT)) as sum_column12, avg(CAST(column12 AS FLOAT)) as avg_column12, count(CAST(column17 AS FLOAT)) as count_column17, min(CAST(column17 AS FLOAT)) as min_column17, max(CAST(column17 AS FLOAT)) as max_column17, sum(CAST(column17 AS FLOAT)) as sum_column17, avg(CAST(column17 AS FLOAT)) as avg_column17 from data_table where CAST(column05 AS FLOAT) > CAST(-73.993805 AS FLOAT) AND CAST(column05 AS FLOAT) < CAST(-73.98756 AS FLOAT) AND CAST(column06 AS FLOAT) > CAST(40.75031 AS FLOAT) AND CAST(column06 AS FLOAT) < CAST(40.753437 AS FLOAT) AND (column12 >= 0.0 AND column12 <= 400.0 AND column04 <= 1000.0);",0,"{17=StatsDuckDB{count=1554823, min=0.0100, max=384.5000, sum=20543722.3615, mean=13.2129, sumOfSquares=NaN}, 12=StatsDuckDB{count=1554823, min=0.0000, max=322.8400, sum=17278212.2100, mean=11.1127, sumOfSquares=NaN}}","{17=2.0543722361452587E7, 12=1.7278212210026998E7}"
/data-nonraid/maroulis/data/taxi_data/yellow_tripdata_2014_cleaned.csv,table,62,1,1.90402857,"select count(CAST(column12 AS FLOAT)) as count_column12, min(CAST(column12 AS FLOAT)) as min_column12, max(CAST(column12 AS FLOAT)) as max_column12, sum(CAST(column12 AS FLOAT)) as sum_column12, avg(CAST(column12 AS FLOAT)) as avg_column12, count(CAST(column17 AS FLOAT)) as count_column17, min(CAST(column17 AS FLOAT)) as min_column17, max(CAST(column17 AS FLOAT)) as max_column17, sum(CAST(column17 AS FLOAT)) as sum_column17, avg(CAST(column17 AS FLOAT)) as avg_column17 from data_table where CAST(column05 AS FLOAT) > CAST(-73.99312 AS FLOAT) AND CAST(column05 AS FLOAT) < CAST(-73.98687 AS FLOAT) AND CAST(column06 AS FLOAT) > CAST(40.75031 AS FLOAT) AND CAST(column06 AS FLOAT) < CAST(40.753437 AS FLOAT) AND (column12 >= 0.0 AND column12 <= 400.0 AND column04 <= 1000.0);",0,"{17=StatsDuckDB{count=1499603, min=0.0100, max=353.3000, sum=19634079.2497, mean=13.0929, sumOfSquares=NaN}, 12=StatsDuckDB{count=1499603, min=0.0000, max=322.8400, sum=16494307.1000, mean=10.9991, sumOfSquares=NaN}}","{17=1.9634079249738224E7, 12=1.6494307100021848E7}"
/data-nonraid/maroulis/data/taxi_data/yellow_tripdata_2014_cleaned.csv,table,63,1,1.672644795,"select count(CAST(column12 AS FLOAT)) as count_column12, min(CAST(column12 AS FLOAT)) as min_column12, max(CAST(column12 AS FLOAT)) as max_column12, sum(CAST(column12 AS FLOAT)) as sum_column12, avg(CAST(column12 AS FLOAT)) as avg_column12, count(CAST(column17 AS FLOAT)) as count_column17, min(CAST(column17 AS FLOAT)) as min_column17, max(CAST(column17 AS FLOAT)) as max_column17, sum(CAST(column17 AS FLOAT)) as sum_column17, avg(CAST(column17 AS FLOAT)) as avg_column17 from data_table where CAST(column05 AS FLOAT) > CAST(-73.993744 AS FLOAT) AND CAST(column05 AS FLOAT) < CAST(-73.987495 AS FLOAT) AND CAST(column06 AS FLOAT) > CAST(40.749996 AS FLOAT) AND CAST(column06 AS FLOAT) < CAST(40.753124 AS FLOAT) AND (column12 >= 0.0 AND column12 <= 400.0 AND column04 <= 1000.0);",0,"{17=StatsDuckDB{count=2054441, min=0.0100, max=466.7000, sum=27183172.9832, mean=13.2314, sumOfSquares=NaN}, 12=StatsDuckDB{count=2054441, min=0.0000, max=380.0100, sum=22951691.1700, mean=11.1717, sumOfSquares=NaN}}","{17=2.718317298319412E7, 12=2.2951691170037527E7}"
/data-nonraid/maroulis/data/taxi_data/yellow_tripdata_2014_cleaned.csv,table,64,1,1.628082414,"select count(CAST(column12 AS FLOAT)) as count_column12, min(CAST(column12 AS FLOAT)) as min_column12, max(CAST(column12 AS FLOAT)) as max_column12, sum(CAST(column12 AS FLOAT)) as sum_column12, avg(CAST(column12 AS FLOAT)) as avg_column12, count(CAST(column17 AS FLOAT)) as count_column17, min(CAST(column17 AS FLOAT)) as min_column17, max(CAST(column17 AS FLOAT)) as max_column17, sum(CAST(column17 AS FLOAT)) as sum_column17, avg(CAST(column17 AS FLOAT)) as avg_column17 from data_table where CAST(column05 AS FLOAT) > CAST(-73.992935 AS FLOAT) AND CAST(column05 AS FLOAT) < CAST(-73.98669 AS FLOAT) AND CAST(column06 AS FLOAT) > CAST(40.749996 AS FLOAT) AND CAST(column06 AS FLOAT) < CAST(40.753124 AS FLOAT) AND (column12 >= 0.0 AND column12 <= 400.0 AND column04 <= 1000.0);",0,"{17=StatsDuckDB{count=2007624, min=0.0100, max=466.7000, sum=26367827.5924, mean=13.1338, sumOfSquares=NaN}, 12=StatsDuckDB{count=2007624, min=0.0000, max=380.0100, sum=22232186.1400, mean=11.0739, sumOfSquares=NaN}}","{17=2.6367827592373855E7, 12=2.223218614002896E7}"
/data-nonraid/maroulis/data/taxi_data/yellow_tripdata_2014_cleaned.csv,table,65,1,1.785891005,"select count(CAST(column12 AS FLOAT)) as count_column12, min(CAST(column12 AS FLOAT)) as min_column12, max(CAST(column12 AS FLOAT)) as max_column12, sum(CAST(column12 AS FLOAT)) as sum_column12, avg(CAST(column12 AS FLOAT)) as avg_column12, count(CAST(column17 AS FLOAT)) as count_column17, min(CAST(column17 AS FLOAT)) as min_column17, max(CAST(column17 AS FLOAT)) as max_column17, sum(CAST(column17 AS FLOAT)) as sum_column17, avg(CAST(column17 AS FLOAT)) as avg_column17 from data_table where CAST(column05 AS FLOAT) > CAST(-73.993935 AS FLOAT) AND CAST(column05 AS FLOAT) < CAST(-73.987686 AS FLOAT) AND CAST(column06 AS FLOAT) > CAST(40.749996 AS FLOAT) AND CAST(column06 AS FLOAT) < CAST(40.753124 AS FLOAT) AND (column12 >= 0.0 AND column12 <= 400.0 AND column04 <= 1000.0);",0,"{17=StatsDuckDB{count=2099409, min=0.0100, max=466.7000, sum=27907893.4248, mean=13.2932, sumOfSquares=NaN}, 12=StatsDuckDB{count=2099409, min=0.0000, max=380.0100, sum=23560243.7100, mean=11.2223, sumOfSquares=NaN}}","{17=2.790789342476321E7, 12=2.3560243710039396E7}"
/data-nonraid/maroulis/data/taxi_data/yellow_tripdata_2014_cleaned.csv,table,66,1,1.607023696,"select count(CAST(column12 AS FLOAT)) as count_column12, min(CAST(column12 AS FLOAT)) as min_column12, max(CAST(column12 AS FLOAT)) as max_column12, sum(CAST(column12 AS FLOAT)) as sum_column12, avg(CAST(column12 AS FLOAT)) as avg_column12, count(CAST(column17 AS FLOAT)) as count_column17, min(CAST(column17 AS FLOAT)) as min_column17, max(CAST(column17 AS FLOAT)) as max_column17, sum(CAST(column17 AS FLOAT)) as sum_column17, avg(CAST(column17 AS FLOAT)) as avg_column17 from data_table where CAST(column05 AS FLOAT) > CAST(-73.992744 AS FLOAT) AND CAST(column05 AS FLOAT) < CAST(-73.986496 AS FLOAT) AND CAST(column06 AS FLOAT) > CAST(40.75059 AS FLOAT) AND CAST(column06 AS FLOAT) < CAST(40.75372 AS FLOAT) AND (column12 >= 0.0 AND column12 <= 400.0 AND column04 <= 1000.0);",0,"{17=StatsDuckDB{count=1253257, min=0.0000, max=395.5000, sum=16314284.2627, mean=13.0175, sumOfSquares=NaN}, 12=StatsDuckDB{count=1253257, min=0.0000, max=395.0000, sum=13648165.8700, mean=10.8902, sumOfSquares=NaN}}","{17=1.6314284262729645E7, 12=1.364816587001729E7}"
/data-nonraid/maroulis/data/taxi_data/yellow_tripdata_2014_cleaned.csv,table,67,1,1.462434217,"select count(CAST(column12 AS FLOAT)) as count_column12, min(CAST(column12 AS FLOAT)) as min_column12, max(CAST(column12 AS FLOAT)) as max_column12, sum(CAST(column12 AS FLOAT)) as sum_column12, avg(CAST(column12 AS FLOAT)) as avg_column12, count(CAST(column17 AS FLOAT)) as count_column17, min(CAST(column17 AS FLOAT)) as min_column17, max(CAST(column17 AS FLOAT)) as max_column17, sum(CAST(column17 AS FLOAT)) as sum_column17, avg(CAST(column17 AS FLOAT)) as avg_column17 from data_table where CAST(column05 AS FLOAT) > CAST(-73.992744 AS FLOAT) AND CAST(column05 AS FLOAT) < CAST(-73.986496 AS FLOAT) AND CAST(column06 AS FLOAT) > CAST(40.750248 AS FLOAT) AND CAST(column06 AS FLOAT) < CAST(40.753376 AS FLOAT) AND (column12 >= 0.0 AND column12 <= 400.0 AND column04 <= 1000.0);",0,"{17=StatsDuckDB{count=1551908, min=2.5000, max=353.3000, sum=20314463.5620, mean=13.0900, sumOfSquares=NaN}, 12=StatsDuckDB{count=1551908, min=0.0000, max=322.8400, sum=17062801.7100, mean=10.9947, sumOfSquares=NaN}}","{17=2.0314463561980247E7, 12=1.7062801710017443E7}"
/data-nonraid/maroulis/data/taxi_data/yellow_tripdata_2014_cleaned.csv,table,68,1,1.499949599,"select count(CAST(column12 AS FLOAT)) as count_column12, min(CAST(column12 AS FLOAT)) as min_column12, max(CAST(column12 AS FLOAT)) as max_column12, sum(CAST(column12 AS FLOAT)) as sum_column12, avg(CAST(column12 AS FLOAT)) as avg_column12, count(CAST(column17 AS FLOAT)) as count_column17, min(CAST(column17 AS FLOAT)) as min_column17, max(CAST(column17 AS FLOAT)) as max_column17, sum(CAST(column17 AS FLOAT)) as sum_column17, avg(CAST(column17 AS FLOAT)) as avg_column17 from data_table where CAST(column05 AS FLOAT) > CAST(-73.991684 AS FLOAT) AND CAST(column05 AS FLOAT) < CAST(-73.985435 AS FLOAT) AND CAST(column06 AS FLOAT) > CAST(40.75078 AS FLOAT) AND CAST(column06 AS FLOAT) < CAST(40.753906 AS FLOAT) AND (column12 >= 0.0 AND column12 <= 400.0 AND column04 <= 1000.0);",0,"{17=StatsDuckDB{count=1262541, min=0.0000, max=395.5000, sum=16580756.3888, mean=13.1328, sumOfSquares=NaN}, 12=StatsDuckDB{count=1262541, min=0.0000, max=395.0000, sum=13791871.6300, mean=10.9239, sumOfSquares=NaN}}","{17=1.658075638877821E7, 12=1.3791871630046844E7}"
/data-nonraid/maroulis/data/taxi_data/yellow_tripdata_2014_cleaned.csv,table,69,1,1.606576963,"select count(CAST(column12 AS FLOAT)) as count_column12, min(CAST(column12 AS FLOAT)) as min_column12, max(CAST(column12 AS FLOAT)) as max_column12, sum(CAST(column12 AS FLOAT)) as sum_column12, avg(CAST(column12 AS FLOAT)) as avg_column12, count(CAST(column17 AS FLOAT)) as count_column17, min(CAST(column17 AS FLOAT)) as min_column17, max(CAST(column17 AS FLOAT)) as max_column17, sum(CAST(column17 AS FLOAT)) as sum_column17, avg(CAST(column17 AS FLOAT)) as avg_column17 from data_table where CAST(column05 AS FLOAT) > CAST(-73.994804 AS FLOAT) AND CAST(column05 AS FLOAT) < CAST(-73.98231 AS FLOAT) AND CAST(column06 AS FLOAT) > CAST(40.749214 AS FLOAT) AND CAST(column06 AS FLOAT) < CAST(40.75547 AS FLOAT) AND (column12 >= 0.0 AND column12 <= 400.0 AND column04 <= 1000.0);",0,"{17=StatsDuckDB{count=7270425, min=0.0000, max=495.5000, sum=99902709.6986, mean=13.7410, sumOfSquares=NaN}, 12=StatsDuckDB{count=7270425, min=0.0000, max=400.0000, sum=83587383.7202, mean=11.4969, sumOfSquares=NaN}}","{17=9.990270969855097E7, 12=8.358738372021966E7}"
/data-nonraid/maroulis/data/taxi_data/yellow_tripdata_2014_cleaned.csv,table,70,1,1.891123832,"select count(CAST(column12 AS FLOAT)) as count_column12, min(CAST(column12 AS FLOAT)) as min_column12, max(CAST(column12 AS FLOAT)) as max_column12, sum(CAST(column12 AS FLOAT)) as sum_column12, avg(CAST(column12 AS FLOAT)) as avg_column12, count(CAST(column17 AS FLOAT)) as count_column17, min(CAST(column17 AS FLOAT)) as min_column17, max(CAST(column17 AS FLOAT)) as max_column17, sum(CAST(column17 AS FLOAT)) as sum_column17, avg(CAST(column17 AS FLOAT)) as avg_column17 from data_table where CAST(column05 AS FLOAT) > CAST(-74.00105 AS FLOAT) AND CAST(column05 AS FLOAT) < CAST(-73.97606 AS FLOAT) AND CAST(column06 AS FLOAT) > CAST(40.746086 AS FLOAT) AND CAST(column06 AS FLOAT) < CAST(40.7586 AS FLOAT) AND (column12 >= 0.0 AND column12 <= 400.0 AND column04 <= 1000.0);",0,"{17=StatsDuckDB{count=22303815, min=0.0000, max=495.5000, sum=304741389.3164, mean=13.6632, sumOfSquares=NaN}, 12=StatsDuckDB{count=22303815, min=0.0000, max=400.0000, sum=253583646.9407, mean=11.3695, sumOfSquares=NaN}}","{17=3.0474138931635964E8, 12=2.5358364694074664E8}"
/data-nonraid/maroulis/data/taxi_data/yellow_tripdata_2014_cleaned.csv,table,71,1,2.091596751,"select count(CAST(column12 AS FLOAT)) as count_column12, min(CAST(column12 AS FLOAT)) as min_column12, max(CAST(column12 AS FLOAT)) as max_column12, sum(CAST(column12 AS FLOAT)) as sum_column12, avg(CAST(column12 AS FLOAT)) as avg_column12, count(CAST(column17 AS FLOAT)) as count_column17, min(CAST(column17 AS FLOAT)) as min_column17, max(CAST(column17 AS FLOAT)) as max_column17, sum(CAST(column17 AS FLOAT)) as sum_column17, avg(CAST(column17 AS FLOAT)) as avg_column17 from data_table where CAST(column05 AS FLOAT) > CAST(-74.01355 AS FLOAT) AND CAST(column05 AS FLOAT) < CAST(-73.96356 AS FLOAT) AND CAST(column06 AS FLOAT) > CAST(40.73983 AS FLOAT) AND CAST(column06 AS FLOAT) < CAST(40.764854 AS FLOAT) AND (column12 >= 0.0 AND column12 <= 400.0 AND column04 <= 1000.0);",0,"{17=StatsDuckDB{count=65170683, min=0.0000, max=1007.5100, sum=894116137.1390, mean=13.7196, sumOfSquares=NaN}, 12=StatsDuckDB{count=65170683, min=0.0000, max=400.0000, sum=739684586.4722, mean=11.3500, sumOfSquares=NaN}}","{17=8.941161371390282E8, 12=7.396845864722265E8}"
/data-nonraid/maroulis/data/taxi_data/yellow_tripdata_2014_cleaned.csv,table,72,1,2.246921493,"select count(CAST(column12 AS FLOAT)) as count_column12, min(CAST(column12 AS FLOAT)) as min_column12, max(CAST(column12 AS FLOAT)) as max_column12, sum(CAST(column12 AS FLOAT)) as sum_column12, avg(CAST(column12 AS FLOAT)) as avg_column12, count(CAST(column17 AS FLOAT)) as count_column17, min(CAST(column17 AS FLOAT)) as min_column17, max(CAST(column17 AS FLOAT)) as max_column17, sum(CAST(column17 AS FLOAT)) as sum_column17, avg(CAST(column17 AS FLOAT)) as avg_column17 from data_table where CAST(column05 AS FLOAT) > CAST(-74.01755 AS FLOAT) AND CAST(column05 AS FLOAT) < CAST(-73.96756 AS FLOAT) AND CAST(column06 AS FLOAT) > CAST(40.741833 AS FLOAT) AND CAST(column06 AS FLOAT) < CAST(40.766857 AS FLOAT) AND (column12 >= 0.0 AND column12 <= 400.0 AND column04 <= 1000.0);",0,"{17=StatsDuckDB{count=60327809, min=0.0000, max=626.6700, sum=832854602.8358, mean=13.8055, sumOfSquares=NaN}, 12=StatsDuckDB{count=60327809, min=0.0000, max=400.0000, sum=689477055.7722, mean=11.4288, sumOfSquares=NaN}}","{17=8.328546028357756E8, 12=6.894770557721939E8}"
/data-nonraid/maroulis/data/taxi_data/yellow_tripdata_2014_cleaned.csv,table,73,1,2.183293646,"select count(CAST(column12 AS FLOAT)) as count_column12, min(CAST(column12 AS FLOAT)) as min_column12, max(CAST(column12 AS FLOAT)) as max_column12, sum(CAST(column12 AS FLOAT)) as sum_column12, avg(CAST(column12 AS FLOAT)) as avg_column12, count(CAST(column17 AS FLOAT)) as count_column17, min(CAST(column17 AS FLOAT)) as min_column17, max(CAST(column17 AS FLOAT)) as max_column17, sum(CAST(column17 AS FLOAT)) as sum_column17, avg(CAST(column17 AS FLOAT)) as avg_column17 from data_table where CAST(column05 AS FLOAT) > CAST(-74.01305 AS FLOAT) AND CAST(column05 AS FLOAT) < CAST(-73.96306 AS FLOAT) AND CAST(column06 AS FLOAT) > CAST(40.744083 AS FLOAT) AND CAST(column06 AS FLOAT) < CAST(40.769108 AS FLOAT) AND (column12 >= 0.0 AND column12 <= 400.0 AND column04 <= 1000.0);",0,"{17=StatsDuckDB{count=61873909, min=0.0000, max=626.6700, sum=848678273.0564, mean=13.7163, sumOfSquares=NaN}, 12=StatsDuckDB{count=61873909, min=0.0000, max=400.0000, sum=703566488.3222, mean=11.3710, sumOfSquares=NaN}}","{17=8.486782730563836E8, 12=7.035664883222306E8}"
/data-nonraid/maroulis/data/taxi_data/yellow_tripdata_2014_cleaned.csv,table,74,1,2.189115694,"select count(CAST(column12 AS FLOAT)) as count_column12, min(CAST(column12 AS FLOAT)) as min_column12, max(CAST(column12 AS FLOAT)) as max_column12, sum(CAST(column12 AS FLOAT)) as sum_column12, avg(CAST(column12 AS FLOAT)) as avg_column12, count(CAST(column17 AS FLOAT)) as count_column17, min(CAST(column17 AS FLOAT)) as min_column17, max(CAST(column17 AS FLOAT)) as max_column17, sum(CAST(column17 AS FLOAT)) as sum_column17, avg(CAST(column17 AS FLOAT)) as avg_column17 from data_table where CAST(column05 AS FLOAT) > CAST(-74.01305 AS FLOAT) AND CAST(column05 AS FLOAT) < CAST(-73.96306 AS FLOAT) AND CAST(column06 AS FLOAT) > CAST(40.74158 AS FLOAT) AND CAST(column06 AS FLOAT) < CAST(40.766605 AS FLOAT) AND (column12 >= 0.0 AND column12 <= 400.0 AND column04 <= 1000.0);",0,"{17=StatsDuckDB{count=64394773, min=0.0000, max=1007.5100, sum=882446748.3246, mean=13.7037, sumOfSquares=NaN}, 12=StatsDuckDB{count=64394773, min=0.0000, max=400.0000, sum=730722639.2622, mean=11.3475, sumOfSquares=NaN}}","{17=8.824467483246222E8, 12=7.307226392622459E8}"
/data-nonraid/maroulis/data/taxi_data/yellow_tripdata_2014_cleaned.csv,table,75,1,2.121995079,"select count(CAST(column12 AS FLOAT)) as count_column12, min(CAST(column12 AS FLOAT)) as min_column12, max(CAST(column12 AS FLOAT)) as max_column12, sum(CAST(column12 AS FLOAT)) as sum_column12, avg(CAST(column12 AS FLOAT)) as avg_column12, count(CAST(column17 AS FLOAT)) as count_column17, min(CAST(column17 AS FLOAT)) as min_column17, max(CAST(column17 AS FLOAT)) as max_column17, sum(CAST(column17 AS FLOAT)) as sum_column17, avg(CAST(column17 AS FLOAT)) as avg_column17 from data_table where CAST(column05 AS FLOAT) > CAST(-74.007545 AS FLOAT) AND CAST(column05 AS FLOAT) < CAST(-73.95756 AS FLOAT) AND CAST(column06 AS FLOAT) > CAST(40.744335 AS FLOAT) AND CAST(column06 AS FLOAT) < CAST(40.76936 AS FLOAT) AND (column12 >= 0.0 AND column12 <= 400.0 AND column04 <= 1000.0);",0,"{17=StatsDuckDB{count=64173727, min=0.0000, max=626.6700, sum=877406806.7610, mean=13.6724, sumOfSquares=NaN}, 12=StatsDuckDB{count=64173727, min=0.0000, max=400.0000, sum=727775176.5723, mean=11.3407, sumOfSquares=NaN}}","{17=8.774068067610476E8, 12=7.277751765722674E8}"
/data-nonraid/maroulis/data/taxi_data/yellow_tripdata_2014_cleaned.csv,table,76,1,2.078498262,"select count(CAST(column12 AS FLOAT)) as count_column12, min(CAST(column12 AS FLOAT)) as min_column12, max(CAST(column12 AS FLOAT)) as max_column12, sum(CAST(column12 AS FLOAT)) as sum_column12, avg(CAST(column12 AS FLOAT)) as avg_column12, count(CAST(column17 AS FLOAT)) as count_column17, min(CAST(column17 AS FLOAT)) as min_column17, max(CAST(column17 AS FLOAT)) as max_column17, sum(CAST(column17 AS FLOAT)) as sum_column17, avg(CAST(column17 AS FLOAT)) as avg_column17 from data_table where CAST(column05 AS FLOAT) > CAST(-74.00255 AS FLOAT) AND CAST(column05 AS FLOAT) < CAST(-73.95256 AS FLOAT) AND CAST(column06 AS FLOAT) > CAST(40.741833 AS FLOAT) AND CAST(column06 AS FLOAT) < CAST(40.766857 AS FLOAT) AND (column12 >= 0.0 AND column12 <= 400.0 AND column04 <= 1000.0);",0,"{17=StatsDuckDB{count=64234236, min=0.0000, max=626.6700, sum=879344815.9964, mean=13.6897, sumOfSquares=NaN}, 12=StatsDuckDB{count=64234236, min=0.0000, max=400.0000, sum=728856989.0823, mean=11.3469, sumOfSquares=NaN}}","{17=8.79344815996437E8, 12=7.288569890822526E8}"
/data-nonraid/maroulis/data/taxi_data/yellow_tripdata_2014_cleaned.csv,table,77,1,2.10769846,"select count(CAST(column12 AS FLOAT)) as count_column12, min(CAST(column12 AS FLOAT)) as min_column12, max(CAST(column12 AS FLOAT)) as max_column12, sum(CAST(column12 AS FLOAT)) as sum_column12, avg(CAST(column12 AS FLOAT)) as avg_column12, count(CAST(column17 AS FLOAT)) as count_column17, min(CAST(column17 AS FLOAT)) as min_column17, max(CAST(column17 AS FLOAT)) as max_column17, sum(CAST(column17 AS FLOAT)) as sum_column17, avg(CAST(column17 AS FLOAT)) as avg_column17 from data_table where CAST(column05 AS FLOAT) > CAST(-73.99855 AS FLOAT) AND CAST(column05 AS FLOAT) < CAST(-73.94856 AS FLOAT) AND CAST(column06 AS FLOAT) > CAST(40.741833 AS FLOAT) AND CAST(column06 AS FLOAT) < CAST(40.766857 AS FLOAT) AND (column12 >= 0.0 AND column12 <= 400.0 AND column04 <= 1000.0);",0,"{17=StatsDuckDB{count=62352959, min=0.0000, max=626.6700, sum=854200055.8831, mean=13.6994, sumOfSquares=NaN}, 12=StatsDuckDB{count=62352959, min=0.0000, max=400.0000, sum=708045656.9522, mean=11.3554, sumOfSquares=NaN}}","{17=8.542000558830534E8, 12=7.08045656952215E8}"
/data-nonraid/maroulis/data/taxi_data/yellow_tripdata_2014_cleaned.csv,table,78,1,2.030846821,"select count(CAST(column12 AS FLOAT)) as count_column12, min(CAST(column12 AS FLOAT)) as min_column12, max(CAST(column12 AS FLOAT)) as max_column12, sum(CAST(column12 AS FLOAT)) as sum_column12, avg(CAST(column12 AS FLOAT)) as avg_column12, count(CAST(column17 AS FLOAT)) as count_column17, min(CAST(column17 AS FLOAT)) as min_column17, max(CAST(column17 AS FLOAT)) as max_column17, sum(CAST(column17 AS FLOAT)) as sum_column17, avg(CAST(column17 AS FLOAT)) as avg_column17 from data_table where CAST(column05 AS FLOAT) > CAST(-73.99205 AS FLOAT) AND CAST(column05 AS FLOAT) < CAST(-73.94206 AS FLOAT) AND CAST(column06 AS FLOAT) > CAST(40.745087 AS FLOAT) AND CAST(column06 AS FLOAT) < CAST(40.77011 AS FLOAT) AND (column12 >= 0.0 AND column12 <= 400.0 AND column04 <= 1000.0);",0,"{17=StatsDuckDB{count=55435886, min=0.0000, max=621.9800, sum=757835585.3985, mean=13.6705, sumOfSquares=NaN}, 12=StatsDuckDB{count=55435886, min=0.0000, max=400.0000, sum=629050332.2820, mean=11.3473, sumOfSquares=NaN}}","{17=7.578355853985456E8, 12=6.290503322820036E8}"
/data-nonraid/maroulis/data/taxi_data/yellow_tripdata_2014_cleaned.csv,table,79,1,1.969784471,"select count(CAST(column12 AS FLOAT)) as count_column12, min(CAST(column12 AS FLOAT)) as min_column12, max(CAST(column12 AS FLOAT)) as max_column12, sum(CAST(column12 AS FLOAT)) as sum_column12, avg(CAST(column12 AS FLOAT)) as avg_column12, count(CAST(column17 AS FLOAT)) as count_column17, min(CAST(column17 AS FLOAT)) as min_column17, max(CAST(column17 AS FLOAT)) as max_column17, sum(CAST(column17 AS FLOAT)) as sum_column17, avg(CAST(column17 AS FLOAT)) as avg_column17 from data_table where CAST(column05 AS FLOAT) > CAST(-73.98805 AS FLOAT) AND CAST(column05 AS FLOAT) < CAST(-73.938065 AS FLOAT) AND CAST(column06 AS FLOAT) > CAST(40.74709 AS FLOAT) AND CAST(column06 AS FLOAT) < CAST(40.772114 AS FLOAT) AND (column12 >= 0.0 AND column12 <= 400.0 AND column04 <= 1000.0);",0,"{17=StatsDuckDB{count=48513442, min=0.0000, max=621.9800, sum=661385137.9802, mean=13.6330, sumOfSquares=NaN}, 12=StatsDuckDB{count=48513442, min=0.0000, max=400.0000, sum=548523101.6517, mean=11.3066, sumOfSquares=NaN}}","{17=6.613851379801885E8, 12=5.485231016517472E8}"
/data-nonraid/maroulis/data/taxi_data/yellow_tripdata_2014_cleaned.csv,table,80,1,2.116142999,"select count(CAST(column12 AS FLOAT)) as count_column12, min(CAST(column12 AS FLOAT)) as min_column12, max(CAST(column12 AS FLOAT)) as max_column12, sum(CAST(column12 AS FLOAT)) as sum_column12, avg(CAST(column12 AS FLOAT)) as avg_column12, count(CAST(column17 AS FLOAT)) as count_column17, min(CAST(column17 AS FLOAT)) as min_column17, max(CAST(column17 AS FLOAT)) as max_column17, sum(CAST(column17 AS FLOAT)) as sum_column17, avg(CAST(column17 AS FLOAT)) as avg_column17 from data_table where CAST(column05 AS FLOAT) > CAST(-73.98155 AS FLOAT) AND CAST(column05 AS FLOAT) < CAST(-73.931564 AS FLOAT) AND CAST(column06 AS FLOAT) > CAST(40.74709 AS FLOAT) AND CAST(column06 AS FLOAT) < CAST(40.772114 AS FLOAT) AND (column12 >= 0.0 AND column12 <= 400.0 AND column04 <= 1000.0);",0,"{17=StatsDuckDB{count=36108286, min=0.0000, max=621.9800, sum=485224360.1923, mean=13.4380, sumOfSquares=NaN}, 12=StatsDuckDB{count=36108286, min=0.0000, max=400.0000, sum=402325664.8411, mean=11.1422, sumOfSquares=NaN}}","{17=4.852243601923462E8, 12=4.0232566484114975E8}"
/data-nonraid/maroulis/data/taxi_data/yellow_tripdata_2014_cleaned.csv,table,81,1,1.816989325,"select count(CAST(column12 AS FLOAT)) as count_column12, min(CAST(column12 AS FLOAT)) as min_column12, max(CAST(column12 AS FLOAT)) as max_column12, sum(CAST(column12 AS FLOAT)) as sum_column12, avg(CAST(column12 AS FLOAT)) as avg_column12, count(CAST(column17 AS FLOAT)) as count_column17, min(CAST(column17 AS FLOAT)) as min_column17, max(CAST(column17 AS FLOAT)) as max_column17, sum(CAST(column17 AS FLOAT)) as sum_column17, avg(CAST(column17 AS FLOAT)) as avg_column17 from data_table where CAST(column05 AS FLOAT) > CAST(-73.98155 AS FLOAT) AND CAST(column05 AS FLOAT) < CAST(-73.931564 AS FLOAT) AND CAST(column06 AS FLOAT) > CAST(40.744587 AS FLOAT) AND CAST(column06 AS FLOAT) < CAST(40.76961 AS FLOAT) AND (column12 >= 0.0 AND column12 <= 400.0 AND column04 <= 1000.0);",0,"{17=StatsDuckDB{count=34846579, min=0.0000, max=621.9800, sum=470815915.9775, mean=13.5111, sumOfSquares=NaN}, 12=StatsDuckDB{count=34846579, min=0.0000, max=400.0000, sum=389915953.8712, mean=11.1895, sumOfSquares=NaN}}","{17=4.7081591597752583E8, 12=3.8991595387120163E8}"
/data-nonraid/maroulis/data/taxi_data/yellow_tripdata_2014_cleaned.csv,table,82,1,1.989338576,"select count(CAST(column12 AS FLOAT)) as count_column12, min(CAST(column12 AS FLOAT)) as min_column12, max(CAST(column12 AS FLOAT)) as max_column12, sum(CAST(column12 AS FLOAT)) as sum_column12, avg(CAST(column12 AS FLOAT)) as avg_column12, count(CAST(column17 AS FLOAT)) as count_column17, min(CAST(column17 AS FLOAT)) as min_column17, max(CAST(column17 AS FLOAT)) as max_column17, sum(CAST(column17 AS FLOAT)) as sum_column17, avg(CAST(column17 AS FLOAT)) as avg_column17 from data_table where CAST(column05 AS FLOAT) > CAST(-73.98855 AS FLOAT) AND CAST(column05 AS FLOAT) < CAST(-73.93856 AS FLOAT) AND CAST(column06 AS FLOAT) > CAST(40.741085 AS FLOAT) AND CAST(column06 AS FLOAT) < CAST(40.76611 AS FLOAT) AND (column12 >= 0.0 AND column12 <= 400.0 AND column04 <= 1000.0);",0,"{17=StatsDuckDB{count=45987771, min=0.0000, max=1007.5100, sum=632332144.4369, mean=13.7500, sumOfSquares=NaN}, 12=StatsDuckDB{count=45987771, min=0.0000, max=400.0000, sum=522826234.7118, mean=11.3688, sumOfSquares=NaN}}","{17=6.323321444368994E8, 12=5.228262347117834E8}"
/data-nonraid/maroulis/data/taxi_data/yellow_tripdata_2014_cleaned.csv,table,83,1,1.872645698,"select count(CAST(column12 AS FLOAT)) as count_column12, min(CAST(column12 AS FLOAT)) as min_column12, max(CAST(column12 AS FLOAT)) as max_column12, sum(CAST(column12 AS FLOAT)) as sum_column12, avg(CAST(column12 AS FLOAT)) as avg_column12, count(CAST(column17 AS FLOAT)) as count_column17, min(CAST(column17 AS FLOAT)) as min_column17, max(CAST(column17 AS FLOAT)) as max_column17, sum(CAST(column17 AS FLOAT)) as sum_column17, avg(CAST(column17 AS FLOAT)) as avg_column17 from data_table where CAST(column05 AS FLOAT) > CAST(-73.98355 AS FLOAT) AND CAST(column05 AS FLOAT) < CAST(-73.93356 AS FLOAT) AND CAST(column06 AS FLOAT) > CAST(40.738583 AS FLOAT) AND CAST(column06 AS FLOAT) < CAST(40.763607 AS FLOAT) AND (column12 >= 0.0 AND column12 <= 400.0 AND column04 <= 1000.0);",0,"{17=StatsDuckDB{count=31579782, min=0.0000, max=1007.5100, sum=433188095.9176, mean=13.7173, sumOfSquares=NaN}, 12=StatsDuckDB{count=31579782, min=0.0000, max=400.0000, sum=357224848.7712, mean=11.3118, sumOfSquares=NaN}}","{17=4.3318809591762084E8, 12=3.572248487711838E8}"
/data-nonraid/maroulis/data/taxi_data/yellow_tripdata_2014_cleaned.csv,table,84,1,1.984665419,"select count(CAST(column12 AS FLOAT)) as count_column12, min(CAST(column12 AS FLOAT)) as min_column12, max(CAST(column12 AS FLOAT)) as max_column12, sum(CAST(column12 AS FLOAT)) as sum_column12, avg(CAST(column12 AS FLOAT)) as avg_column12, count(CAST(column17 AS FLOAT)) as count_column17, min(CAST(column17 AS FLOAT)) as min_column17, max(CAST(column17 AS FLOAT)) as max_column17, sum(CAST(column17 AS FLOAT)) as sum_column17, avg(CAST(column17 AS FLOAT)) as avg_column17 from data_table where CAST(column05 AS FLOAT) > CAST(-73.98955 AS FLOAT) AND CAST(column05 AS FLOAT) < CAST(-73.93956 AS FLOAT) AND CAST(column06 AS FLOAT) > CAST(40.741585 AS FLOAT) AND CAST(column06 AS FLOAT) < CAST(40.76661 AS FLOAT) AND (column12 >= 0.0 AND column12 <= 400.0 AND column04 <= 1000.0);",0,"{17=StatsDuckDB{count=48423630, min=0.0000, max=1007.5100, sum=665601943.4898, mean=13.7454, sumOfSquares=NaN}, 12=StatsDuckDB{count=48423630, min=0.0000, max=400.0000, sum=550617111.9618, mean=11.3708, sumOfSquares=NaN}}","{17=6.656019434898461E8, 12=5.506171119618485E8}"
/data-nonraid/maroulis/data/taxi_data/yellow_tripdata_2014_cleaned.csv,table,85,1,2.444191993,"select count(CAST(column12 AS FLOAT)) as count_column12, min(CAST(column12 AS FLOAT)) as min_column12, max(CAST(column12 AS FLOAT)) as max_column12, sum(CAST(column12 AS FLOAT)) as sum_column12, avg(CAST(column12 AS FLOAT)) as avg_column12, count(CAST(column17 AS FLOAT)) as count_column17, min(CAST(column17 AS FLOAT)) as min_column17, max(CAST(column17 AS FLOAT)) as max_column17, sum(CAST(column17 AS FLOAT)) as sum_column17, avg(CAST(column17 AS FLOAT)) as avg_column17 from data_table where CAST(column05 AS FLOAT) > CAST(-73.996544 AS FLOAT) AND CAST(column05 AS FLOAT) < CAST(-73.946556 AS FLOAT) AND CAST(column06 AS FLOAT) > CAST(40.738083 AS FLOAT) AND CAST(column06 AS FLOAT) < CAST(40.763107 AS FLOAT) AND (column12 >= 0.0 AND column12 <= 400.0 AND column04 <= 1000.0);",0,"{17=StatsDuckDB{count=55860566, min=0.0000, max=1007.5100, sum=765246817.7478, mean=13.6992, sumOfSquares=NaN}, 12=StatsDuckDB{count=55860566, min=0.0000, max=400.0000, sum=632934361.1720, mean=11.3306, sumOfSquares=NaN}}","{17=7.652468177477657E8, 12=6.329343611720313E8}"
/data-nonraid/maroulis/data/taxi_data/yellow_tripdata_2014_cleaned.csv,table,86,1,2.060764821,"select count(CAST(column12 AS FLOAT)) as count_column12, min(CAST(column12 AS FLOAT)) as min_column12, max(CAST(column12 AS FLOAT)) as max_column12, sum(CAST(column12 AS FLOAT)) as sum_column12, avg(CAST(column12 AS FLOAT)) as avg_column12, count(CAST(column17 AS FLOAT)) as count_column17, min(CAST(column17 AS FLOAT)) as min_column17, max(CAST(column17 AS FLOAT)) as max_column17, sum(CAST(column17 AS FLOAT)) as sum_column17, avg(CAST(column17 AS FLOAT)) as avg_column17 from data_table where CAST(column05 AS FLOAT) > CAST(-74.00404 AS FLOAT) AND CAST(column05 AS FLOAT) < CAST(-73.954056 AS FLOAT) AND CAST(column06 AS FLOAT) > CAST(40.738083 AS FLOAT) AND CAST(column06 AS FLOAT) < CAST(40.763107 AS FLOAT) AND (column12 >= 0.0 AND column12 <= 400.0 AND column04 <= 1000.0);",0,"{17=StatsDuckDB{count=61519656, min=0.0000, max=1007.5100, sum=840544932.5263, mean=13.6630, sumOfSquares=NaN}, 12=StatsDuckDB{count=61519656, min=0.0000, max=400.0000, sum=695075446.4021, mean=11.2984, sumOfSquares=NaN}}","{17=8.405449325263443E8, 12=6.95075446402106E8}"
/data-nonraid/maroulis/data/taxi_data/yellow_tripdata_2014_cleaned.csv,table,87,1,2.128239692,"select count(CAST(column12 AS FLOAT)) as count_column12, min(CAST(column12 AS FLOAT)) as min_column12, max(CAST(column12 AS FLOAT)) as max_column12, sum(CAST(column12 AS FLOAT)) as sum_column12, avg(CAST(column12 AS FLOAT)) as avg_column12, count(CAST(column17 AS FLOAT)) as count_column17, min(CAST(column17 AS FLOAT)) as min_column17, max(CAST(column17 AS FLOAT)) as max_column17, sum(CAST(column17 AS FLOAT)) as sum_column17, avg(CAST(column17 AS FLOAT)) as avg_column17 from data_table where CAST(column05 AS FLOAT) > CAST(-74.01154 AS FLOAT) AND CAST(column05 AS FLOAT) < CAST(-73.961555 AS FLOAT) AND CAST(column06 AS FLOAT) > CAST(40.741837 AS FLOAT) AND CAST(column06 AS FLOAT) < CAST(40.76686 AS FLOAT) AND (column12 >= 0.0 AND column12 <= 400.0 AND column04 <= 1000.0);",0,"{17=StatsDuckDB{count=64808798, min=0.0000, max=626.6700, sum=887590268.7798, mean=13.6955, sumOfSquares=NaN}, 12=StatsDuckDB{count=64808798, min=0.0000, max=400.0000, sum=735177965.0223, mean=11.3438, sumOfSquares=NaN}}","{17=8.875902687798147E8, 12=7.351779650222542E8}"
/data-nonraid/maroulis/data/taxi_data/yellow_tripdata_2014_cleaned.csv,table,88,1,2.194804616,"select count(CAST(column12 AS FLOAT)) as count_column12, min(CAST(column12 AS FLOAT)) as min_column12, max(CAST(column12 AS FLOAT)) as max_column12, sum(CAST(column12 AS FLOAT)) as sum_column12, avg(CAST(column12 AS FLOAT)) as avg_column12, count(CAST(column17 AS FLOAT)) as count_column17, min(CAST(column17 AS FLOAT)) as min_column17, max(CAST(column17 AS FLOAT)) as max_column17, sum(CAST(column17 AS FLOAT)) as sum_column17, avg(CAST(column17 AS FLOAT)) as avg_column17 from data_table where CAST(column05 AS FLOAT) > CAST(-74.01154 AS FLOAT) AND CAST(column05 AS FLOAT) < CAST(-73.961555 AS FLOAT) AND CAST(column06 AS FLOAT) > CAST(40.738583 AS FLOAT) AND CAST(column06 AS FLOAT) < CAST(40.763607 AS FLOAT) AND (column12 >= 0.0 AND column12 <= 400.0 AND column04 <= 1000.0);",0,"{17=StatsDuckDB{count=64789377, min=0.0000, max=1007.5100, sum=888029722.1925, mean=13.7064, sumOfSquares=NaN}, 12=StatsDuckDB{count=64789377, min=0.0000, max=400.0000, sum=734333091.0721, mean=11.3342, sumOfSquares=NaN}}","{17=8.88029722192471E8, 12=7.343330910721456E8}"
/data-nonraid/maroulis/data/taxi_data/yellow_tripdata_2014_cleaned.csv,table,89,1,2.187201087,"select count(CAST(column12 AS FLOAT)) as count_column12, min(CAST(column12 AS FLOAT)) as min_column12, max(CAST(column12 AS FLOAT)) as max_column12, sum(CAST(column12 AS FLOAT)) as sum_column12, avg(CAST(column12 AS FLOAT)) as avg_column12, count(CAST(column17 AS FLOAT)) as count_column17, min(CAST(column17 AS FLOAT)) as min_column17, max(CAST(column17 AS FLOAT)) as max_column17, sum(CAST(column17 AS FLOAT)) as sum_column17, avg(CAST(column17 AS FLOAT)) as avg_column17 from data_table where CAST(column05 AS FLOAT) > CAST(-74.00455 AS FLOAT) AND CAST(column05 AS FLOAT) < CAST(-73.95456 AS FLOAT) AND CAST(column06 AS FLOAT) > CAST(40.738583 AS FLOAT) AND CAST(column06 AS FLOAT) < CAST(40.763607 AS FLOAT) AND (column12 >= 0.0 AND column12 <= 400.0 AND column04 <= 1000.0);",0,"{17=StatsDuckDB{count=62626517, min=0.0000, max=1007.5100, sum=856049751.3546, mean=13.6691, sumOfSquares=NaN}, 12=StatsDuckDB{count=62626517, min=0.0000, max=400.0000, sum=708062843.5621, mean=11.3061, sumOfSquares=NaN}}","{17=8.5604975135462E8, 12=7.080628435621226E8}"
/data-nonraid/maroulis/data/taxi_data/yellow_tripdata_2014_cleaned.csv,table,90,1,2.335281796,"select count(CAST(column12 AS FLOAT)) as count_column12, min(CAST(column12 AS FLOAT)) as min_column12, max(CAST(column12 AS FLOAT)) as max_column12, sum(CAST(column12 AS FLOAT)) as sum_column12, avg(CAST(column12 AS FLOAT)) as avg_column12, count(CAST(column17 AS FLOAT)) as count_column17, min(CAST(column17 AS FLOAT)) as min_column17, max(CAST(column17 AS FLOAT)) as max_column17, sum(CAST(column17 AS FLOAT)) as sum_column17, avg(CAST(column17 AS FLOAT)) as avg_column17 from data_table where CAST(column05 AS FLOAT) > CAST(-74.00455 AS FLOAT) AND CAST(column05 AS FLOAT) < CAST(-73.95456 AS FLOAT) AND CAST(column06 AS FLOAT) > CAST(40.741585 AS FLOAT) AND CAST(column06 AS FLOAT) < CAST(40.76661 AS FLOAT) AND (column12 >= 0.0 AND column12 <= 400.0 AND column04 <= 1000.0);",0,"{17=StatsDuckDB{count=65405857, min=0.0000, max=1007.5100, sum=894917643.6177, mean=13.6825, sumOfSquares=NaN}, 12=StatsDuckDB{count=65405857, min=0.0000, max=400.0000, sum=741552780.1923, mean=11.3377, sumOfSquares=NaN}}","{17=8.949176436177026E8, 12=7.41552780192288E8}"
/data-nonraid/maroulis/data/taxi_data/yellow_tripdata_2014_cleaned.csv,table,91,1,2.056365179,"select count(CAST(column12 AS FLOAT)) as count_column12, min(CAST(column12 AS FLOAT)) as min_column12, max(CAST(column12 AS FLOAT)) as max_column12, sum(CAST(column12 AS FLOAT)) as sum_column12, avg(CAST(column12 AS FLOAT)) as avg_column12, count(CAST(column17 AS FLOAT)) as count_column17, min(CAST(column17 AS FLOAT)) as min_column17, max(CAST(column17 AS FLOAT)) as max_column17, sum(CAST(column17 AS FLOAT)) as sum_column17, avg(CAST(column17 AS FLOAT)) as avg_column17 from data_table where CAST(column05 AS FLOAT) > CAST(-73.99855 AS FLOAT) AND CAST(column05 AS FLOAT) < CAST(-73.94856 AS FLOAT) AND CAST(column06 AS FLOAT) > CAST(40.744587 AS FLOAT) AND CAST(column06 AS FLOAT) < CAST(40.76961 AS FLOAT) AND (column12 >= 0.0 AND column12 <= 400.0 AND column04 <= 1000.0);",0,"{17=StatsDuckDB{count=62655435, min=0.0000, max=626.6700, sum=858065958.6105, mean=13.6950, sumOfSquares=NaN}, 12=StatsDuckDB{count=62655435, min=0.0000, max=400.0000, sum=712299616.3722, mean=11.3685, sumOfSquares=NaN}}","{17=8.580659586105167E8, 12=7.122996163722277E8}"
/data-nonraid/maroulis/data/taxi_data/yellow_tripdata_2014_cleaned.csv,table,92,1,2.015835542,"select count(CAST(column12 AS FLOAT)) as count_column12, min(CAST(column12 AS FLOAT)) as min_column12, max(CAST(column12 AS FLOAT)) as max_column12, sum(CAST(column12 AS FLOAT)) as sum_column12, avg(CAST(column12 AS FLOAT)) as avg_column12, count(CAST(column17 AS FLOAT)) as count_column17, min(CAST(column17 AS FLOAT)) as min_column17, max(CAST(column17 AS FLOAT)) as max_column17, sum(CAST(column17 AS FLOAT)) as sum_column17, avg(CAST(column17 AS FLOAT)) as avg_column17 from data_table where CAST(column05 AS FLOAT) > CAST(-73.99455 AS FLOAT) AND CAST(column05 AS FLOAT) < CAST(-73.944565 AS FLOAT) AND CAST(column06 AS FLOAT) > CAST(40.744587 AS FLOAT) AND CAST(column06 AS FLOAT) < CAST(40.76961 AS FLOAT) AND (column12 >= 0.0 AND column12 <= 400.0 AND column04 <= 1000.0);",0,"{17=StatsDuckDB{count=59631253, min=0.0000, max=626.6700, sum=816507195.8204, mean=13.6926, sumOfSquares=NaN}, 12=StatsDuckDB{count=59631253, min=0.0000, max=400.0000, sum=677837127.6622, mean=11.3671, sumOfSquares=NaN}}","{17=8.165071958204391E8, 12=6.77837127662173E8}"
/data-nonraid/maroulis/data/taxi_data/yellow_tripdata_2014_cleaned.csv,table,93,1,2.129397452,"select count(CAST(column12 AS FLOAT)) as count_column12, min(CAST(column12 AS FLOAT)) as min_column12, max(CAST(column12 AS FLOAT)) as max_column12, sum(CAST(column12 AS FLOAT)) as sum_column12, avg(CAST(column12 AS FLOAT)) as avg_column12, count(CAST(column17 AS FLOAT)) as count_column17, min(CAST(column17 AS FLOAT)) as min_column17, max(CAST(column17 AS FLOAT)) as max_column17, sum(CAST(column17 AS FLOAT)) as sum_column17, avg(CAST(column17 AS FLOAT)) as avg_column17 from data_table where CAST(column05 AS FLOAT) > CAST(-73.99455 AS FLOAT) AND CAST(column05 AS FLOAT) < CAST(-73.944565 AS FLOAT) AND CAST(column06 AS FLOAT) > CAST(40.746838 AS FLOAT) AND CAST(column06 AS FLOAT) < CAST(40.771862 AS FLOAT) AND (column12 >= 0.0 AND column12 <= 400.0 AND column04 <= 1000.0);",0,"{17=StatsDuckDB{count=59677803, min=0.0000, max=621.9800, sum=814716160.6624, mean=13.6519, sumOfSquares=NaN}, 12=StatsDuckDB{count=59677803, min=0.0000, max=400.0000, sum=677131236.9921, mean=11.3465, sumOfSquares=NaN}}","{17=8.147161606623555E8, 12=6.771312369920571E8}"
/data-nonraid/maroulis/data/taxi_data/yellow_tripdata_2014_cleaned.csv,table,94,1,2.1568293,"select count(CAST(column12 AS FLOAT)) as count_column12, min(CAST(column12 AS FLOAT)) as min_column12, max(CAST(column12 AS FLOAT)) as max_column12, sum(CAST(column12 AS FLOAT)) as sum_column12, avg(CAST(column12 AS FLOAT)) as avg_column12, count(CAST(column17 AS FLOAT)) as count_column17, min(CAST(column17 AS FLOAT)) as min_column17, max(CAST(column17 AS FLOAT)) as max_column17, sum(CAST(column17 AS FLOAT)) as sum_column17, avg(CAST(column17 AS FLOAT)) as avg_column17 from data_table where CAST(column05 AS FLOAT) > CAST(-73.99955 AS FLOAT) AND CAST(column05 AS FLOAT) < CAST(-73.94956 AS FLOAT) AND CAST(column06 AS FLOAT) > CAST(40.74934 AS FLOAT) AND CAST(column06 AS FLOAT) < CAST(40.774364 AS FLOAT) AND (column12 >= 0.0 AND column12 <= 400.0 AND column04 <= 1000.0);",0,"{17=StatsDuckDB{count=61444493, min=0.0000, max=621.9800, sum=836965495.3916, mean=13.6215, sumOfSquares=NaN}, 12=StatsDuckDB{count=61444493, min=0.0000, max=400.0000, sum=696097468.4520, mean=11.3289, sumOfSquares=NaN}}","{17=8.369654953916417E8, 12=6.960974684520069E8}"
/data-nonraid/maroulis/data/taxi_data/yellow_tripdata_2014_cleaned.csv,table,95,1,2.017298806,"select count(CAST(column12 AS FLOAT)) as count_column12, min(CAST(column12 AS FLOAT)) as min_column12, max(CAST(column12 AS FLOAT)) as max_column12, sum(CAST(column12 AS FLOAT)) as sum_column12, avg(CAST(column12 AS FLOAT)) as avg_column12, count(CAST(column17 AS FLOAT)) as count_column17, min(CAST(column17 AS FLOAT)) as min_column17, max(CAST(column17 AS FLOAT)) as max_column17, sum(CAST(column17 AS FLOAT)) as sum_column17, avg(CAST(column17 AS FLOAT)) as avg_column17 from data_table where CAST(column05 AS FLOAT) > CAST(-73.99955 AS FLOAT) AND CAST(column05 AS FLOAT) < CAST(-73.94956 AS FLOAT) AND CAST(column06 AS FLOAT) > CAST(40.75159 AS FLOAT) AND CAST(column06 AS FLOAT) < CAST(40.776615 AS FLOAT) AND (column12 >= 0.0 AND column12 <= 400.0 AND column04 <= 1000.0);",0,"{17=StatsDuckDB{count=57394335, min=0.0000, max=621.9800, sum=777032368.2734, mean=13.5385, sumOfSquares=NaN}, 12=StatsDuckDB{count=57394335, min=0.0000, max=400.0000, sum=646062093.2719, mean=11.2565, sumOfSquares=NaN}}","{17=7.77032368273375E8, 12=6.460620932718508E8}"
/data-nonraid/maroulis/data/taxi_data/yellow_tripdata_2014_cleaned.csv,table,96,1,2.13828132,"select count(CAST(column12 AS FLOAT)) as count_column12, min(CAST(column12 AS FLOAT)) as min_column12, max(CAST(column12 AS FLOAT)) as max_column12, sum(CAST(column12 AS FLOAT)) as sum_column12, avg(CAST(column12 AS FLOAT)) as avg_column12, count(CAST(column17 AS FLOAT)) as count_column17, min(CAST(column17 AS FLOAT)) as min_column17, max(CAST(column17 AS FLOAT)) as max_column17, sum(CAST(column17 AS FLOAT)) as sum_column17, avg(CAST(column17 AS FLOAT)) as avg_column17 from data_table where CAST(column05 AS FLOAT) > CAST(-73.99505 AS FLOAT) AND CAST(column05 AS FLOAT) < CAST(-73.94506 AS FLOAT) AND CAST(column06 AS FLOAT) > CAST(40.75384 AS FLOAT) AND CAST(column06 AS FLOAT) < CAST(40.778866 AS FLOAT) AND (column12 >= 0.0 AND column12 <= 400.0 AND column04 <= 1000.0);",0,"{17=StatsDuckDB{count=54695827, min=0.0000, max=621.9800, sum=736448316.8916, mean=13.4644, sumOfSquares=NaN}, 12=StatsDuckDB{count=54695827, min=0.0000, max=400.0000, sum=612872912.2217, mean=11.2051, sumOfSquares=NaN}}","{17=7.364483168915759E8, 12=6.128729122217233E8}"
/data-nonraid/maroulis/data/taxi_data/yellow_tripdata_2014_cleaned.csv,table,97,1,1.861354883,"select count(CAST(column12 AS FLOAT)) as count_column12, min(CAST(column12 AS FLOAT)) as min_column12, max(CAST(column12 AS FLOAT)) as max_column12, sum(CAST(column12 AS FLOAT)) as sum_column12, avg(CAST(column12 AS FLOAT)) as avg_column12, count(CAST(column17 AS FLOAT)) as count_column17, min(CAST(column17 AS FLOAT)) as min_column17, max(CAST(column17 AS FLOAT)) as max_column17, sum(CAST(column17 AS FLOAT)) as sum_column17, avg(CAST(column17 AS FLOAT)) as avg_column17 from data_table where CAST(column05 AS FLOAT) > CAST(-73.98805 AS FLOAT) AND CAST(column05 AS FLOAT) < CAST(-73.938065 AS FLOAT) AND CAST(column06 AS FLOAT) > CAST(40.75384 AS FLOAT) AND CAST(column06 AS FLOAT) < CAST(40.778866 AS FLOAT) AND (column12 >= 0.0 AND column12 <= 400.0 AND column04 <= 1000.0);",0,"{17=StatsDuckDB{count=48333359, min=0.0000, max=621.9800, sum=648755357.6143, mean=13.4225, sumOfSquares=NaN}, 12=StatsDuckDB{count=48333359, min=0.0000, max=400.0000, sum=539423832.2914, mean=11.1605, sumOfSquares=NaN}}","{17=6.487553576142613E8, 12=5.394238322914463E8}"
/data-nonraid/maroulis/data/taxi_data/yellow_tripdata_2014_cleaned.csv,table,98,1,1.862834281,"select count(CAST(column12 AS FLOAT)) as count_column12, min(CAST(column12 AS FLOAT)) as min_column12, max(CAST(column12 AS FLOAT)) as max_column12, sum(CAST(column12 AS FLOAT)) as sum_column12, avg(CAST(column12 AS FLOAT)) as avg_column12, count(CAST(column17 AS FLOAT)) as count_column17, min(CAST(column17 AS FLOAT)) as min_column17, max(CAST(column17 AS FLOAT)) as max_column17, sum(CAST(column17 AS FLOAT)) as sum_column17, avg(CAST(column17 AS FLOAT)) as avg_column17 from data_table where CAST(column05 AS FLOAT) > CAST(-73.98805 AS FLOAT) AND CAST(column05 AS FLOAT) < CAST(-73.938065 AS FLOAT) AND CAST(column06 AS FLOAT) > CAST(40.75184 AS FLOAT) AND CAST(column06 AS FLOAT) < CAST(40.776863 AS FLOAT) AND (column12 >= 0.0 AND column12 <= 400.0 AND column04 <= 1000.0);",0,"{17=StatsDuckDB{count=49150181, min=0.0000, max=621.9800, sum=662456108.8195, mean=13.4782, sumOfSquares=NaN}, 12=StatsDuckDB{count=49150181, min=0.0000, max=400.0000, sum=550396217.8115, mean=11.1983, sumOfSquares=NaN}}","{17=6.624561088195397E8, 12=5.503962178115057E8}"
/data-nonraid/maroulis/data/taxi_data/yellow_tripdata_2014_cleaned.csv,table,99,1,2.052980044,"select count(CAST(column12 AS FLOAT)) as count_column12, min(CAST(column12 AS FLOAT)) as min_column12, max(CAST(column12 AS FLOAT)) as max_column12, sum(CAST(column12 AS FLOAT)) as sum_column12, avg(CAST(column12 AS FLOAT)) as avg_column12, count(CAST(column17 AS FLOAT)) as count_column17, min(CAST(column17 AS FLOAT)) as min_column17, max(CAST(column17 AS FLOAT)) as max_column17, sum(CAST(column17 AS FLOAT)) as sum_column17, avg(CAST(column17 AS FLOAT)) as avg_column17 from data_table where CAST(column05 AS FLOAT) > CAST(-73.99205 AS FLOAT) AND CAST(column05 AS FLOAT) < CAST(-73.94206 AS FLOAT) AND CAST(column06 AS FLOAT) > CAST(40.75384 AS FLOAT) AND CAST(column06 AS FLOAT) < CAST(40.778866 AS FLOAT) AND (column12 >= 0.0 AND column12 <= 400.0 AND column04 <= 1000.0);",0,"{17=StatsDuckDB{count=53140092, min=0.0000, max=621.9800, sum=715131133.0966, mean=13.4575, sumOfSquares=NaN}, 12=StatsDuckDB{count=53140092, min=0.0000, max=400.0000, sum=595171671.1416, mean=11.2000, sumOfSquares=NaN}}","{17=7.151311330966202E8, 12=5.951716711416249E8}"
