csv,i,Time (sec),Query,errorBound,Query Result,Query Result Sum
/data-nonraid/maroulis/data/taxi_data/yellow_tripdata_2014_cleaned.csv,0,426.91310691833496,"SELECT sum(CAST(column12 AS FLOAT)) as sum_column12, avg(CAST(column12 AS FLOAT)) as avg_column12, sum(CAST(column17 AS FLOAT)) as sum_column17, avg(CAST(column17 AS FLOAT)) as avg_column17, sum(CAST(column04 AS FLOAT)) as sum_column04, avg(CAST(column04 AS FLOAT)) as avg_column04, sum(CAST(column03 AS FLOAT)) as sum_column03, avg(CAST(column03 AS FLOAT)) as avg_column03 FROM query_table WHERE CAST(column05 AS FLOAT) > CAST(-73.99 AS FLOAT) AND CAST(column05 AS FLOAT) < CAST(-73.94 AS FLOAT) AND CAST(column06 AS FLOAT) > CAST(40.745 AS FLOAT) AND CAST(column06 AS FLOAT) < CAST(40.77 AS FLOAT) AND column12 >= 0.0 AND column12 <= 400.0 AND column04 <= 1000.0;",0.1,"{null={12=Stats{sum=575845624.935857, avg=11.357949920262085}, 17=Stats{sum=695492501.6945105, avg=13.717858853306296}, 4=Stats{sum=124138967.8137656, avg=2.448510709339558}, 3=Stats{sum=85264235.92493297, avg=1.6817474678785174}}}","{12=575845624.935857, 17=695492501.6945105, 4=124138967.8137656, 3=85264235.92493297}"
/data-nonraid/maroulis/data/taxi_data/yellow_tripdata_2014_cleaned.csv,1,0.9770240783691406,"SELECT sum(CAST(column12 AS FLOAT)) as sum_column12, avg(CAST(column12 AS FLOAT)) as avg_column12, sum(CAST(column17 AS FLOAT)) as sum_column17, avg(CAST(column17 AS FLOAT)) as avg_column17, sum(CAST(column04 AS FLOAT)) as sum_column04, avg(CAST(column04 AS FLOAT)) as avg_column04, sum(CAST(column03 AS FLOAT)) as sum_column03, avg(CAST(column03 AS FLOAT)) as avg_column03 FROM query_table WHERE CAST(column05 AS FLOAT) > CAST(-73.9965 AS FLOAT) AND CAST(column05 AS FLOAT) < CAST(-73.9465 AS FLOAT) AND CAST(column06 AS FLOAT) > CAST(40.74825 AS FLOAT) AND CAST(column06 AS FLOAT) < CAST(40.77325 AS FLOAT) AND column12 >= 0.0 AND column12 <= 400.0 AND column04 <= 1000.0;",0.1,"{null={12=Stats{sum=680911927.4613411, avg=11.359798810060747}, 17=Stats{sum=818350360.0885148, avg=13.652713474128548}, 4=Stats{sum=146535785.64453754, avg=2.4446877433948946}, 3=Stats{sum=102734959.01639344, avg=1.713949217393207}}}","{12=680911927.4613411, 17=818350360.0885148, 4=146535785.64453754, 3=102734959.01639344}"
/data-nonraid/maroulis/data/taxi_data/yellow_tripdata_2014_cleaned.csv,2,1.0764355659484863,"SELECT sum(CAST(column12 AS FLOAT)) as sum_column12, avg(CAST(column12 AS FLOAT)) as avg_column12, sum(CAST(column17 AS FLOAT)) as sum_column17, avg(CAST(column17 AS FLOAT)) as avg_column17, sum(CAST(column04 AS FLOAT)) as sum_column04, avg(CAST(column04 AS FLOAT)) as avg_column04, sum(CAST(column03 AS FLOAT)) as sum_column03, avg(CAST(column03 AS FLOAT)) as avg_column03 FROM query_table WHERE CAST(column05 AS FLOAT) > CAST(-73.9895 AS FLOAT) AND CAST(column05 AS FLOAT) < CAST(-73.93951 AS FLOAT) AND CAST(column06 AS FLOAT) > CAST(40.75175 AS FLOAT) AND CAST(column06 AS FLOAT) < CAST(40.776752 AS FLOAT) AND column12 >= 0.0 AND column12 <= 400.0 AND column04 <= 1000.0;",0.1,"{null={12=Stats{sum=580644203.2381172, avg=11.22555518367088}, 17=Stats{sum=698781036.4609246, avg=13.50948660530759}, 4=Stats{sum=124540913.25089282, avg=2.407741068499638}, 3=Stats{sum=88364433.65695794, avg=1.7083436306746693}}}","{12=580644203.2381172, 17=698781036.4609246, 4=124540913.25089282, 3=88364433.65695794}"
/data-nonraid/maroulis/data/taxi_data/yellow_tripdata_2014_cleaned.csv,3,1.5478267669677734,"SELECT sum(CAST(column12 AS FLOAT)) as sum_column12, avg(CAST(column12 AS FLOAT)) as avg_column12, sum(CAST(column17 AS FLOAT)) as sum_column17, avg(CAST(column17 AS FLOAT)) as avg_column17, sum(CAST(column04 AS FLOAT)) as sum_column04, avg(CAST(column04 AS FLOAT)) as avg_column04, sum(CAST(column03 AS FLOAT)) as sum_column03, avg(CAST(column03 AS FLOAT)) as avg_column03 FROM query_table WHERE CAST(column05 AS FLOAT) > CAST(-73.9895 AS FLOAT) AND CAST(column05 AS FLOAT) < CAST(-73.93951 AS FLOAT) AND CAST(column06 AS FLOAT) > CAST(40.7495 AS FLOAT) AND CAST(column06 AS FLOAT) < CAST(40.7745 AS FLOAT) AND column12 >= 0.0 AND column12 <= 400.0 AND column04 <= 1000.0;",0.1,"{null={12=Stats{sum=572526444.5264279, avg=11.295244019373166}, 17=Stats{sum=690452003.7833661, avg=13.621770559173344}, 4=Stats{sum=123562793.78249979, avg=2.4377422577279684}, 3=Stats{sum=86259653.28467153, avg=1.7017970823737458}}}","{12=572526444.5264279, 17=690452003.7833661, 4=123562793.78249979, 3=86259653.28467153}"
/data-nonraid/maroulis/data/taxi_data/yellow_tripdata_2014_cleaned.csv,4,1.0395643711090088,"SELECT sum(CAST(column12 AS FLOAT)) as sum_column12, avg(CAST(column12 AS FLOAT)) as avg_column12, sum(CAST(column17 AS FLOAT)) as sum_column17, avg(CAST(column17 AS FLOAT)) as avg_column17, sum(CAST(column04 AS FLOAT)) as sum_column04, avg(CAST(column04 AS FLOAT)) as avg_column04, sum(CAST(column03 AS FLOAT)) as sum_column03, avg(CAST(column03 AS FLOAT)) as avg_column03 FROM query_table WHERE CAST(column05 AS FLOAT) > CAST(-73.983505 AS FLOAT) AND CAST(column05 AS FLOAT) < CAST(-73.93351 AS FLOAT) AND CAST(column06 AS FLOAT) > CAST(40.7525 AS FLOAT) AND CAST(column06 AS FLOAT) < CAST(40.7775 AS FLOAT) AND column12 >= 0.0 AND column12 <= 400.0 AND column04 <= 1000.0;",0.1,"{null={12=Stats{sum=480449220.4455588, avg=11.064570451263224}, 17=Stats{sum=577106665.6327884, avg=13.29055618794817}, 4=Stats{sum=102382846.20712227, avg=2.3578396355997744}, 3=Stats{sum=73728577.77777778, avg=1.6979422764743572}}}","{12=480449220.4455588, 17=577106665.6327884, 4=102382846.20712227, 3=73728577.77777778}"
/data-nonraid/maroulis/data/taxi_data/yellow_tripdata_2014_cleaned.csv,5,1.1579251289367676,"SELECT sum(CAST(column12 AS FLOAT)) as sum_column12, avg(CAST(column12 AS FLOAT)) as avg_column12, sum(CAST(column17 AS FLOAT)) as sum_column17, avg(CAST(column17 AS FLOAT)) as avg_column17, sum(CAST(column04 AS FLOAT)) as sum_column04, avg(CAST(column04 AS FLOAT)) as avg_column04, sum(CAST(column03 AS FLOAT)) as sum_column03, avg(CAST(column03 AS FLOAT)) as avg_column03 FROM query_table WHERE CAST(column05 AS FLOAT) > CAST(-73.977005 AS FLOAT) AND CAST(column05 AS FLOAT) < CAST(-73.92701 AS FLOAT) AND CAST(column06 AS FLOAT) > CAST(40.74925 AS FLOAT) AND CAST(column06 AS FLOAT) < CAST(40.77425 AS FLOAT) AND column12 >= 0.0 AND column12 <= 400.0 AND column04 <= 1000.0;",0.1,"{null={12=Stats{sum=328392285.5941421, avg=10.992272759538745}, 17=Stats{sum=395367332.97061116, avg=13.234128068390463}, 4=Stats{sum=70112168.20905033, avg=2.346864133309866}, 3=Stats{sum=50207754.23728814, avg=1.680603818757925}}}","{12=328392285.5941421, 17=395367332.97061116, 4=70112168.20905033, 3=50207754.23728814}"
/data-nonraid/maroulis/data/taxi_data/yellow_tripdata_2014_cleaned.csv,6,1.5895953178405762,"SELECT sum(CAST(column12 AS FLOAT)) as sum_column12, avg(CAST(column12 AS FLOAT)) as avg_column12, sum(CAST(column17 AS FLOAT)) as sum_column17, avg(CAST(column17 AS FLOAT)) as avg_column17, sum(CAST(column04 AS FLOAT)) as sum_column04, avg(CAST(column04 AS FLOAT)) as avg_column04, sum(CAST(column03 AS FLOAT)) as sum_column03, avg(CAST(column03 AS FLOAT)) as avg_column03 FROM query_table WHERE CAST(column05 AS FLOAT) > CAST(-73.981 AS FLOAT) AND CAST(column05 AS FLOAT) < CAST(-73.95601 AS FLOAT) AND CAST(column06 AS FLOAT) > CAST(40.753624 AS FLOAT) AND CAST(column06 AS FLOAT) < CAST(40.766125 AS FLOAT) AND column12 >= 0.0 AND column12 <= 400.0 AND column04 <= 1000.0;",0.1,"{null={12=Stats{sum=242446832.628848, avg=11.17179408794178}, 17=Stats{sum=292959118.1624188, avg=13.499367712119653}, 4=Stats{sum=51814603.31866923, avg=2.3875835899688322}, 3=Stats{sum=36536465.25679759, avg=1.6835768160974265}}}","{12=242446832.628848, 17=292959118.1624188, 4=51814603.31866923, 3=36536465.25679759}"
/data-nonraid/maroulis/data/taxi_data/yellow_tripdata_2014_cleaned.csv,7,1.234109878540039,"SELECT sum(CAST(column12 AS FLOAT)) as sum_column12, avg(CAST(column12 AS FLOAT)) as avg_column12, sum(CAST(column17 AS FLOAT)) as sum_column17, avg(CAST(column17 AS FLOAT)) as avg_column17, sum(CAST(column04 AS FLOAT)) as sum_column04, avg(CAST(column04 AS FLOAT)) as avg_column04, sum(CAST(column03 AS FLOAT)) as sum_column03, avg(CAST(column03 AS FLOAT)) as avg_column03 FROM query_table WHERE CAST(column05 AS FLOAT) > CAST(-73.983 AS FLOAT) AND CAST(column05 AS FLOAT) < CAST(-73.970505 AS FLOAT) AND CAST(column06 AS FLOAT) > CAST(40.755814 AS FLOAT) AND CAST(column06 AS FLOAT) < CAST(40.762062 AS FLOAT) AND column12 >= 0.0 AND column12 <= 400.0 AND column04 <= 1000.0;",0.1,"{null={12=Stats{sum=78060506.56288862, avg=11.766289567455043}, 17=Stats{sum=94920572.14431465, avg=14.30765680285106}, 4=Stats{sum=16732289.68411195, avg=2.5221071988713044}, 3=Stats{sum=11287312.5, avg=1.7013697855823944}}}","{12=78060506.56288862, 17=94920572.14431465, 4=16732289.68411195, 3=11287312.5}"
/data-nonraid/maroulis/data/taxi_data/yellow_tripdata_2014_cleaned.csv,8,2.14912486076355,"SELECT sum(CAST(column12 AS FLOAT)) as sum_column12, avg(CAST(column12 AS FLOAT)) as avg_column12, sum(CAST(column17 AS FLOAT)) as sum_column17, avg(CAST(column17 AS FLOAT)) as avg_column17, sum(CAST(column04 AS FLOAT)) as sum_column04, avg(CAST(column04 AS FLOAT)) as avg_column04, sum(CAST(column03 AS FLOAT)) as sum_column03, avg(CAST(column03 AS FLOAT)) as avg_column03 FROM query_table WHERE CAST(column05 AS FLOAT) > CAST(-73.984 AS FLOAT) AND CAST(column05 AS FLOAT) < CAST(-73.97775 AS FLOAT) AND CAST(column06 AS FLOAT) > CAST(40.756905 AS FLOAT) AND CAST(column06 AS FLOAT) < CAST(40.760033 AS FLOAT) AND column12 >= 0.0 AND column12 <= 400.0 AND column04 <= 1000.0;",0.1,"{null={12=Stats{sum=13542596.37594543, avg=11.691156573824824}, 17=Stats{sum=16301452.930226423, avg=14.072843441352852}, 4=Stats{sum=2880872.4838411747, avg=2.487021715986089}, 3=Stats{sum=2023248.322147651, avg=1.7466453451991935}}}","{12=13542596.37594543, 17=16301452.930226423, 4=2880872.4838411747, 3=2023248.322147651}"
/data-nonraid/maroulis/data/taxi_data/yellow_tripdata_2014_cleaned.csv,9,4.5877745151519775,"SELECT sum(CAST(column12 AS FLOAT)) as sum_column12, avg(CAST(column12 AS FLOAT)) as avg_column12, sum(CAST(column17 AS FLOAT)) as sum_column17, avg(CAST(column17 AS FLOAT)) as avg_column17, sum(CAST(column04 AS FLOAT)) as sum_column04, avg(CAST(column04 AS FLOAT)) as avg_column04, sum(CAST(column03 AS FLOAT)) as sum_column03, avg(CAST(column03 AS FLOAT)) as avg_column03 FROM query_table WHERE CAST(column05 AS FLOAT) > CAST(-73.98325 AS FLOAT) AND CAST(column05 AS FLOAT) < CAST(-73.977005 AS FLOAT) AND CAST(column06 AS FLOAT) > CAST(40.75728 AS FLOAT) AND CAST(column06 AS FLOAT) < CAST(40.760406 AS FLOAT) AND column12 >= 0.0 AND column12 <= 400.0 AND column04 <= 1000.0;",0.1,"{null={12=Stats{sum=14745820.786618115, avg=11.379946021604502}, 17=Stats{sum=17804041.753036253, avg=13.740098774278728}, 4=Stats{sum=3074004.6340930588, avg=2.3723336470959557}, 3=Stats{sum=2248862.3595505618, avg=1.7355379962930446}}}","{12=14745820.786618115, 17=17804041.753036253, 4=3074004.6340930588, 3=2248862.3595505618}"
/data-nonraid/maroulis/data/taxi_data/yellow_tripdata_2014_cleaned.csv,10,9.116546630859375,"SELECT sum(CAST(column12 AS FLOAT)) as sum_column12, avg(CAST(column12 AS FLOAT)) as avg_column12, sum(CAST(column17 AS FLOAT)) as sum_column17, avg(CAST(column17 AS FLOAT)) as avg_column17, sum(CAST(column04 AS FLOAT)) as sum_column04, avg(CAST(column04 AS FLOAT)) as avg_column04, sum(CAST(column03 AS FLOAT)) as sum_column03, avg(CAST(column03 AS FLOAT)) as avg_column03 FROM query_table WHERE CAST(column05 AS FLOAT) > CAST(-73.984 AS FLOAT) AND CAST(column05 AS FLOAT) < CAST(-73.97775 AS FLOAT) AND CAST(column06 AS FLOAT) > CAST(40.75728 AS FLOAT) AND CAST(column06 AS FLOAT) < CAST(40.760406 AS FLOAT) AND column12 >= 0.0 AND column12 <= 400.0 AND column04 <= 1000.0;",0.1,"{null={12=Stats{sum=13272154.96831414, avg=11.736705990152162}, 17=Stats{sum=16025882.915785145, avg=14.171856527008627}, 4=Stats{sum=2812611.8397135013, avg=2.4872221810209507}, 3=Stats{sum=1983065.5391120506, avg=1.753645677535148}}}","{12=13272154.96831414, 17=16025882.915785145, 4=2812611.8397135013, 3=1983065.5391120506}"
/data-nonraid/maroulis/data/taxi_data/yellow_tripdata_2014_cleaned.csv,11,6.039718389511108,"SELECT sum(CAST(column12 AS FLOAT)) as sum_column12, avg(CAST(column12 AS FLOAT)) as avg_column12, sum(CAST(column17 AS FLOAT)) as sum_column17, avg(CAST(column17 AS FLOAT)) as avg_column17, sum(CAST(column04 AS FLOAT)) as sum_column04, avg(CAST(column04 AS FLOAT)) as avg_column04, sum(CAST(column03 AS FLOAT)) as sum_column03, avg(CAST(column03 AS FLOAT)) as avg_column03 FROM query_table WHERE CAST(column05 AS FLOAT) > CAST(-73.984 AS FLOAT) AND CAST(column05 AS FLOAT) < CAST(-73.97775 AS FLOAT) AND CAST(column06 AS FLOAT) > CAST(40.75678 AS FLOAT) AND CAST(column06 AS FLOAT) < CAST(40.759907 AS FLOAT) AND column12 >= 0.0 AND column12 <= 400.0 AND column04 <= 1000.0;",0.1,"{null={12=Stats{sum=13232186.403692815, avg=11.76561305686749}, 17=Stats{sum=15955822.631277539, avg=14.187378363354178}, 4=Stats{sum=2823043.20199362, avg=2.510154629336812}, 3=Stats{sum=1959561.4035087721, avg=1.7423757897199907}}}","{12=13232186.403692815, 17=15955822.631277539, 4=2823043.20199362, 3=1959561.4035087721}"
/data-nonraid/maroulis/data/taxi_data/yellow_tripdata_2014_cleaned.csv,12,5.04148006439209,"SELECT sum(CAST(column12 AS FLOAT)) as sum_column12, avg(CAST(column12 AS FLOAT)) as avg_column12, sum(CAST(column17 AS FLOAT)) as sum_column17, avg(CAST(column17 AS FLOAT)) as avg_column17, sum(CAST(column04 AS FLOAT)) as sum_column04, avg(CAST(column04 AS FLOAT)) as avg_column04, sum(CAST(column03 AS FLOAT)) as sum_column03, avg(CAST(column03 AS FLOAT)) as avg_column03 FROM query_table WHERE CAST(column05 AS FLOAT) > CAST(-73.98475 AS FLOAT) AND CAST(column05 AS FLOAT) < CAST(-73.9785 AS FLOAT) AND CAST(column06 AS FLOAT) > CAST(40.75678 AS FLOAT) AND CAST(column06 AS FLOAT) < CAST(40.759907 AS FLOAT) AND column12 >= 0.0 AND column12 <= 400.0 AND column04 <= 1000.0;",0.1,"{null={12=Stats{sum=14028009.272714095, avg=12.068709192999659}, 17=Stats{sum=16911738.96765709, avg=14.549666711838757}, 4=Stats{sum=3061436.90838211, avg=2.633844264121385}, 3=Stats{sum=2053327.2727272727, avg=1.76653787795836}}}","{12=14028009.272714095, 17=16911738.96765709, 4=3061436.90838211, 3=2053327.2727272727}"
/data-nonraid/maroulis/data/taxi_data/yellow_tripdata_2014_cleaned.csv,13,5.254636764526367,"SELECT sum(CAST(column12 AS FLOAT)) as sum_column12, avg(CAST(column12 AS FLOAT)) as avg_column12, sum(CAST(column17 AS FLOAT)) as sum_column17, avg(CAST(column17 AS FLOAT)) as avg_column17, sum(CAST(column04 AS FLOAT)) as sum_column04, avg(CAST(column04 AS FLOAT)) as avg_column04, sum(CAST(column03 AS FLOAT)) as sum_column03, avg(CAST(column03 AS FLOAT)) as avg_column03 FROM query_table WHERE CAST(column05 AS FLOAT) > CAST(-73.98412 AS FLOAT) AND CAST(column05 AS FLOAT) < CAST(-73.977875 AS FLOAT) AND CAST(column06 AS FLOAT) > CAST(40.756466 AS FLOAT) AND CAST(column06 AS FLOAT) < CAST(40.759594 AS FLOAT) AND column12 >= 0.0 AND column12 <= 400.0 AND column04 <= 1000.0;",0.1,"{null={12=Stats{sum=13398856.466967223, avg=11.764016858161149}, 17=Stats{sum=16195330.017753705, avg=14.21928325167452}, 4=Stats{sum=2883786.4351980817, avg=2.5319259388025555}, 3=Stats{sum=1993112.5131440589, avg=1.7499261420288785}}}","{12=13398856.466967223, 17=16195330.017753705, 4=2883786.4351980817, 3=1993112.5131440589}"
/data-nonraid/maroulis/data/taxi_data/yellow_tripdata_2014_cleaned.csv,14,3.237738847732544,"SELECT sum(CAST(column12 AS FLOAT)) as sum_column12, avg(CAST(column12 AS FLOAT)) as avg_column12, sum(CAST(column17 AS FLOAT)) as sum_column17, avg(CAST(column17 AS FLOAT)) as avg_column17, sum(CAST(column04 AS FLOAT)) as sum_column04, avg(CAST(column04 AS FLOAT)) as avg_column04, sum(CAST(column03 AS FLOAT)) as sum_column03, avg(CAST(column03 AS FLOAT)) as avg_column03 FROM query_table WHERE CAST(column05 AS FLOAT) > CAST(-73.983376 AS FLOAT) AND CAST(column05 AS FLOAT) < CAST(-73.97713 AS FLOAT) AND CAST(column06 AS FLOAT) > CAST(40.756466 AS FLOAT) AND CAST(column06 AS FLOAT) < CAST(40.759594 AS FLOAT) AND column12 >= 0.0 AND column12 <= 400.0 AND column04 <= 1000.0;",0.1,"{null={12=Stats{sum=14985096.185836034, avg=11.438425509904336}, 17=Stats{sum=18055592.91412186, avg=13.782197459669963}, 4=Stats{sum=3166257.21392492, avg=2.416867855737214}, 3=Stats{sum=2280082.918739635, avg=1.7404331810068736}}}","{12=14985096.185836034, 17=18055592.91412186, 4=3166257.21392492, 3=2280082.918739635}"
/data-nonraid/maroulis/data/taxi_data/yellow_tripdata_2014_cleaned.csv,15,3.06622576713562,"SELECT sum(CAST(column12 AS FLOAT)) as sum_column12, avg(CAST(column12 AS FLOAT)) as avg_column12, sum(CAST(column17 AS FLOAT)) as sum_column17, avg(CAST(column17 AS FLOAT)) as avg_column17, sum(CAST(column04 AS FLOAT)) as sum_column04, avg(CAST(column04 AS FLOAT)) as avg_column04, sum(CAST(column03 AS FLOAT)) as sum_column03, avg(CAST(column03 AS FLOAT)) as avg_column03 FROM query_table WHERE CAST(column05 AS FLOAT) > CAST(-73.98412 AS FLOAT) AND CAST(column05 AS FLOAT) < CAST(-73.977875 AS FLOAT) AND CAST(column06 AS FLOAT) > CAST(40.756466 AS FLOAT) AND CAST(column06 AS FLOAT) < CAST(40.759594 AS FLOAT) AND column12 >= 0.0 AND column12 <= 400.0 AND column04 <= 1000.0;",0.1,"{null={12=Stats{sum=13986687.483412923, avg=11.789532975715078}, 17=Stats{sum=16850071.152853426, avg=14.203110617528198}, 4=Stats{sum=3002052.0629493715, avg=2.530462758457145}, 3=Stats{sum=2074540.6125166444, avg=1.748653138188022}}}","{12=13986687.483412923, 17=16850071.152853426, 4=3002052.0629493715, 3=2074540.6125166444}"
/data-nonraid/maroulis/data/taxi_data/yellow_tripdata_2014_cleaned.csv,16,2.7461111545562744,"SELECT sum(CAST(column12 AS FLOAT)) as sum_column12, avg(CAST(column12 AS FLOAT)) as avg_column12, sum(CAST(column17 AS FLOAT)) as sum_column17, avg(CAST(column17 AS FLOAT)) as avg_column17, sum(CAST(column04 AS FLOAT)) as sum_column04, avg(CAST(column04 AS FLOAT)) as avg_column04, sum(CAST(column03 AS FLOAT)) as sum_column03, avg(CAST(column03 AS FLOAT)) as avg_column03 FROM query_table WHERE CAST(column05 AS FLOAT) > CAST(-73.98487 AS FLOAT) AND CAST(column05 AS FLOAT) < CAST(-73.97862 AS FLOAT) AND CAST(column06 AS FLOAT) > CAST(40.756466 AS FLOAT) AND CAST(column06 AS FLOAT) < CAST(40.759594 AS FLOAT) AND column12 >= 0.0 AND column12 <= 400.0 AND column04 <= 1000.0;",0.1,"{null={12=Stats{sum=14016535.565836601, avg=12.153876762270201}, 17=Stats{sum=16880777.427241653, avg=14.637489238216189}, 4=Stats{sum=3078280.6001979145, avg=2.6692075854808093}, 3=Stats{sum=2025750.5773672056, avg=1.756548381928869}}}","{12=14016535.565836601, 17=16880777.427241653, 4=3078280.6001979145, 3=2025750.5773672056}"
/data-nonraid/maroulis/data/taxi_data/yellow_tripdata_2014_cleaned.csv,17,2.9189419746398926,"SELECT sum(CAST(column12 AS FLOAT)) as sum_column12, avg(CAST(column12 AS FLOAT)) as avg_column12, sum(CAST(column17 AS FLOAT)) as sum_column17, avg(CAST(column17 AS FLOAT)) as avg_column17, sum(CAST(column04 AS FLOAT)) as sum_column04, avg(CAST(column04 AS FLOAT)) as avg_column04, sum(CAST(column03 AS FLOAT)) as sum_column03, avg(CAST(column03 AS FLOAT)) as avg_column03 FROM query_table WHERE CAST(column05 AS FLOAT) > CAST(-73.98393 AS FLOAT) AND CAST(column05 AS FLOAT) < CAST(-73.977684 AS FLOAT) AND CAST(column06 AS FLOAT) > CAST(40.756466 AS FLOAT) AND CAST(column06 AS FLOAT) < CAST(40.759594 AS FLOAT) AND column12 >= 0.0 AND column12 <= 400.0 AND column04 <= 1000.0;",0.1,"{null={12=Stats{sum=13512614.744673682, avg=11.683063980841721}, 17=Stats{sum=16283688.221628651, avg=14.078945854084623}, 4=Stats{sum=2894591.3862710022, avg=2.502675981162528}, 3=Stats{sum=2012306.5693430658, avg=1.7398487889229681}}}","{12=13512614.744673682, 17=16283688.221628651, 4=2894591.3862710022, 3=2012306.5693430658}"
/data-nonraid/maroulis/data/taxi_data/yellow_tripdata_2014_cleaned.csv,18,2.6956136226654053,"SELECT sum(CAST(column12 AS FLOAT)) as sum_column12, avg(CAST(column12 AS FLOAT)) as avg_column12, sum(CAST(column17 AS FLOAT)) as sum_column17, avg(CAST(column17 AS FLOAT)) as avg_column17, sum(CAST(column04 AS FLOAT)) as sum_column04, avg(CAST(column04 AS FLOAT)) as avg_column04, sum(CAST(column03 AS FLOAT)) as sum_column03, avg(CAST(column03 AS FLOAT)) as avg_column03 FROM query_table WHERE CAST(column05 AS FLOAT) > CAST(-73.98393 AS FLOAT) AND CAST(column05 AS FLOAT) < CAST(-73.977684 AS FLOAT) AND CAST(column06 AS FLOAT) > CAST(40.756092 AS FLOAT) AND CAST(column06 AS FLOAT) < CAST(40.75922 AS FLOAT) AND column12 >= 0.0 AND column12 <= 400.0 AND column04 <= 1000.0;",0.1,"{null={12=Stats{sum=13881240.575653184, avg=11.68016053861395}, 17=Stats{sum=16718347.53407677, avg=14.067401402209956}, 4=Stats{sum=2973199.4248670423, avg=2.501753817066715}, 3=Stats{sum=2074043.1654676257, avg=1.7451723428211678}}}","{12=13881240.575653184, 17=16718347.53407677, 4=2973199.4248670423, 3=2074043.1654676257}"
/data-nonraid/maroulis/data/taxi_data/yellow_tripdata_2014_cleaned.csv,19,3.000279188156128,"SELECT sum(CAST(column12 AS FLOAT)) as sum_column12, avg(CAST(column12 AS FLOAT)) as avg_column12, sum(CAST(column17 AS FLOAT)) as sum_column17, avg(CAST(column17 AS FLOAT)) as avg_column17, sum(CAST(column04 AS FLOAT)) as sum_column04, avg(CAST(column04 AS FLOAT)) as avg_column04, sum(CAST(column03 AS FLOAT)) as sum_column03, avg(CAST(column03 AS FLOAT)) as avg_column03 FROM query_table WHERE CAST(column05 AS FLOAT) > CAST(-73.98462 AS FLOAT) AND CAST(column05 AS FLOAT) < CAST(-73.97837 AS FLOAT) AND CAST(column06 AS FLOAT) > CAST(40.75575 AS FLOAT) AND CAST(column06 AS FLOAT) < CAST(40.758877 AS FLOAT) AND column12 >= 0.0 AND column12 <= 400.0 AND column04 <= 1000.0;",0.1,"{null={12=Stats{sum=13782433.693894396, avg=11.992616684871187}, 17=Stats{sum=16605267.809507009, avg=14.44887138309015}, 4=Stats{sum=3017427.3875207044, avg=2.625577661875407}, 3=Stats{sum=2006576.5765765766, avg=1.7459981499772668}}}","{12=13782433.693894396, 17=16605267.809507009, 4=3017427.3875207044, 3=2006576.5765765766}"
/data-nonraid/maroulis/data/taxi_data/yellow_tripdata_2014_cleaned.csv,20,2.291135311126709,"SELECT sum(CAST(column12 AS FLOAT)) as sum_column12, avg(CAST(column12 AS FLOAT)) as avg_column12, sum(CAST(column17 AS FLOAT)) as sum_column17, avg(CAST(column17 AS FLOAT)) as avg_column17, sum(CAST(column04 AS FLOAT)) as sum_column04, avg(CAST(column04 AS FLOAT)) as avg_column04, sum(CAST(column03 AS FLOAT)) as sum_column03, avg(CAST(column03 AS FLOAT)) as avg_column03 FROM query_table WHERE CAST(column05 AS FLOAT) > CAST(-73.98362 AS FLOAT) AND CAST(column05 AS FLOAT) < CAST(-73.97737 AS FLOAT) AND CAST(column06 AS FLOAT) > CAST(40.75525 AS FLOAT) AND CAST(column06 AS FLOAT) < CAST(40.758377 AS FLOAT) AND column12 >= 0.0 AND column12 <= 400.0 AND column04 <= 1000.0;",0.1,"{null={12=Stats{sum=15378024.46049752, avg=11.514775769704826}, 17=Stats{sum=18526067.323899098, avg=13.871971115479164}, 4=Stats{sum=3295646.581725861, avg=2.467718236646616}, 3=Stats{sum=2330557.5539568346, avg=1.745077706251515}}}","{12=15378024.46049752, 17=18526067.323899098, 4=3295646.581725861, 3=2330557.5539568346}"
/data-nonraid/maroulis/data/taxi_data/yellow_tripdata_2014_cleaned.csv,21,3.999925136566162,"SELECT sum(CAST(column12 AS FLOAT)) as sum_column12, avg(CAST(column12 AS FLOAT)) as avg_column12, sum(CAST(column17 AS FLOAT)) as sum_column17, avg(CAST(column17 AS FLOAT)) as avg_column17, sum(CAST(column04 AS FLOAT)) as sum_column04, avg(CAST(column04 AS FLOAT)) as avg_column04, sum(CAST(column03 AS FLOAT)) as sum_column03, avg(CAST(column03 AS FLOAT)) as avg_column03 FROM query_table WHERE CAST(column05 AS FLOAT) > CAST(-73.98456 AS FLOAT) AND CAST(column05 AS FLOAT) < CAST(-73.97831 AS FLOAT) AND CAST(column06 AS FLOAT) > CAST(40.75525 AS FLOAT) AND CAST(column06 AS FLOAT) < CAST(40.758377 AS FLOAT) AND column12 >= 0.0 AND column12 <= 400.0 AND column04 <= 1000.0;",0.1,"{null={12=Stats{sum=15165640.098684525, avg=12.015083870089212}, 17=Stats{sum=18306991.298825867, avg=14.503841211652233}, 4=Stats{sum=3339447.3895116574, avg=2.645700425675629}, 3=Stats{sum=2208433.4975369456, avg=1.7496468017015963}}}","{12=15165640.098684525, 17=18306991.298825867, 4=3339447.3895116574, 3=2208433.4975369456}"
/data-nonraid/maroulis/data/taxi_data/yellow_tripdata_2014_cleaned.csv,22,1.9627060890197754,"SELECT sum(CAST(column12 AS FLOAT)) as sum_column12, avg(CAST(column12 AS FLOAT)) as avg_column12, sum(CAST(column17 AS FLOAT)) as sum_column17, avg(CAST(column17 AS FLOAT)) as avg_column17, sum(CAST(column04 AS FLOAT)) as sum_column04, avg(CAST(column04 AS FLOAT)) as avg_column04, sum(CAST(column03 AS FLOAT)) as sum_column03, avg(CAST(column03 AS FLOAT)) as avg_column03 FROM query_table WHERE CAST(column05 AS FLOAT) > CAST(-73.98575 AS FLOAT) AND CAST(column05 AS FLOAT) < CAST(-73.9795 AS FLOAT) AND CAST(column06 AS FLOAT) > CAST(40.754654 AS FLOAT) AND CAST(column06 AS FLOAT) < CAST(40.757782 AS FLOAT) AND column12 >= 0.0 AND column12 <= 400.0 AND column04 <= 1000.0;",0.1,"{null={12=Stats{sum=15877268.654207557, avg=12.092532566976121}, 17=Stats{sum=19192612.343585875, avg=14.617582839014052}, 4=Stats{sum=3545917.0357223274, avg=2.700660810630328}, 3=Stats{sum=2299114.139693356, avg=1.75106394021175}}}","{12=15877268.654207557, 17=19192612.343585875, 4=3545917.0357223274, 3=2299114.139693356}"
/data-nonraid/maroulis/data/taxi_data/yellow_tripdata_2014_cleaned.csv,23,2.1806623935699463,"SELECT sum(CAST(column12 AS FLOAT)) as sum_column12, avg(CAST(column12 AS FLOAT)) as avg_column12, sum(CAST(column17 AS FLOAT)) as sum_column17, avg(CAST(column17 AS FLOAT)) as avg_column17, sum(CAST(column04 AS FLOAT)) as sum_column04, avg(CAST(column04 AS FLOAT)) as avg_column04, sum(CAST(column03 AS FLOAT)) as sum_column03, avg(CAST(column03 AS FLOAT)) as avg_column03 FROM query_table WHERE CAST(column05 AS FLOAT) > CAST(-73.98575 AS FLOAT) AND CAST(column05 AS FLOAT) < CAST(-73.9795 AS FLOAT) AND CAST(column06 AS FLOAT) > CAST(40.75403 AS FLOAT) AND CAST(column06 AS FLOAT) < CAST(40.757156 AS FLOAT) AND column12 >= 0.0 AND column12 <= 400.0 AND column04 <= 1000.0;",0.1,"{null={12=Stats{sum=15859938.45055743, avg=11.874679994025833}, 17=Stats{sum=19238550.00111089, avg=14.404319759779883}, 4=Stats{sum=3523465.7100634584, avg=2.638095217542034}, 3=Stats{sum=2314748.923959828, avg=1.7331027370772998}}}","{12=15859938.45055743, 17=19238550.00111089, 4=3523465.7100634584, 3=2314748.923959828}"
/data-nonraid/maroulis/data/taxi_data/yellow_tripdata_2014_cleaned.csv,24,1.7344424724578857,"SELECT sum(CAST(column12 AS FLOAT)) as sum_column12, avg(CAST(column12 AS FLOAT)) as avg_column12, sum(CAST(column17 AS FLOAT)) as sum_column17, avg(CAST(column17 AS FLOAT)) as avg_column17, sum(CAST(column04 AS FLOAT)) as sum_column04, avg(CAST(column04 AS FLOAT)) as avg_column04, sum(CAST(column03 AS FLOAT)) as sum_column03, avg(CAST(column03 AS FLOAT)) as avg_column03 FROM query_table WHERE CAST(column05 AS FLOAT) > CAST(-73.987 AS FLOAT) AND CAST(column05 AS FLOAT) < CAST(-73.98075 AS FLOAT) AND CAST(column06 AS FLOAT) > CAST(40.75403 AS FLOAT) AND CAST(column06 AS FLOAT) < CAST(40.757156 AS FLOAT) AND column12 >= 0.0 AND column12 <= 400.0 AND column04 <= 1000.0;",0.1,"{null={12=Stats{sum=16714196.541968958, avg=11.891956695706934}, 17=Stats{sum=20299302.66495053, avg=14.44271805937511}, 4=Stats{sum=3746509.3657520656, avg=2.665597896118527}, 3=Stats{sum=2445835.734870317, avg=1.74018371573271}}}","{12=16714196.541968958, 17=20299302.66495053, 4=3746509.3657520656, 3=2445835.734870317}"
/data-nonraid/maroulis/data/taxi_data/yellow_tripdata_2014_cleaned.csv,25,1.9731180667877197,"SELECT sum(CAST(column12 AS FLOAT)) as sum_column12, avg(CAST(column12 AS FLOAT)) as avg_column12, sum(CAST(column17 AS FLOAT)) as sum_column17, avg(CAST(column17 AS FLOAT)) as avg_column17, sum(CAST(column04 AS FLOAT)) as sum_column04, avg(CAST(column04 AS FLOAT)) as avg_column04, sum(CAST(column03 AS FLOAT)) as sum_column03, avg(CAST(column03 AS FLOAT)) as avg_column03 FROM query_table WHERE CAST(column05 AS FLOAT) > CAST(-73.987 AS FLOAT) AND CAST(column05 AS FLOAT) < CAST(-73.98075 AS FLOAT) AND CAST(column06 AS FLOAT) > CAST(40.753498 AS FLOAT) AND CAST(column06 AS FLOAT) < CAST(40.756626 AS FLOAT) AND column12 >= 0.0 AND column12 <= 400.0 AND column04 <= 1000.0;",0.1,"{null={12=Stats{sum=14586934.563090501, avg=11.799131902983614}, 17=Stats{sum=17730913.26111266, avg=14.342244658969998}, 4=Stats{sum=3261966.019492886, avg=2.638550763395797}, 3=Stats{sum=2126660.194174757, avg=1.7202205189420117}}}","{12=14586934.563090501, 17=17730913.26111266, 4=3261966.019492886, 3=2126660.194174757}"
/data-nonraid/maroulis/data/taxi_data/yellow_tripdata_2014_cleaned.csv,26,2.092587471008301,"SELECT sum(CAST(column12 AS FLOAT)) as sum_column12, avg(CAST(column12 AS FLOAT)) as avg_column12, sum(CAST(column17 AS FLOAT)) as sum_column17, avg(CAST(column17 AS FLOAT)) as avg_column17, sum(CAST(column04 AS FLOAT)) as sum_column04, avg(CAST(column04 AS FLOAT)) as avg_column04, sum(CAST(column03 AS FLOAT)) as sum_column03, avg(CAST(column03 AS FLOAT)) as avg_column03 FROM query_table WHERE CAST(column05 AS FLOAT) > CAST(-73.98594 AS FLOAT) AND CAST(column05 AS FLOAT) < CAST(-73.97969 AS FLOAT) AND CAST(column06 AS FLOAT) > CAST(40.753498 AS FLOAT) AND CAST(column06 AS FLOAT) < CAST(40.756626 AS FLOAT) AND column12 >= 0.0 AND column12 <= 400.0 AND column04 <= 1000.0;",0.1,"{null={12=Stats{sum=14592441.986841872, avg=11.63069664090705}, 17=Stats{sum=17773225.886209123, avg=14.16589483783532}, 4=Stats{sum=3217107.1522107585, avg=2.564149124758907}, 3=Stats{sum=2165403.973509934, avg=1.7259041868124907}}}","{12=14592441.986841872, 17=17773225.886209123, 4=3217107.1522107585, 3=2165403.973509934}"
/data-nonraid/maroulis/data/taxi_data/yellow_tripdata_2014_cleaned.csv,27,1.7316358089447021,"SELECT sum(CAST(column12 AS FLOAT)) as sum_column12, avg(CAST(column12 AS FLOAT)) as avg_column12, sum(CAST(column17 AS FLOAT)) as sum_column17, avg(CAST(column17 AS FLOAT)) as avg_column17, sum(CAST(column04 AS FLOAT)) as sum_column04, avg(CAST(column04 AS FLOAT)) as avg_column04, sum(CAST(column03 AS FLOAT)) as sum_column03, avg(CAST(column03 AS FLOAT)) as avg_column03 FROM query_table WHERE CAST(column05 AS FLOAT) > CAST(-73.98475 AS FLOAT) AND CAST(column05 AS FLOAT) < CAST(-73.9785 AS FLOAT) AND CAST(column06 AS FLOAT) > CAST(40.753498 AS FLOAT) AND CAST(column06 AS FLOAT) < CAST(40.756626 AS FLOAT) AND column12 >= 0.0 AND column12 <= 400.0 AND column04 <= 1000.0;",0.1,"{null={12=Stats{sum=15616679.123020371, avg=11.480208873565829}, 17=Stats{sum=18963758.722446658, avg=13.940730256836275}, 4=Stats{sum=3390096.6592532797, avg=2.4921442928564295}, 3=Stats{sum=2333528.183716075, avg=1.7154345524025845}}}","{12=15616679.123020371, 17=18963758.722446658, 4=3390096.6592532797, 3=2333528.183716075}"
/data-nonraid/maroulis/data/taxi_data/yellow_tripdata_2014_cleaned.csv,28,1.6573452949523926,"SELECT sum(CAST(column12 AS FLOAT)) as sum_column12, avg(CAST(column12 AS FLOAT)) as avg_column12, sum(CAST(column17 AS FLOAT)) as sum_column17, avg(CAST(column17 AS FLOAT)) as avg_column17, sum(CAST(column04 AS FLOAT)) as sum_column04, avg(CAST(column04 AS FLOAT)) as avg_column04, sum(CAST(column03 AS FLOAT)) as sum_column03, avg(CAST(column03 AS FLOAT)) as avg_column03 FROM query_table WHERE CAST(column05 AS FLOAT) > CAST(-73.986 AS FLOAT) AND CAST(column05 AS FLOAT) < CAST(-73.97975 AS FLOAT) AND CAST(column06 AS FLOAT) > CAST(40.753498 AS FLOAT) AND CAST(column06 AS FLOAT) < CAST(40.756626 AS FLOAT) AND column12 >= 0.0 AND column12 <= 400.0 AND column04 <= 1000.0;",0.1,"{null={12=Stats{sum=15019551.376502762, avg=11.732462811379962}, 17=Stats{sum=18274497.178910132, avg=14.275050777059523}, 4=Stats{sum=3327354.783449581, avg=2.599149953184506}, 3=Stats{sum=2215334.2070773267, avg=1.7304995034655037}}}","{12=15019551.376502762, 17=18274497.178910132, 4=3327354.783449581, 3=2215334.2070773267}"
/data-nonraid/maroulis/data/taxi_data/yellow_tripdata_2014_cleaned.csv,29,1.5860223770141602,"SELECT sum(CAST(column12 AS FLOAT)) as sum_column12, avg(CAST(column12 AS FLOAT)) as avg_column12, sum(CAST(column17 AS FLOAT)) as sum_column17, avg(CAST(column17 AS FLOAT)) as avg_column17, sum(CAST(column04 AS FLOAT)) as sum_column04, avg(CAST(column04 AS FLOAT)) as avg_column04, sum(CAST(column03 AS FLOAT)) as sum_column03, avg(CAST(column03 AS FLOAT)) as avg_column03 FROM query_table WHERE CAST(column05 AS FLOAT) > CAST(-73.98512 AS FLOAT) AND CAST(column05 AS FLOAT) < CAST(-73.978874 AS FLOAT) AND CAST(column06 AS FLOAT) > CAST(40.753498 AS FLOAT) AND CAST(column06 AS FLOAT) < CAST(40.756626 AS FLOAT) AND column12 >= 0.0 AND column12 <= 400.0 AND column04 <= 1000.0;",0.1,"{null={12=Stats{sum=15404644.887401907, avg=11.5316494765512}, 17=Stats{sum=18737835.24255819, avg=14.026817855649494}, 4=Stats{sum=3367408.3184040245, avg=2.520783351780799}, 3=Stats{sum=2298266.897746967, avg=1.7204426627226612}}}","{12=15404644.887401907, 17=18737835.24255819, 4=3367408.3184040245, 3=2298266.897746967}"
/data-nonraid/maroulis/data/taxi_data/yellow_tripdata_2014_cleaned.csv,30,2.2284247875213623,"SELECT sum(CAST(column12 AS FLOAT)) as sum_column12, avg(CAST(column12 AS FLOAT)) as avg_column12, sum(CAST(column17 AS FLOAT)) as sum_column17, avg(CAST(column17 AS FLOAT)) as avg_column17, sum(CAST(column04 AS FLOAT)) as sum_column04, avg(CAST(column04 AS FLOAT)) as avg_column04, sum(CAST(column03 AS FLOAT)) as sum_column03, avg(CAST(column03 AS FLOAT)) as avg_column03 FROM query_table WHERE CAST(column05 AS FLOAT) > CAST(-73.984436 AS FLOAT) AND CAST(column05 AS FLOAT) < CAST(-73.97819 AS FLOAT) AND CAST(column06 AS FLOAT) > CAST(40.753498 AS FLOAT) AND CAST(column06 AS FLOAT) < CAST(40.756626 AS FLOAT) AND column12 >= 0.0 AND column12 <= 400.0 AND column04 <= 1000.0;",0.1,"{null={12=Stats{sum=15389868.432472847, avg=11.415900801954598}, 17=Stats{sum=18691587.627784625, avg=13.865050966881137}, 4=Stats{sum=3338310.5945610516, avg=2.4762929430384704}, 3=Stats{sum=2317827.027027027, avg=1.719318364073777}}}","{12=15389868.432472847, 17=18691587.627784625, 4=3338310.5945610516, 3=2317827.027027027}"
/data-nonraid/maroulis/data/taxi_data/yellow_tripdata_2014_cleaned.csv,31,2.7267906665802,"SELECT sum(CAST(column12 AS FLOAT)) as sum_column12, avg(CAST(column12 AS FLOAT)) as avg_column12, sum(CAST(column17 AS FLOAT)) as sum_column17, avg(CAST(column17 AS FLOAT)) as avg_column17, sum(CAST(column04 AS FLOAT)) as sum_column04, avg(CAST(column04 AS FLOAT)) as avg_column04, sum(CAST(column03 AS FLOAT)) as sum_column03, avg(CAST(column03 AS FLOAT)) as avg_column03 FROM query_table WHERE CAST(column05 AS FLOAT) > CAST(-73.985435 AS FLOAT) AND CAST(column05 AS FLOAT) < CAST(-73.97919 AS FLOAT) AND CAST(column06 AS FLOAT) > CAST(40.753498 AS FLOAT) AND CAST(column06 AS FLOAT) < CAST(40.756626 AS FLOAT) AND column12 >= 0.0 AND column12 <= 400.0 AND column04 <= 1000.0;",0.1,"{null={12=Stats{sum=15125158.918806022, avg=11.588720051268826}, 17=Stats{sum=18422383.977606487, avg=14.115015368732065}, 4=Stats{sum=3316782.567218424, avg=2.5412800519161274}, 3=Stats{sum=2250783.7837837837, avg=1.7245242384709367}}}","{12=15125158.918806022, 17=18422383.977606487, 4=3316782.567218424, 3=2250783.7837837837}"
/data-nonraid/maroulis/data/taxi_data/yellow_tripdata_2014_cleaned.csv,32,1.503324270248413,"SELECT sum(CAST(column12 AS FLOAT)) as sum_column12, avg(CAST(column12 AS FLOAT)) as avg_column12, sum(CAST(column17 AS FLOAT)) as sum_column17, avg(CAST(column17 AS FLOAT)) as avg_column17, sum(CAST(column04 AS FLOAT)) as sum_column04, avg(CAST(column04 AS FLOAT)) as avg_column04, sum(CAST(column03 AS FLOAT)) as sum_column03, avg(CAST(column03 AS FLOAT)) as avg_column03 FROM query_table WHERE CAST(column05 AS FLOAT) > CAST(-73.98463 AS FLOAT) AND CAST(column05 AS FLOAT) < CAST(-73.97838 AS FLOAT) AND CAST(column06 AS FLOAT) > CAST(40.753498 AS FLOAT) AND CAST(column06 AS FLOAT) < CAST(40.756626 AS FLOAT) AND column12 >= 0.0 AND column12 <= 400.0 AND column04 <= 1000.0;",0.1,"{null={12=Stats{sum=15997183.207565883, avg=11.448778086866586}, 17=Stats{sum=19476792.324174125, avg=13.939046035179171}, 4=Stats{sum=3476909.8108480773, avg=2.488336123675976}, 3=Stats{sum=2393207.5471698116, avg=1.712757912930755}}}","{12=15997183.207565883, 17=19476792.324174125, 4=3476909.8108480773, 3=2393207.5471698116}"
/data-nonraid/maroulis/data/taxi_data/yellow_tripdata_2014_cleaned.csv,33,1.6596431732177734,"SELECT sum(CAST(column12 AS FLOAT)) as sum_column12, avg(CAST(column12 AS FLOAT)) as avg_column12, sum(CAST(column17 AS FLOAT)) as sum_column17, avg(CAST(column17 AS FLOAT)) as avg_column17, sum(CAST(column04 AS FLOAT)) as sum_column04, avg(CAST(column04 AS FLOAT)) as avg_column04, sum(CAST(column03 AS FLOAT)) as sum_column03, avg(CAST(column03 AS FLOAT)) as avg_column03 FROM query_table WHERE CAST(column05 AS FLOAT) > CAST(-73.985504 AS FLOAT) AND CAST(column05 AS FLOAT) < CAST(-73.979256 AS FLOAT) AND CAST(column06 AS FLOAT) > CAST(40.753498 AS FLOAT) AND CAST(column06 AS FLOAT) < CAST(40.756626 AS FLOAT) AND column12 >= 0.0 AND column12 <= 400.0 AND column04 <= 1000.0;",0.1,"{null={12=Stats{sum=14960172.70914587, avg=11.646129642538925}, 17=Stats{sum=18233028.749089792, avg=14.193968259351905}, 4=Stats{sum=3282121.3145110672, avg=2.555051407124999}, 3=Stats{sum=2192709.1633466138, avg=1.7069706133209273}}}","{12=14960172.70914587, 17=18233028.749089792, 4=3282121.3145110672, 3=2192709.1633466138}"
/data-nonraid/maroulis/data/taxi_data/yellow_tripdata_2014_cleaned.csv,34,1.626772165298462,"SELECT sum(CAST(column12 AS FLOAT)) as sum_column12, avg(CAST(column12 AS FLOAT)) as avg_column12, sum(CAST(column17 AS FLOAT)) as sum_column17, avg(CAST(column17 AS FLOAT)) as avg_column17, sum(CAST(column04 AS FLOAT)) as sum_column04, avg(CAST(column04 AS FLOAT)) as avg_column04, sum(CAST(column03 AS FLOAT)) as sum_column03, avg(CAST(column03 AS FLOAT)) as avg_column03 FROM query_table WHERE CAST(column05 AS FLOAT) > CAST(-73.98482 AS FLOAT) AND CAST(column05 AS FLOAT) < CAST(-73.97857 AS FLOAT) AND CAST(column06 AS FLOAT) > CAST(40.753498 AS FLOAT) AND CAST(column06 AS FLOAT) < CAST(40.756626 AS FLOAT) AND column12 >= 0.0 AND column12 <= 400.0 AND column04 <= 1000.0;",0.1,"{null={12=Stats{sum=15739299.458825057, avg=11.416259962380469}, 17=Stats{sum=19128906.69136796, avg=13.874859688391624}, 4=Stats{sum=3423423.6801015683, avg=2.4831279686654026}, 3=Stats{sum=2369878.213802436, avg=1.7189548898747595}}}","{12=15739299.458825057, 17=19128906.69136796, 4=3423423.6801015683, 3=2369878.213802436}"
/data-nonraid/maroulis/data/taxi_data/yellow_tripdata_2014_cleaned.csv,35,1.2251482009887695,"SELECT sum(CAST(column12 AS FLOAT)) as sum_column12, avg(CAST(column12 AS FLOAT)) as avg_column12, sum(CAST(column17 AS FLOAT)) as sum_column17, avg(CAST(column17 AS FLOAT)) as avg_column17, sum(CAST(column04 AS FLOAT)) as sum_column04, avg(CAST(column04 AS FLOAT)) as avg_column04, sum(CAST(column03 AS FLOAT)) as sum_column03, avg(CAST(column03 AS FLOAT)) as avg_column03 FROM query_table WHERE CAST(column05 AS FLOAT) > CAST(-73.98419 AS FLOAT) AND CAST(column05 AS FLOAT) < CAST(-73.97794 AS FLOAT) AND CAST(column06 AS FLOAT) > CAST(40.753498 AS FLOAT) AND CAST(column06 AS FLOAT) < CAST(40.756626 AS FLOAT) AND column12 >= 0.0 AND column12 <= 400.0 AND column04 <= 1000.0;",0.1,"{null={12=Stats{sum=15385893.895998463, avg=11.371703113069112}, 17=Stats{sum=18681360.02368516, avg=13.807379757958433}, 4=Stats{sum=3322724.9541692436, avg=2.45582362393815}, 3=Stats{sum=2308689.407540395, avg=1.7063506807144184}}}","{12=15385893.895998463, 17=18681360.02368516, 4=3322724.9541692436, 3=2308689.407540395}"
/data-nonraid/maroulis/data/taxi_data/yellow_tripdata_2014_cleaned.csv,36,1.186861515045166,"SELECT sum(CAST(column12 AS FLOAT)) as sum_column12, avg(CAST(column12 AS FLOAT)) as avg_column12, sum(CAST(column17 AS FLOAT)) as sum_column17, avg(CAST(column17 AS FLOAT)) as avg_column17, sum(CAST(column04 AS FLOAT)) as sum_column04, avg(CAST(column04 AS FLOAT)) as avg_column04, sum(CAST(column03 AS FLOAT)) as sum_column03, avg(CAST(column03 AS FLOAT)) as avg_column03 FROM query_table WHERE CAST(column05 AS FLOAT) > CAST(-73.983505 AS FLOAT) AND CAST(column05 AS FLOAT) < CAST(-73.97726 AS FLOAT) AND CAST(column06 AS FLOAT) > CAST(40.75384 AS FLOAT) AND CAST(column06 AS FLOAT) < CAST(40.75697 AS FLOAT) AND column12 >= 0.0 AND column12 <= 400.0 AND column04 <= 1000.0;",0.1,"{null={12=Stats{sum=14871864.340149758, avg=11.509757604414201}, 17=Stats{sum=18014916.752408598, avg=13.94225500861687}, 4=Stats{sum=3215650.0750594125, avg=2.4886827944382297}, 3=Stats{sum=2231183.6115326253, avg=1.7267762771579565}}}","{12=14871864.340149758, 17=18014916.752408598, 4=3215650.0750594125, 3=2231183.6115326253}"
/data-nonraid/maroulis/data/taxi_data/yellow_tripdata_2014_cleaned.csv,37,1.2885286808013916,"SELECT sum(CAST(column12 AS FLOAT)) as sum_column12, avg(CAST(column12 AS FLOAT)) as avg_column12, sum(CAST(column17 AS FLOAT)) as sum_column17, avg(CAST(column17 AS FLOAT)) as avg_column17, sum(CAST(column04 AS FLOAT)) as sum_column04, avg(CAST(column04 AS FLOAT)) as avg_column04, sum(CAST(column03 AS FLOAT)) as sum_column03, avg(CAST(column03 AS FLOAT)) as avg_column03 FROM query_table WHERE CAST(column05 AS FLOAT) > CAST(-73.983505 AS FLOAT) AND CAST(column05 AS FLOAT) < CAST(-73.97726 AS FLOAT) AND CAST(column06 AS FLOAT) > CAST(40.753216 AS FLOAT) AND CAST(column06 AS FLOAT) < CAST(40.756344 AS FLOAT) AND column12 >= 0.0 AND column12 <= 400.0 AND column04 <= 1000.0;",0.1,"{null={12=Stats{sum=15327310.984238334, avg=11.367051166927709}, 17=Stats{sum=18585677.863444015, avg=13.783523506703496}, 4=Stats{sum=3291744.8512169807, avg=2.4412261348864157}, 3=Stats{sum=2317231.1212814646, avg=1.7185065761561307}}}","{12=15327310.984238334, 17=18585677.863444015, 4=3291744.8512169807, 3=2317231.1212814646}"
/data-nonraid/maroulis/data/taxi_data/yellow_tripdata_2014_cleaned.csv,38,1.691530466079712,"SELECT sum(CAST(column12 AS FLOAT)) as sum_column12, avg(CAST(column12 AS FLOAT)) as avg_column12, sum(CAST(column17 AS FLOAT)) as sum_column17, avg(CAST(column17 AS FLOAT)) as avg_column17, sum(CAST(column04 AS FLOAT)) as sum_column04, avg(CAST(column04 AS FLOAT)) as avg_column04, sum(CAST(column03 AS FLOAT)) as sum_column03, avg(CAST(column03 AS FLOAT)) as avg_column03 FROM query_table WHERE CAST(column05 AS FLOAT) > CAST(-73.98419 AS FLOAT) AND CAST(column05 AS FLOAT) < CAST(-73.97794 AS FLOAT) AND CAST(column06 AS FLOAT) > CAST(40.753216 AS FLOAT) AND CAST(column06 AS FLOAT) < CAST(40.756344 AS FLOAT) AND column12 >= 0.0 AND column12 <= 400.0 AND column04 <= 1000.0;",0.1,"{null={12=Stats{sum=15390095.27653593, avg=11.374347737266966}, 17=Stats{sum=18716434.73476858, avg=13.832743283902362}, 4=Stats{sum=3338592.857938659, avg=2.4674516588111506}, 3=Stats{sum=2298824.884792627, avg=1.6989910170718208}}}","{12=15390095.27653593, 17=18716434.73476858, 4=3338592.857938659, 3=2298824.884792627}"
/data-nonraid/maroulis/data/taxi_data/yellow_tripdata_2014_cleaned.csv,39,1.0520367622375488,"SELECT sum(CAST(column12 AS FLOAT)) as sum_column12, avg(CAST(column12 AS FLOAT)) as avg_column12, sum(CAST(column17 AS FLOAT)) as sum_column17, avg(CAST(column17 AS FLOAT)) as avg_column17, sum(CAST(column04 AS FLOAT)) as sum_column04, avg(CAST(column04 AS FLOAT)) as avg_column04, sum(CAST(column03 AS FLOAT)) as sum_column03, avg(CAST(column03 AS FLOAT)) as avg_column03 FROM query_table WHERE CAST(column05 AS FLOAT) > CAST(-73.98419 AS FLOAT) AND CAST(column05 AS FLOAT) < CAST(-73.97794 AS FLOAT) AND CAST(column06 AS FLOAT) > CAST(40.752747 AS FLOAT) AND CAST(column06 AS FLOAT) < CAST(40.755875 AS FLOAT) AND column12 >= 0.0 AND column12 <= 400.0 AND column04 <= 1000.0;",0.1,"{null={12=Stats{sum=15116092.374378517, avg=11.210489833187326}, 17=Stats{sum=18406809.411325738, avg=13.650971736375606}, 4=Stats{sum=3256574.349561981, avg=2.415160792392564}, 3=Stats{sum=2313067.5909878686, avg=1.7154314799105421}}}","{12=15116092.374378517, 17=18406809.411325738, 4=3256574.349561981, 3=2313067.5909878686}"
/data-nonraid/maroulis/data/taxi_data/yellow_tripdata_2014_cleaned.csv,40,1.021211862564087,"SELECT sum(CAST(column12 AS FLOAT)) as sum_column12, avg(CAST(column12 AS FLOAT)) as avg_column12, sum(CAST(column17 AS FLOAT)) as sum_column17, avg(CAST(column17 AS FLOAT)) as avg_column17, sum(CAST(column04 AS FLOAT)) as sum_column04, avg(CAST(column04 AS FLOAT)) as avg_column04, sum(CAST(column03 AS FLOAT)) as sum_column03, avg(CAST(column03 AS FLOAT)) as avg_column03 FROM query_table WHERE CAST(column05 AS FLOAT) > CAST(-73.98419 AS FLOAT) AND CAST(column05 AS FLOAT) < CAST(-73.97794 AS FLOAT) AND CAST(column06 AS FLOAT) > CAST(40.752308 AS FLOAT) AND CAST(column06 AS FLOAT) < CAST(40.755436 AS FLOAT) AND column12 >= 0.0 AND column12 <= 400.0 AND column04 <= 1000.0;",0.1,"{null={12=Stats{sum=16853280.294639632, avg=11.191961549267209}, 17=Stats{sum=20541614.60336401, avg=13.641318294209958}, 4=Stats{sum=3619894.8431743956, avg=2.4039073218336204}, 3=Stats{sum=2538158.3793738494, avg=1.6855455134712047}}}","{12=16853280.294639632, 17=20541614.60336401, 4=3619894.8431743956, 3=2538158.3793738494}"
/data-nonraid/maroulis/data/taxi_data/yellow_tripdata_2014_cleaned.csv,41,0.6802678108215332,"SELECT sum(CAST(column12 AS FLOAT)) as sum_column12, avg(CAST(column12 AS FLOAT)) as avg_column12, sum(CAST(column17 AS FLOAT)) as sum_column17, avg(CAST(column17 AS FLOAT)) as avg_column17, sum(CAST(column04 AS FLOAT)) as sum_column04, avg(CAST(column04 AS FLOAT)) as avg_column04, sum(CAST(column03 AS FLOAT)) as sum_column03, avg(CAST(column03 AS FLOAT)) as avg_column03 FROM query_table WHERE CAST(column05 AS FLOAT) > CAST(-73.98419 AS FLOAT) AND CAST(column05 AS FLOAT) < CAST(-73.97794 AS FLOAT) AND CAST(column06 AS FLOAT) > CAST(40.752716 AS FLOAT) AND CAST(column06 AS FLOAT) < CAST(40.755844 AS FLOAT) AND column12 >= 0.0 AND column12 <= 400.0 AND column04 <= 1000.0;",0.1,"{null={12=Stats{sum=14468014.906889163, avg=11.230385459147868}, 17=Stats{sum=17633119.613857742, avg=13.687208050676647}, 4=Stats{sum=3114402.48422209, avg=2.4174664318383745}, 3=Stats{sum=2162857.1428571427, avg=1.6788563990068222}}}","{12=14468014.906889163, 17=17633119.613857742, 4=3114402.48422209, 3=2162857.1428571427}"
/data-nonraid/maroulis/data/taxi_data/yellow_tripdata_2014_cleaned.csv,42,0.9951744079589844,"SELECT sum(CAST(column12 AS FLOAT)) as sum_column12, avg(CAST(column12 AS FLOAT)) as avg_column12, sum(CAST(column17 AS FLOAT)) as sum_column17, avg(CAST(column17 AS FLOAT)) as avg_column17, sum(CAST(column04 AS FLOAT)) as sum_column04, avg(CAST(column04 AS FLOAT)) as avg_column04, sum(CAST(column03 AS FLOAT)) as sum_column03, avg(CAST(column03 AS FLOAT)) as avg_column03 FROM query_table WHERE CAST(column05 AS FLOAT) > CAST(-73.98494 AS FLOAT) AND CAST(column05 AS FLOAT) < CAST(-73.97869 AS FLOAT) AND CAST(column06 AS FLOAT) > CAST(40.752716 AS FLOAT) AND CAST(column06 AS FLOAT) < CAST(40.755844 AS FLOAT) AND column12 >= 0.0 AND column12 <= 400.0 AND column04 <= 1000.0;",0.1,"{null={12=Stats{sum=14509885.357175557, avg=11.229630172224647}, 17=Stats{sum=17714805.227466993, avg=13.710012614198176}, 4=Stats{sum=3149074.463967467, avg=2.4371620274493235}, 3=Stats{sum=2194482.142857143, avg=1.6983747477818625}}}","{12=14509885.357175557, 17=17714805.227466993, 4=3149074.463967467, 3=2194482.142857143}"
/data-nonraid/maroulis/data/taxi_data/yellow_tripdata_2014_cleaned.csv,43,0.9556853771209717,"SELECT sum(CAST(column12 AS FLOAT)) as sum_column12, avg(CAST(column12 AS FLOAT)) as avg_column12, sum(CAST(column17 AS FLOAT)) as sum_column17, avg(CAST(column17 AS FLOAT)) as avg_column17, sum(CAST(column04 AS FLOAT)) as sum_column04, avg(CAST(column04 AS FLOAT)) as avg_column04, sum(CAST(column03 AS FLOAT)) as sum_column03, avg(CAST(column03 AS FLOAT)) as avg_column03 FROM query_table WHERE CAST(column05 AS FLOAT) > CAST(-73.98569 AS FLOAT) AND CAST(column05 AS FLOAT) < CAST(-73.97944 AS FLOAT) AND CAST(column06 AS FLOAT) > CAST(40.752716 AS FLOAT) AND CAST(column06 AS FLOAT) < CAST(40.755844 AS FLOAT) AND column12 >= 0.0 AND column12 <= 400.0 AND column04 <= 1000.0;",0.1,"{null={12=Stats{sum=14475994.230804281, avg=11.430923279424306}, 17=Stats{sum=17638539.797312178, avg=13.928217431525297}, 4=Stats{sum=3183441.6665973812, avg=2.51379469176367}, 3=Stats{sum=2178076.9230769235, avg=1.719911586549007}}}","{12=14475994.230804281, 17=17638539.797312178, 4=3183441.6665973812, 3=2178076.9230769235}"
/data-nonraid/maroulis/data/taxi_data/yellow_tripdata_2014_cleaned.csv,44,1.1275913715362549,"SELECT sum(CAST(column12 AS FLOAT)) as sum_column12, avg(CAST(column12 AS FLOAT)) as avg_column12, sum(CAST(column17 AS FLOAT)) as sum_column17, avg(CAST(column17 AS FLOAT)) as avg_column17, sum(CAST(column04 AS FLOAT)) as sum_column04, avg(CAST(column04 AS FLOAT)) as avg_column04, sum(CAST(column03 AS FLOAT)) as sum_column03, avg(CAST(column03 AS FLOAT)) as avg_column03 FROM query_table WHERE CAST(column05 AS FLOAT) > CAST(-73.984566 AS FLOAT) AND CAST(column05 AS FLOAT) < CAST(-73.97832 AS FLOAT) AND CAST(column06 AS FLOAT) > CAST(40.752716 AS FLOAT) AND CAST(column06 AS FLOAT) < CAST(40.755844 AS FLOAT) AND column12 >= 0.0 AND column12 <= 400.0 AND column04 <= 1000.0;",0.1,"{null={12=Stats{sum=14740939.193129195, avg=11.258817353442135}, 17=Stats{sum=17963904.375617716, avg=13.72044994351855}, 4=Stats{sum=3194768.875469977, avg=2.4400968475701754}, 3=Stats{sum=2226657.060518732, avg=1.7006735340729002}}}","{12=14740939.193129195, 17=17963904.375617716, 4=3194768.875469977, 3=2226657.060518732}"
/data-nonraid/maroulis/data/taxi_data/yellow_tripdata_2014_cleaned.csv,45,1.2389905452728271,"SELECT sum(CAST(column12 AS FLOAT)) as sum_column12, avg(CAST(column12 AS FLOAT)) as avg_column12, sum(CAST(column17 AS FLOAT)) as sum_column17, avg(CAST(column17 AS FLOAT)) as avg_column17, sum(CAST(column04 AS FLOAT)) as sum_column04, avg(CAST(column04 AS FLOAT)) as avg_column04, sum(CAST(column03 AS FLOAT)) as sum_column03, avg(CAST(column03 AS FLOAT)) as avg_column03 FROM query_table WHERE CAST(column05 AS FLOAT) > CAST(-73.984566 AS FLOAT) AND CAST(column05 AS FLOAT) < CAST(-73.97832 AS FLOAT) AND CAST(column06 AS FLOAT) > CAST(40.752403 AS FLOAT) AND CAST(column06 AS FLOAT) < CAST(40.75553 AS FLOAT) AND column12 >= 0.0 AND column12 <= 400.0 AND column04 <= 1000.0;",0.1,"{null={12=Stats{sum=14791895.256923776, avg=11.196091307539799}, 17=Stats{sum=18085981.47552004, avg=13.68940872479565}, 4=Stats{sum=3215136.3629777455, avg=2.4335597069105015}, 3=Stats{sum=2222193.675889328, avg=1.6819942857997636}}}","{12=14791895.256923776, 17=18085981.47552004, 4=3215136.3629777455, 3=2222193.675889328}"
/data-nonraid/maroulis/data/taxi_data/yellow_tripdata_2014_cleaned.csv,46,0.6659491062164307,"SELECT sum(CAST(column12 AS FLOAT)) as sum_column12, avg(CAST(column12 AS FLOAT)) as avg_column12, sum(CAST(column17 AS FLOAT)) as sum_column17, avg(CAST(column17 AS FLOAT)) as avg_column17, sum(CAST(column04 AS FLOAT)) as sum_column04, avg(CAST(column04 AS FLOAT)) as avg_column04, sum(CAST(column03 AS FLOAT)) as sum_column03, avg(CAST(column03 AS FLOAT)) as avg_column03 FROM query_table WHERE CAST(column05 AS FLOAT) > CAST(-73.98525 AS FLOAT) AND CAST(column05 AS FLOAT) < CAST(-73.979004 AS FLOAT) AND CAST(column06 AS FLOAT) > CAST(40.752403 AS FLOAT) AND CAST(column06 AS FLOAT) < CAST(40.75553 AS FLOAT) AND column12 >= 0.0 AND column12 <= 400.0 AND column04 <= 1000.0;",0.1,"{null={12=Stats{sum=14503740.764377981, avg=11.308257641632574}, 17=Stats{sum=17767536.991538513, avg=13.852970017984987}, 4=Stats{sum=3178199.6821556357, avg=2.4779745740244574}, 3=Stats{sum=2143184.713375796, avg=1.6709954560127132}}}","{12=14503740.764377981, 17=17767536.991538513, 4=3178199.6821556357, 3=2143184.713375796}"
/data-nonraid/maroulis/data/taxi_data/yellow_tripdata_2014_cleaned.csv,47,1.1921322345733643,"SELECT sum(CAST(column12 AS FLOAT)) as sum_column12, avg(CAST(column12 AS FLOAT)) as avg_column12, sum(CAST(column17 AS FLOAT)) as sum_column17, avg(CAST(column17 AS FLOAT)) as avg_column17, sum(CAST(column04 AS FLOAT)) as sum_column04, avg(CAST(column04 AS FLOAT)) as avg_column04, sum(CAST(column03 AS FLOAT)) as sum_column03, avg(CAST(column03 AS FLOAT)) as avg_column03 FROM query_table WHERE CAST(column05 AS FLOAT) > CAST(-73.986 AS FLOAT) AND CAST(column05 AS FLOAT) < CAST(-73.97975 AS FLOAT) AND CAST(column06 AS FLOAT) > CAST(40.752403 AS FLOAT) AND CAST(column06 AS FLOAT) < CAST(40.75553 AS FLOAT) AND column12 >= 0.0 AND column12 <= 400.0 AND column04 <= 1000.0;",0.1,"{null={12=Stats{sum=13511436.989471475, avg=11.343488905526995}, 17=Stats{sum=16522041.985624578, avg=13.871033858695053}, 4=Stats{sum=2973427.0965462564, avg=2.496332352165688}, 3=Stats{sum=2015698.9247311824, avg=1.6922743604094823}}}","{12=13511436.989471475, 17=16522041.985624578, 4=2973427.0965462564, 3=2015698.9247311824}"
/data-nonraid/maroulis/data/taxi_data/yellow_tripdata_2014_cleaned.csv,48,1.2938952445983887,"SELECT sum(CAST(column12 AS FLOAT)) as sum_column12, avg(CAST(column12 AS FLOAT)) as avg_column12, sum(CAST(column17 AS FLOAT)) as sum_column17, avg(CAST(column17 AS FLOAT)) as avg_column17, sum(CAST(column04 AS FLOAT)) as sum_column04, avg(CAST(column04 AS FLOAT)) as avg_column04, sum(CAST(column03 AS FLOAT)) as sum_column03, avg(CAST(column03 AS FLOAT)) as avg_column03 FROM query_table WHERE CAST(column05 AS FLOAT) > CAST(-73.98694 AS FLOAT) AND CAST(column05 AS FLOAT) < CAST(-73.98069 AS FLOAT) AND CAST(column06 AS FLOAT) > CAST(40.752403 AS FLOAT) AND CAST(column06 AS FLOAT) < CAST(40.75553 AS FLOAT) AND column12 >= 0.0 AND column12 <= 400.0 AND column04 <= 1000.0;",0.1,"{null={12=Stats{sum=11966414.710082185, avg=11.474898801887955}, 17=Stats{sum=14673339.723234396, avg=14.07063790526786}, 4=Stats{sum=2648454.65594601, avg=2.5396703937365652}, 3=Stats{sum=1781673.4143049933, avg=1.7084918601340684}}}","{12=11966414.710082185, 17=14673339.723234396, 4=2648454.65594601, 3=1781673.4143049933}"
/data-nonraid/maroulis/data/taxi_data/yellow_tripdata_2014_cleaned.csv,49,1.2761077880859375,"SELECT sum(CAST(column12 AS FLOAT)) as sum_column12, avg(CAST(column12 AS FLOAT)) as avg_column12, sum(CAST(column17 AS FLOAT)) as sum_column17, avg(CAST(column17 AS FLOAT)) as avg_column17, sum(CAST(column04 AS FLOAT)) as sum_column04, avg(CAST(column04 AS FLOAT)) as avg_column04, sum(CAST(column03 AS FLOAT)) as sum_column03, avg(CAST(column03 AS FLOAT)) as avg_column03 FROM query_table WHERE CAST(column05 AS FLOAT) > CAST(-73.987625 AS FLOAT) AND CAST(column05 AS FLOAT) < CAST(-73.98138 AS FLOAT) AND CAST(column06 AS FLOAT) > CAST(40.752403 AS FLOAT) AND CAST(column06 AS FLOAT) < CAST(40.75553 AS FLOAT) AND column12 >= 0.0 AND column12 <= 400.0 AND column04 <= 1000.0;",0.1,"{null={12=Stats{sum=11950990.547973944, avg=11.513022553045092}, 17=Stats{sum=14632248.811718537, avg=14.096020735255461}, 4=Stats{sum=2644810.6849301253, avg=2.5478862979518735}, 3=Stats{sum=1766164.383561644, avg=1.7014397508478827}}}","{12=11950990.547973944, 17=14632248.811718537, 4=2644810.6849301253, 3=1766164.383561644}"
/data-nonraid/maroulis/data/taxi_data/yellow_tripdata_2014_cleaned.csv,50,0.835960865020752,"SELECT sum(CAST(column12 AS FLOAT)) as sum_column12, avg(CAST(column12 AS FLOAT)) as avg_column12, sum(CAST(column17 AS FLOAT)) as sum_column17, avg(CAST(column17 AS FLOAT)) as avg_column17, sum(CAST(column04 AS FLOAT)) as sum_column04, avg(CAST(column04 AS FLOAT)) as avg_column04, sum(CAST(column03 AS FLOAT)) as sum_column03, avg(CAST(column03 AS FLOAT)) as avg_column03 FROM query_table WHERE CAST(column05 AS FLOAT) > CAST(-73.988625 AS FLOAT) AND CAST(column05 AS FLOAT) < CAST(-73.982376 AS FLOAT) AND CAST(column06 AS FLOAT) > CAST(40.751904 AS FLOAT) AND CAST(column06 AS FLOAT) < CAST(40.75503 AS FLOAT) AND column12 >= 0.0 AND column12 <= 400.0 AND column04 <= 1000.0;",0.1,"{null={12=Stats{sum=11721602.216123544, avg=11.320826154477498}, 17=Stats{sum=14293545.196802663, avg=13.804831227047357}, 4=Stats{sum=2576091.967073535, avg=2.488012199993435}, 3=Stats{sum=1781135.7340720221, avg=1.7202365027556317}}}","{12=11721602.216123544, 17=14293545.196802663, 4=2576091.967073535, 3=1781135.7340720221}"
/data-nonraid/maroulis/data/taxi_data/yellow_tripdata_2014_cleaned.csv,51,1.1840152740478516,"SELECT sum(CAST(column12 AS FLOAT)) as sum_column12, avg(CAST(column12 AS FLOAT)) as avg_column12, sum(CAST(column17 AS FLOAT)) as sum_column17, avg(CAST(column17 AS FLOAT)) as avg_column17, sum(CAST(column04 AS FLOAT)) as sum_column04, avg(CAST(column04 AS FLOAT)) as avg_column04, sum(CAST(column03 AS FLOAT)) as sum_column03, avg(CAST(column03 AS FLOAT)) as avg_column03 FROM query_table WHERE CAST(column05 AS FLOAT) > CAST(-73.98937 AS FLOAT) AND CAST(column05 AS FLOAT) < CAST(-73.98312 AS FLOAT) AND CAST(column06 AS FLOAT) > CAST(40.751904 AS FLOAT) AND CAST(column06 AS FLOAT) < CAST(40.75503 AS FLOAT) AND column12 >= 0.0 AND column12 <= 400.0 AND column04 <= 1000.0;",0.1,"{null={12=Stats{sum=12712833.582202889, avg=11.21086984429468}, 17=Stats{sum=15496933.998456642, avg=13.66604139973472}, 4=Stats{sum=2768766.604571346, avg=2.441649364193155}, 3=Stats{sum=1953563.4328358208, avg=1.722758756848357}}}","{12=12712833.582202889, 17=15496933.998456642, 4=2768766.604571346, 3=1953563.4328358208}"
/data-nonraid/maroulis/data/taxi_data/yellow_tripdata_2014_cleaned.csv,52,1.0298984050750732,"SELECT sum(CAST(column12 AS FLOAT)) as sum_column12, avg(CAST(column12 AS FLOAT)) as avg_column12, sum(CAST(column17 AS FLOAT)) as sum_column17, avg(CAST(column17 AS FLOAT)) as avg_column17, sum(CAST(column04 AS FLOAT)) as sum_column04, avg(CAST(column04 AS FLOAT)) as avg_column04, sum(CAST(column03 AS FLOAT)) as sum_column03, avg(CAST(column03 AS FLOAT)) as avg_column03 FROM query_table WHERE CAST(column05 AS FLOAT) > CAST(-73.99049 AS FLOAT) AND CAST(column05 AS FLOAT) < CAST(-73.984245 AS FLOAT) AND CAST(column06 AS FLOAT) > CAST(40.751904 AS FLOAT) AND CAST(column06 AS FLOAT) < CAST(40.75503 AS FLOAT) AND column12 >= 0.0 AND column12 <= 400.0 AND column04 <= 1000.0;",0.1,"{null={12=Stats{sum=12031198.13243076, avg=10.999077560652703}, 17=Stats{sum=14662962.85513504, avg=13.405071044243154}, 4=Stats{sum=2590110.865816006, avg=2.367912986737901}, 3=Stats{sum=1876893.039049236, avg=1.7158799882037035}}}","{12=12031198.13243076, 17=14662962.85513504, 4=2590110.865816006, 3=1876893.039049236}"
/data-nonraid/maroulis/data/taxi_data/yellow_tripdata_2014_cleaned.csv,53,1.1440348625183105,"SELECT sum(CAST(column12 AS FLOAT)) as sum_column12, avg(CAST(column12 AS FLOAT)) as avg_column12, sum(CAST(column17 AS FLOAT)) as sum_column17, avg(CAST(column17 AS FLOAT)) as avg_column17, sum(CAST(column04 AS FLOAT)) as sum_column04, avg(CAST(column04 AS FLOAT)) as avg_column04, sum(CAST(column03 AS FLOAT)) as sum_column03, avg(CAST(column03 AS FLOAT)) as avg_column03 FROM query_table WHERE CAST(column05 AS FLOAT) > CAST(-73.99143 AS FLOAT) AND CAST(column05 AS FLOAT) < CAST(-73.98518 AS FLOAT) AND CAST(column06 AS FLOAT) > CAST(40.751904 AS FLOAT) AND CAST(column06 AS FLOAT) < CAST(40.75503 AS FLOAT) AND column12 >= 0.0 AND column12 <= 400.0 AND column04 <= 1000.0;",0.1,"{null={12=Stats{sum=10684110.64147949, avg=11.027971141052545}, 17=Stats{sum=12953851.347678604, avg=13.370761837028518}, 4=Stats{sum=2275921.283079197, avg=2.3491701903256486}, 3=Stats{sum=1648411.078717201, avg=1.7014640164908743}}}","{12=10684110.64147949, 17=12953851.347678604, 4=2275921.283079197, 3=1648411.078717201}"
/data-nonraid/maroulis/data/taxi_data/yellow_tripdata_2014_cleaned.csv,54,1.1646835803985596,"SELECT sum(CAST(column12 AS FLOAT)) as sum_column12, avg(CAST(column12 AS FLOAT)) as avg_column12, sum(CAST(column17 AS FLOAT)) as sum_column17, avg(CAST(column17 AS FLOAT)) as avg_column17, sum(CAST(column04 AS FLOAT)) as sum_column04, avg(CAST(column04 AS FLOAT)) as avg_column04, sum(CAST(column03 AS FLOAT)) as sum_column03, avg(CAST(column03 AS FLOAT)) as avg_column03 FROM query_table WHERE CAST(column05 AS FLOAT) > CAST(-73.99081 AS FLOAT) AND CAST(column05 AS FLOAT) < CAST(-73.98456 AS FLOAT) AND CAST(column06 AS FLOAT) > CAST(40.751904 AS FLOAT) AND CAST(column06 AS FLOAT) < CAST(40.75503 AS FLOAT) AND column12 >= 0.0 AND column12 <= 400.0 AND column04 <= 1000.0;",0.1,"{null={12=Stats{sum=11986966.131948957, avg=11.079841167883224}, 17=Stats{sum=14577000.395435702, avg=13.473872146440986}, 4=Stats{sum=2579990.7309878054, avg=2.384747499850327}, 3=Stats{sum=1858342.245989305, avg=1.7177104443675548}}}","{12=11986966.131948957, 17=14577000.395435702, 4=2579990.7309878054, 3=1858342.245989305}"
/data-nonraid/maroulis/data/taxi_data/yellow_tripdata_2014_cleaned.csv,55,0.6112711429595947,"SELECT sum(CAST(column12 AS FLOAT)) as sum_column12, avg(CAST(column12 AS FLOAT)) as avg_column12, sum(CAST(column17 AS FLOAT)) as sum_column17, avg(CAST(column17 AS FLOAT)) as avg_column17, sum(CAST(column04 AS FLOAT)) as sum_column04, avg(CAST(column04 AS FLOAT)) as avg_column04, sum(CAST(column03 AS FLOAT)) as sum_column03, avg(CAST(column03 AS FLOAT)) as avg_column03 FROM query_table WHERE CAST(column05 AS FLOAT) > CAST(-73.991615 AS FLOAT) AND CAST(column05 AS FLOAT) < CAST(-73.98537 AS FLOAT) AND CAST(column06 AS FLOAT) > CAST(40.751904 AS FLOAT) AND CAST(column06 AS FLOAT) < CAST(40.75503 AS FLOAT) AND column12 >= 0.0 AND column12 <= 400.0 AND column04 <= 1000.0;",0.1,"{null={12=Stats{sum=10859699.64664311, avg=11.004744512478963}, 17=Stats{sum=13204768.583420731, avg=13.38113477676824}, 4=Stats{sum=2311868.9039212, avg=2.3427468034865884}, 3=Stats{sum=1673674.9116607774, avg=1.6960289325742113}}}","{12=10859699.64664311, 17=13204768.583420731, 4=2311868.9039212, 3=1673674.9116607774}"
/data-nonraid/maroulis/data/taxi_data/yellow_tripdata_2014_cleaned.csv,56,1.2212090492248535,"SELECT sum(CAST(column12 AS FLOAT)) as sum_column12, avg(CAST(column12 AS FLOAT)) as avg_column12, sum(CAST(column17 AS FLOAT)) as sum_column17, avg(CAST(column17 AS FLOAT)) as avg_column17, sum(CAST(column04 AS FLOAT)) as sum_column04, avg(CAST(column04 AS FLOAT)) as avg_column04, sum(CAST(column03 AS FLOAT)) as sum_column03, avg(CAST(column03 AS FLOAT)) as avg_column03 FROM query_table WHERE CAST(column05 AS FLOAT) > CAST(-73.990616 AS FLOAT) AND CAST(column05 AS FLOAT) < CAST(-73.98437 AS FLOAT) AND CAST(column06 AS FLOAT) > CAST(40.751404 AS FLOAT) AND CAST(column06 AS FLOAT) < CAST(40.75453 AS FLOAT) AND column12 >= 0.0 AND column12 <= 400.0 AND column04 <= 1000.0;",0.1,"{null={12=Stats{sum=12532615.49020281, avg=11.079467316132076}, 17=Stats{sum=15256177.096100416, avg=13.487233821025171}, 4=Stats{sum=2676300.196651735, avg=2.3659850236481557}, 3=Stats{sum=1951862.7450980393, avg=1.7255455979476158}}}","{12=12532615.49020281, 17=15256177.096100416, 4=2676300.196651735, 3=1951862.7450980393}"
/data-nonraid/maroulis/data/taxi_data/yellow_tripdata_2014_cleaned.csv,57,1.0642004013061523,"SELECT sum(CAST(column12 AS FLOAT)) as sum_column12, avg(CAST(column12 AS FLOAT)) as avg_column12, sum(CAST(column17 AS FLOAT)) as sum_column17, avg(CAST(column17 AS FLOAT)) as avg_column17, sum(CAST(column04 AS FLOAT)) as sum_column04, avg(CAST(column04 AS FLOAT)) as avg_column04, sum(CAST(column03 AS FLOAT)) as sum_column03, avg(CAST(column03 AS FLOAT)) as avg_column03 FROM query_table WHERE CAST(column05 AS FLOAT) > CAST(-73.991806 AS FLOAT) AND CAST(column05 AS FLOAT) < CAST(-73.98556 AS FLOAT) AND CAST(column06 AS FLOAT) > CAST(40.751404 AS FLOAT) AND CAST(column06 AS FLOAT) < CAST(40.75453 AS FLOAT) AND column12 >= 0.0 AND column12 <= 400.0 AND column04 <= 1000.0;",0.1,"{null={12=Stats{sum=10700264.201629061, avg=10.941341490606973}, 17=Stats{sum=12938619.529531784, avg=13.230127034441924}, 4=Stats{sum=2250106.050359477, avg=2.3008010104382075}, 3=Stats{sum=1671831.9327731093, avg=1.7094983587963362}}}","{12=10700264.201629061, 17=12938619.529531784, 4=2250106.050359477, 3=1671831.9327731093}"
/data-nonraid/maroulis/data/taxi_data/yellow_tripdata_2014_cleaned.csv,58,0.7114667892456055,"SELECT sum(CAST(column12 AS FLOAT)) as sum_column12, avg(CAST(column12 AS FLOAT)) as avg_column12, sum(CAST(column17 AS FLOAT)) as sum_column17, avg(CAST(column17 AS FLOAT)) as avg_column17, sum(CAST(column04 AS FLOAT)) as sum_column04, avg(CAST(column04 AS FLOAT)) as avg_column04, sum(CAST(column03 AS FLOAT)) as sum_column03, avg(CAST(column03 AS FLOAT)) as avg_column03 FROM query_table WHERE CAST(column05 AS FLOAT) > CAST(-73.991806 AS FLOAT) AND CAST(column05 AS FLOAT) < CAST(-73.98556 AS FLOAT) AND CAST(column06 AS FLOAT) > CAST(40.750935 AS FLOAT) AND CAST(column06 AS FLOAT) < CAST(40.754063 AS FLOAT) AND column12 >= 0.0 AND column12 <= 400.0 AND column04 <= 1000.0;",0.1,"{null={12=Stats{sum=12782865.329512894, avg=11.046725269283149}, 17=Stats{sum=15417371.37875106, avg=13.32341862370712}, 4=Stats{sum=2684345.8451335463, avg=2.319764021175208}, 3=Stats{sum=1982636.1031518625, avg=1.7133589203912343}}}","{12=12782865.329512894, 17=15417371.37875106, 4=2684345.8451335463, 3=1982636.1031518625}"
/data-nonraid/maroulis/data/taxi_data/yellow_tripdata_2014_cleaned.csv,59,0.8959505558013916,"SELECT sum(CAST(column12 AS FLOAT)) as sum_column12, avg(CAST(column12 AS FLOAT)) as avg_column12, sum(CAST(column17 AS FLOAT)) as sum_column17, avg(CAST(column17 AS FLOAT)) as avg_column17, sum(CAST(column04 AS FLOAT)) as sum_column04, avg(CAST(column04 AS FLOAT)) as avg_column04, sum(CAST(column03 AS FLOAT)) as sum_column03, avg(CAST(column03 AS FLOAT)) as avg_column03 FROM query_table WHERE CAST(column05 AS FLOAT) > CAST(-73.992615 AS FLOAT) AND CAST(column05 AS FLOAT) < CAST(-73.98637 AS FLOAT) AND CAST(column06 AS FLOAT) > CAST(40.750935 AS FLOAT) AND CAST(column06 AS FLOAT) < CAST(40.754063 AS FLOAT) AND column12 >= 0.0 AND column12 <= 400.0 AND column04 <= 1000.0;",0.1,"{null={12=Stats{sum=11232693.061303118, avg=10.910283063825183}, 17=Stats{sum=13497489.824470209, avg=13.110073767028231}, 4=Stats{sum=2320177.5509414775, avg=2.2535819060444893}, 3=Stats{sum=1764183.6734693877, avg=1.71354662226451}}}","{12=11232693.061303118, 17=13497489.824470209, 4=2320177.5509414775, 3=1764183.6734693877}"
/data-nonraid/maroulis/data/taxi_data/yellow_tripdata_2014_cleaned.csv,60,1.2082669734954834,"SELECT sum(CAST(column12 AS FLOAT)) as sum_column12, avg(CAST(column12 AS FLOAT)) as avg_column12, sum(CAST(column17 AS FLOAT)) as sum_column17, avg(CAST(column17 AS FLOAT)) as avg_column17, sum(CAST(column04 AS FLOAT)) as sum_column04, avg(CAST(column04 AS FLOAT)) as avg_column04, sum(CAST(column03 AS FLOAT)) as sum_column03, avg(CAST(column03 AS FLOAT)) as avg_column03 FROM query_table WHERE CAST(column05 AS FLOAT) > CAST(-73.993805 AS FLOAT) AND CAST(column05 AS FLOAT) < CAST(-73.98756 AS FLOAT) AND CAST(column06 AS FLOAT) > CAST(40.750935 AS FLOAT) AND CAST(column06 AS FLOAT) < CAST(40.754063 AS FLOAT) AND column12 >= 0.0 AND column12 <= 400.0 AND column04 <= 1000.0;",0.1,"{null={12=Stats{sum=14097481.761028685, avg=11.244041133702334}, 17=Stats{sum=16852705.9071119, avg=13.4415863517973}, 4=Stats{sum=2926098.5331836333, avg=2.333833292080249}, 3=Stats{sum=2130796.6457023066, avg=1.6995067302065046}}}","{12=14097481.761028685, 17=16852705.9071119, 4=2926098.5331836333, 3=2130796.6457023066}"
/data-nonraid/maroulis/data/taxi_data/yellow_tripdata_2014_cleaned.csv,61,0.7872753143310547,"SELECT sum(CAST(column12 AS FLOAT)) as sum_column12, avg(CAST(column12 AS FLOAT)) as avg_column12, sum(CAST(column17 AS FLOAT)) as sum_column17, avg(CAST(column17 AS FLOAT)) as avg_column17, sum(CAST(column04 AS FLOAT)) as sum_column04, avg(CAST(column04 AS FLOAT)) as avg_column04, sum(CAST(column03 AS FLOAT)) as sum_column03, avg(CAST(column03 AS FLOAT)) as avg_column03 FROM query_table WHERE CAST(column05 AS FLOAT) > CAST(-73.993805 AS FLOAT) AND CAST(column05 AS FLOAT) < CAST(-73.98756 AS FLOAT) AND CAST(column06 AS FLOAT) > CAST(40.75031 AS FLOAT) AND CAST(column06 AS FLOAT) < CAST(40.753437 AS FLOAT) AND column12 >= 0.0 AND column12 <= 400.0 AND column04 <= 1000.0;",0.1,"{null={12=Stats{sum=17487694.7644743, avg=11.06211296764176}, 17=Stats{sum=20803181.193836074, avg=13.159375409504015}, 4=Stats{sum=3602394.501689471, avg=2.2787505996876547}, 3=Stats{sum=2687905.759162304, avg=1.7002765404295483}}}","{12=17487694.7644743, 17=20803181.193836074, 4=3602394.501689471, 3=2687905.759162304}"
/data-nonraid/maroulis/data/taxi_data/yellow_tripdata_2014_cleaned.csv,62,0.9634914398193359,"SELECT sum(CAST(column12 AS FLOAT)) as sum_column12, avg(CAST(column12 AS FLOAT)) as avg_column12, sum(CAST(column17 AS FLOAT)) as sum_column17, avg(CAST(column17 AS FLOAT)) as avg_column17, sum(CAST(column04 AS FLOAT)) as sum_column04, avg(CAST(column04 AS FLOAT)) as avg_column04, sum(CAST(column03 AS FLOAT)) as sum_column03, avg(CAST(column03 AS FLOAT)) as avg_column03 FROM query_table WHERE CAST(column05 AS FLOAT) > CAST(-73.99312 AS FLOAT) AND CAST(column05 AS FLOAT) < CAST(-73.98687 AS FLOAT) AND CAST(column06 AS FLOAT) > CAST(40.75031 AS FLOAT) AND CAST(column06 AS FLOAT) < CAST(40.753437 AS FLOAT) AND column12 >= 0.0 AND column12 <= 400.0 AND column04 <= 1000.0;",0.1,"{null={12=Stats{sum=16649402.723175313, avg=11.031952525129697}, 17=Stats{sum=19864022.427052483, avg=13.16197079360221}, 4=Stats{sum=3431486.0812955042, avg=2.2737146892843967}, 3=Stats{sum=2591815.4311649012, avg=1.7173459772649813}}}","{12=16649402.723175313, 17=19864022.427052483, 4=3431486.0812955042, 3=2591815.4311649012}"
/data-nonraid/maroulis/data/taxi_data/yellow_tripdata_2014_cleaned.csv,63,0.734717845916748,"SELECT sum(CAST(column12 AS FLOAT)) as sum_column12, avg(CAST(column12 AS FLOAT)) as avg_column12, sum(CAST(column17 AS FLOAT)) as sum_column17, avg(CAST(column17 AS FLOAT)) as avg_column17, sum(CAST(column04 AS FLOAT)) as sum_column04, avg(CAST(column04 AS FLOAT)) as avg_column04, sum(CAST(column03 AS FLOAT)) as sum_column03, avg(CAST(column03 AS FLOAT)) as avg_column03 FROM query_table WHERE CAST(column05 AS FLOAT) > CAST(-73.993744 AS FLOAT) AND CAST(column05 AS FLOAT) < CAST(-73.987495 AS FLOAT) AND CAST(column06 AS FLOAT) > CAST(40.749996 AS FLOAT) AND CAST(column06 AS FLOAT) < CAST(40.753124 AS FLOAT) AND column12 >= 0.0 AND column12 <= 400.0 AND column04 <= 1000.0;",0.1,"{null={12=Stats{sum=23012545.308350876, avg=11.191383720798026}, 17=Stats{sum=27219350.45317095, avg=13.23722306553249}, 4=Stats{sum=4700393.028635951, avg=2.2858793461208227}, 3=Stats{sum=3467962.4664879357, avg=1.6865278556434895}}}","{12=23012545.308350876, 17=27219350.45317095, 4=4700393.028635951, 3=3467962.4664879357}"
/data-nonraid/maroulis/data/taxi_data/yellow_tripdata_2014_cleaned.csv,64,1.0096087455749512,"SELECT sum(CAST(column12 AS FLOAT)) as sum_column12, avg(CAST(column12 AS FLOAT)) as avg_column12, sum(CAST(column17 AS FLOAT)) as sum_column17, avg(CAST(column17 AS FLOAT)) as avg_column17, sum(CAST(column04 AS FLOAT)) as sum_column04, avg(CAST(column04 AS FLOAT)) as avg_column04, sum(CAST(column03 AS FLOAT)) as sum_column03, avg(CAST(column03 AS FLOAT)) as avg_column03 FROM query_table WHERE CAST(column05 AS FLOAT) > CAST(-73.992935 AS FLOAT) AND CAST(column05 AS FLOAT) < CAST(-73.98669 AS FLOAT) AND CAST(column06 AS FLOAT) > CAST(40.749996 AS FLOAT) AND CAST(column06 AS FLOAT) < CAST(40.753124 AS FLOAT) AND column12 >= 0.0 AND column12 <= 400.0 AND column04 <= 1000.0;",0.1,"{null={12=Stats{sum=22112804.2592914, avg=11.073525080464567}, 17=Stats{sum=26174584.49633033, avg=13.10756042029655}, 4=Stats{sum=4529705.36942542, avg=2.2683602417531987}, 3=Stats{sum=3385185.1851851847, avg=1.695213895560728}}}","{12=22112804.2592914, 17=26174584.49633033, 4=4529705.36942542, 3=3385185.1851851847}"
/data-nonraid/maroulis/data/taxi_data/yellow_tripdata_2014_cleaned.csv,65,0.8049743175506592,"SELECT sum(CAST(column12 AS FLOAT)) as sum_column12, avg(CAST(column12 AS FLOAT)) as avg_column12, sum(CAST(column17 AS FLOAT)) as sum_column17, avg(CAST(column17 AS FLOAT)) as avg_column17, sum(CAST(column04 AS FLOAT)) as sum_column04, avg(CAST(column04 AS FLOAT)) as avg_column04, sum(CAST(column03 AS FLOAT)) as sum_column03, avg(CAST(column03 AS FLOAT)) as avg_column03 FROM query_table WHERE CAST(column05 AS FLOAT) > CAST(-73.993935 AS FLOAT) AND CAST(column05 AS FLOAT) < CAST(-73.987686 AS FLOAT) AND CAST(column06 AS FLOAT) > CAST(40.749996 AS FLOAT) AND CAST(column06 AS FLOAT) < CAST(40.753124 AS FLOAT) AND column12 >= 0.0 AND column12 <= 400.0 AND column04 <= 1000.0;",0.1,"{null={12=Stats{sum=24203576.895372964, avg=11.189276678157333}, 17=Stats{sum=28603994.63771483, avg=13.223583087965231}, 4=Stats{sum=4935523.826565311, avg=2.281685136283907}, 3=Stats{sum=3597509.025270758, avg=1.6631229346773924}}}","{12=24203576.895372964, 17=28603994.63771483, 4=4935523.826565311, 3=3597509.025270758}"
/data-nonraid/maroulis/data/taxi_data/yellow_tripdata_2014_cleaned.csv,66,1.2496955394744873,"SELECT sum(CAST(column12 AS FLOAT)) as sum_column12, avg(CAST(column12 AS FLOAT)) as avg_column12, sum(CAST(column17 AS FLOAT)) as sum_column17, avg(CAST(column17 AS FLOAT)) as avg_column17, sum(CAST(column04 AS FLOAT)) as sum_column04, avg(CAST(column04 AS FLOAT)) as avg_column04, sum(CAST(column03 AS FLOAT)) as sum_column03, avg(CAST(column03 AS FLOAT)) as avg_column03 FROM query_table WHERE CAST(column05 AS FLOAT) > CAST(-73.992744 AS FLOAT) AND CAST(column05 AS FLOAT) < CAST(-73.986496 AS FLOAT) AND CAST(column06 AS FLOAT) > CAST(40.75059 AS FLOAT) AND CAST(column06 AS FLOAT) < CAST(40.75372 AS FLOAT) AND column12 >= 0.0 AND column12 <= 400.0 AND column04 <= 1000.0;",0.1,"{null={12=Stats{sum=13651131.732014729, avg=10.876902744924353}, 17=Stats{sum=16298527.465813078, avg=12.986285797489947}, 4=Stats{sum=2813431.099409334, avg=2.2416761517328463}, 3=Stats{sum=2148457.648546144, avg=1.711840846134475}}}","{12=13651131.732014729, 17=16298527.465813078, 4=2813431.099409334, 3=2148457.648546144}"
/data-nonraid/maroulis/data/taxi_data/yellow_tripdata_2014_cleaned.csv,67,0.9873290061950684,"SELECT sum(CAST(column12 AS FLOAT)) as sum_column12, avg(CAST(column12 AS FLOAT)) as avg_column12, sum(CAST(column17 AS FLOAT)) as sum_column17, avg(CAST(column17 AS FLOAT)) as avg_column17, sum(CAST(column04 AS FLOAT)) as sum_column04, avg(CAST(column04 AS FLOAT)) as avg_column04, sum(CAST(column03 AS FLOAT)) as sum_column03, avg(CAST(column03 AS FLOAT)) as avg_column03 FROM query_table WHERE CAST(column05 AS FLOAT) > CAST(-73.992744 AS FLOAT) AND CAST(column05 AS FLOAT) < CAST(-73.986496 AS FLOAT) AND CAST(column06 AS FLOAT) > CAST(40.750248 AS FLOAT) AND CAST(column06 AS FLOAT) < CAST(40.753376 AS FLOAT) AND column12 >= 0.0 AND column12 <= 400.0 AND column04 <= 1000.0;",0.1,"{null={12=Stats{sum=17196007.888532847, avg=10.95384253847513}, 17=Stats{sum=20481520.46177061, avg=13.046711279796533}, 4=Stats{sum=3546850.115742163, avg=2.259340535736794}, 3=Stats{sum=2684547.5638051042, avg=1.7100545365868078}}}","{12=17196007.888532847, 17=20481520.46177061, 4=3546850.115742163, 3=2684547.5638051042}"
/data-nonraid/maroulis/data/taxi_data/yellow_tripdata_2014_cleaned.csv,68,0.6662449836730957,"SELECT sum(CAST(column12 AS FLOAT)) as sum_column12, avg(CAST(column12 AS FLOAT)) as avg_column12, sum(CAST(column17 AS FLOAT)) as sum_column17, avg(CAST(column17 AS FLOAT)) as avg_column17, sum(CAST(column04 AS FLOAT)) as sum_column04, avg(CAST(column04 AS FLOAT)) as avg_column04, sum(CAST(column03 AS FLOAT)) as sum_column03, avg(CAST(column03 AS FLOAT)) as avg_column03 FROM query_table WHERE CAST(column05 AS FLOAT) > CAST(-73.991684 AS FLOAT) AND CAST(column05 AS FLOAT) < CAST(-73.985435 AS FLOAT) AND CAST(column06 AS FLOAT) > CAST(40.75078 AS FLOAT) AND CAST(column06 AS FLOAT) < CAST(40.753906 AS FLOAT) AND column12 >= 0.0 AND column12 <= 400.0 AND column04 <= 1000.0;",0.1,"{null={12=Stats{sum=13532226.52441118, avg=10.929747106640892}, 17=Stats{sum=16244195.160938475, avg=13.120157628140406}, 4=Stats{sum=2834042.073470575, avg=2.2890071413404294}, 3=Stats{sum=2136981.7073170734, avg=1.7260034474267423}}}","{12=13532226.52441118, 17=16244195.160938475, 4=2834042.073470575, 3=2136981.7073170734}"
/data-nonraid/maroulis/data/taxi_data/yellow_tripdata_2014_cleaned.csv,69,0.5380094051361084,"SELECT sum(CAST(column12 AS FLOAT)) as sum_column12, avg(CAST(column12 AS FLOAT)) as avg_column12, sum(CAST(column17 AS FLOAT)) as sum_column17, avg(CAST(column17 AS FLOAT)) as avg_column17, sum(CAST(column04 AS FLOAT)) as sum_column04, avg(CAST(column04 AS FLOAT)) as avg_column04, sum(CAST(column03 AS FLOAT)) as sum_column03, avg(CAST(column03 AS FLOAT)) as avg_column03 FROM query_table WHERE CAST(column05 AS FLOAT) > CAST(-73.994804 AS FLOAT) AND CAST(column05 AS FLOAT) < CAST(-73.98231 AS FLOAT) AND CAST(column06 AS FLOAT) > CAST(40.749214 AS FLOAT) AND CAST(column06 AS FLOAT) < CAST(40.75547 AS FLOAT) AND column12 >= 0.0 AND column12 <= 400.0 AND column04 <= 1000.0;",0.1,"{null={12=Stats{sum=80674859.66685614, avg=11.46747873759522}, 17=Stats{sum=96458927.87781557, avg=13.711095489447992}, 4=Stats{sum=16903475.663819786, avg=2.4027342417051334}, 3=Stats{sum=11878300.0, avg=1.6884337109635967}}}","{12=80674859.66685614, 17=96458927.87781557, 4=16903475.663819786, 3=11878300.0}"
/data-nonraid/maroulis/data/taxi_data/yellow_tripdata_2014_cleaned.csv,70,0.8329386711120605,"SELECT sum(CAST(column12 AS FLOAT)) as sum_column12, avg(CAST(column12 AS FLOAT)) as avg_column12, sum(CAST(column17 AS FLOAT)) as sum_column17, avg(CAST(column17 AS FLOAT)) as avg_column17, sum(CAST(column04 AS FLOAT)) as sum_column04, avg(CAST(column04 AS FLOAT)) as avg_column04, sum(CAST(column03 AS FLOAT)) as sum_column03, avg(CAST(column03 AS FLOAT)) as avg_column03 FROM query_table WHERE CAST(column05 AS FLOAT) > CAST(-74.00105 AS FLOAT) AND CAST(column05 AS FLOAT) < CAST(-73.97606 AS FLOAT) AND CAST(column06 AS FLOAT) > CAST(40.746086 AS FLOAT) AND CAST(column06 AS FLOAT) < CAST(40.7586 AS FLOAT) AND column12 >= 0.0 AND column12 <= 400.0 AND column04 <= 1000.0;",0.1,"{null={12=Stats{sum=251735000.00078374, avg=11.386283442406866}, 17=Stats{sum=302917802.6838197, avg=13.701344513469753}, 4=Stats{sum=53558824.855340436, avg=2.4225314741423856}, 3=Stats{sum=37371988.95027624, avg=1.6903809918883663}}}","{12=251735000.00078374, 17=302917802.6838197, 4=53558824.855340436, 3=37371988.95027624}"
/data-nonraid/maroulis/data/taxi_data/yellow_tripdata_2014_cleaned.csv,71,0.8118505477905273,"SELECT sum(CAST(column12 AS FLOAT)) as sum_column12, avg(CAST(column12 AS FLOAT)) as avg_column12, sum(CAST(column17 AS FLOAT)) as sum_column17, avg(CAST(column17 AS FLOAT)) as avg_column17, sum(CAST(column04 AS FLOAT)) as sum_column04, avg(CAST(column04 AS FLOAT)) as avg_column04, sum(CAST(column03 AS FLOAT)) as sum_column03, avg(CAST(column03 AS FLOAT)) as avg_column03 FROM query_table WHERE CAST(column05 AS FLOAT) > CAST(-74.01355 AS FLOAT) AND CAST(column05 AS FLOAT) < CAST(-73.96356 AS FLOAT) AND CAST(column06 AS FLOAT) > CAST(40.73983 AS FLOAT) AND CAST(column06 AS FLOAT) < CAST(40.764854 AS FLOAT) AND column12 >= 0.0 AND column12 <= 400.0 AND column04 <= 1000.0;",0.1,"{null={12=Stats{sum=719258380.8199767, avg=11.343753530451457}, 17=Stats{sum=869389011.7586664, avg=13.71153250968023}, 4=Stats{sum=154876575.6746938, avg=2.4426294485316116}, 3=Stats{sum=107157851.66240409, avg=1.6900355846047979}}}","{12=719258380.8199767, 17=869389011.7586664, 4=154876575.6746938, 3=107157851.66240409}"
/data-nonraid/maroulis/data/taxi_data/yellow_tripdata_2014_cleaned.csv,72,0.7284789085388184,"SELECT sum(CAST(column12 AS FLOAT)) as sum_column12, avg(CAST(column12 AS FLOAT)) as avg_column12, sum(CAST(column17 AS FLOAT)) as sum_column17, avg(CAST(column17 AS FLOAT)) as avg_column17, sum(CAST(column04 AS FLOAT)) as sum_column04, avg(CAST(column04 AS FLOAT)) as avg_column04, sum(CAST(column03 AS FLOAT)) as sum_column03, avg(CAST(column03 AS FLOAT)) as avg_column03 FROM query_table WHERE CAST(column05 AS FLOAT) > CAST(-74.01755 AS FLOAT) AND CAST(column05 AS FLOAT) < CAST(-73.96756 AS FLOAT) AND CAST(column06 AS FLOAT) > CAST(40.741833 AS FLOAT) AND CAST(column06 AS FLOAT) < CAST(40.766857 AS FLOAT) AND column12 >= 0.0 AND column12 <= 400.0 AND column04 <= 1000.0;",0.1,"{null={12=Stats{sum=702639646.7317487, avg=11.445393287550779}, 17=Stats{sum=849185735.7402326, avg=13.832502570746216}, 4=Stats{sum=150991530.1182322, avg=2.4595216813206755}, 3=Stats{sum=104674509.34579438, avg=1.705057396371785}}}","{12=702639646.7317487, 17=849185735.7402326, 4=150991530.1182322, 3=104674509.34579438}"
/data-nonraid/maroulis/data/taxi_data/yellow_tripdata_2014_cleaned.csv,73,0.676471471786499,"SELECT sum(CAST(column12 AS FLOAT)) as sum_column12, avg(CAST(column12 AS FLOAT)) as avg_column12, sum(CAST(column17 AS FLOAT)) as sum_column17, avg(CAST(column17 AS FLOAT)) as avg_column17, sum(CAST(column04 AS FLOAT)) as sum_column04, avg(CAST(column04 AS FLOAT)) as avg_column04, sum(CAST(column03 AS FLOAT)) as sum_column03, avg(CAST(column03 AS FLOAT)) as avg_column03 FROM query_table WHERE CAST(column05 AS FLOAT) > CAST(-74.01305 AS FLOAT) AND CAST(column05 AS FLOAT) < CAST(-73.96306 AS FLOAT) AND CAST(column06 AS FLOAT) > CAST(40.744083 AS FLOAT) AND CAST(column06 AS FLOAT) < CAST(40.769108 AS FLOAT) AND column12 >= 0.0 AND column12 <= 400.0 AND column04 <= 1000.0;",0.1,"{null={12=Stats{sum=702702029.6453155, avg=11.371844789799166}, 17=Stats{sum=847607425.9361969, avg=13.716852497626592}, 4=Stats{sum=150495663.19777632, avg=2.435475139138032}, 3=Stats{sum=104403964.2857143, avg=1.6895720052155578}}}","{12=702702029.6453155, 17=847607425.9361969, 4=150495663.19777632, 3=104403964.2857143}"
/data-nonraid/maroulis/data/taxi_data/yellow_tripdata_2014_cleaned.csv,74,0.7029440402984619,"SELECT sum(CAST(column12 AS FLOAT)) as sum_column12, avg(CAST(column12 AS FLOAT)) as avg_column12, sum(CAST(column17 AS FLOAT)) as sum_column17, avg(CAST(column17 AS FLOAT)) as avg_column17, sum(CAST(column04 AS FLOAT)) as sum_column04, avg(CAST(column04 AS FLOAT)) as avg_column04, sum(CAST(column03 AS FLOAT)) as sum_column03, avg(CAST(column03 AS FLOAT)) as avg_column03 FROM query_table WHERE CAST(column05 AS FLOAT) > CAST(-74.01305 AS FLOAT) AND CAST(column05 AS FLOAT) < CAST(-73.96306 AS FLOAT) AND CAST(column06 AS FLOAT) > CAST(40.74158 AS FLOAT) AND CAST(column06 AS FLOAT) < CAST(40.766605 AS FLOAT) AND column12 >= 0.0 AND column12 <= 400.0 AND column04 <= 1000.0;",0.1,"{null={12=Stats{sum=735879713.4322628, avg=11.363986477850196}, 17=Stats{sum=889718227.7842963, avg=13.739672021232135}, 4=Stats{sum=157868873.5974443, avg=2.4379252642625495}, 3=Stats{sum=110757146.28297362, avg=1.710391915567931}}}","{12=735879713.4322628, 17=889718227.7842963, 4=157868873.5974443, 3=110757146.28297362}"
/data-nonraid/maroulis/data/taxi_data/yellow_tripdata_2014_cleaned.csv,75,0.7889924049377441,"SELECT sum(CAST(column12 AS FLOAT)) as sum_column12, avg(CAST(column12 AS FLOAT)) as avg_column12, sum(CAST(column17 AS FLOAT)) as sum_column17, avg(CAST(column17 AS FLOAT)) as avg_column17, sum(CAST(column04 AS FLOAT)) as sum_column04, avg(CAST(column04 AS FLOAT)) as avg_column04, sum(CAST(column03 AS FLOAT)) as sum_column03, avg(CAST(column03 AS FLOAT)) as avg_column03 FROM query_table WHERE CAST(column05 AS FLOAT) > CAST(-74.007545 AS FLOAT) AND CAST(column05 AS FLOAT) < CAST(-73.95756 AS FLOAT) AND CAST(column06 AS FLOAT) > CAST(40.744335 AS FLOAT) AND CAST(column06 AS FLOAT) < CAST(40.76936 AS FLOAT) AND column12 >= 0.0 AND column12 <= 400.0 AND column04 <= 1000.0;",0.1,"{null={12=Stats{sum=713768060.5930042, avg=11.35623614415424}, 17=Stats{sum=861527029.1066681, avg=13.707119899675234}, 4=Stats{sum=153097590.5943518, avg=2.4358226262548834}, 3=Stats{sum=106575656.83646113, avg=1.695646517508325}}}","{12=713768060.5930042, 17=861527029.1066681, 4=153097590.5943518, 3=106575656.83646113}"
/data-nonraid/maroulis/data/taxi_data/yellow_tripdata_2014_cleaned.csv,76,0.7384476661682129,"SELECT sum(CAST(column12 AS FLOAT)) as sum_column12, avg(CAST(column12 AS FLOAT)) as avg_column12, sum(CAST(column17 AS FLOAT)) as sum_column17, avg(CAST(column17 AS FLOAT)) as avg_column17, sum(CAST(column04 AS FLOAT)) as sum_column04, avg(CAST(column04 AS FLOAT)) as avg_column04, sum(CAST(column03 AS FLOAT)) as sum_column03, avg(CAST(column03 AS FLOAT)) as avg_column03 FROM query_table WHERE CAST(column05 AS FLOAT) > CAST(-74.00255 AS FLOAT) AND CAST(column05 AS FLOAT) < CAST(-73.95256 AS FLOAT) AND CAST(column06 AS FLOAT) > CAST(40.741833 AS FLOAT) AND CAST(column06 AS FLOAT) < CAST(40.766857 AS FLOAT) AND column12 >= 0.0 AND column12 <= 400.0 AND column04 <= 1000.0;",0.1,"{null={12=Stats{sum=729941264.4016339, avg=11.349985794226939}, 17=Stats{sum=880536364.6930472, avg=13.691615638086873}, 4=Stats{sum=156485445.33256108, avg=2.433219860482611}, 3=Stats{sum=109863764.1723356, avg=1.708291096104138}}}","{12=729941264.4016339, 17=880536364.6930472, 4=156485445.33256108, 3=109863764.1723356}"
/data-nonraid/maroulis/data/taxi_data/yellow_tripdata_2014_cleaned.csv,77,0.7397773265838623,"SELECT sum(CAST(column12 AS FLOAT)) as sum_column12, avg(CAST(column12 AS FLOAT)) as avg_column12, sum(CAST(column17 AS FLOAT)) as sum_column17, avg(CAST(column17 AS FLOAT)) as avg_column17, sum(CAST(column04 AS FLOAT)) as sum_column04, avg(CAST(column04 AS FLOAT)) as avg_column04, sum(CAST(column03 AS FLOAT)) as sum_column03, avg(CAST(column03 AS FLOAT)) as avg_column03 FROM query_table WHERE CAST(column05 AS FLOAT) > CAST(-73.99855 AS FLOAT) AND CAST(column05 AS FLOAT) < CAST(-73.94856 AS FLOAT) AND CAST(column06 AS FLOAT) > CAST(40.741833 AS FLOAT) AND CAST(column06 AS FLOAT) < CAST(40.766857 AS FLOAT) AND column12 >= 0.0 AND column12 <= 400.0 AND column04 <= 1000.0;",0.1,"{null={12=Stats{sum=707776145.6787084, avg=11.346735422187265}, 17=Stats{sum=853500598.0737933, avg=13.682921539740809}, 4=Stats{sum=152280530.80148923, avg=2.441290093632377}, 3=Stats{sum=106326119.73392461, avg=1.7045705149214099}}}","{12=707776145.6787084, 17=853500598.0737933, 4=152280530.80148923, 3=106326119.73392461}"
/data-nonraid/maroulis/data/taxi_data/yellow_tripdata_2014_cleaned.csv,78,0.8575639724731445,"SELECT sum(CAST(column12 AS FLOAT)) as sum_column12, avg(CAST(column12 AS FLOAT)) as avg_column12, sum(CAST(column17 AS FLOAT)) as sum_column17, avg(CAST(column17 AS FLOAT)) as avg_column17, sum(CAST(column04 AS FLOAT)) as sum_column04, avg(CAST(column04 AS FLOAT)) as avg_column04, sum(CAST(column03 AS FLOAT)) as sum_column03, avg(CAST(column03 AS FLOAT)) as avg_column03 FROM query_table WHERE CAST(column05 AS FLOAT) > CAST(-73.99205 AS FLOAT) AND CAST(column05 AS FLOAT) < CAST(-73.94206 AS FLOAT) AND CAST(column06 AS FLOAT) > CAST(40.745087 AS FLOAT) AND CAST(column06 AS FLOAT) < CAST(40.77011 AS FLOAT) AND column12 >= 0.0 AND column12 <= 400.0 AND column04 <= 1000.0;",0.1,"{null={12=Stats{sum=645912717.7880552, avg=11.33042756621744}, 17=Stats{sum=777867372.2957354, avg=13.645140705857322}, 4=Stats{sum=138877170.9442994, avg=2.436146065329387}, 3=Stats{sum=96905698.72958258, avg=1.699893762688705}}}","{12=645912717.7880552, 17=777867372.2957354, 4=138877170.9442994, 3=96905698.72958258}"
/data-nonraid/maroulis/data/taxi_data/yellow_tripdata_2014_cleaned.csv,79,0.8519003391265869,"SELECT sum(CAST(column12 AS FLOAT)) as sum_column12, avg(CAST(column12 AS FLOAT)) as avg_column12, sum(CAST(column17 AS FLOAT)) as sum_column17, avg(CAST(column17 AS FLOAT)) as avg_column17, sum(CAST(column04 AS FLOAT)) as sum_column04, avg(CAST(column04 AS FLOAT)) as avg_column04, sum(CAST(column03 AS FLOAT)) as sum_column03, avg(CAST(column03 AS FLOAT)) as avg_column03 FROM query_table WHERE CAST(column05 AS FLOAT) > CAST(-73.98805 AS FLOAT) AND CAST(column05 AS FLOAT) < CAST(-73.938065 AS FLOAT) AND CAST(column06 AS FLOAT) > CAST(40.74709 AS FLOAT) AND CAST(column06 AS FLOAT) < CAST(40.772114 AS FLOAT) AND column12 >= 0.0 AND column12 <= 400.0 AND column04 <= 1000.0;",0.1,"{null={12=Stats{sum=550793876.7170663, avg=11.291849394512065}, 17=Stats{sum=663680885.1537639, avg=13.606150899572182}, 4=Stats{sum=118791307.88187744, avg=2.4353458066279763}, 3=Stats{sum=82953326.4033264, avg=1.7006297784267643}}}","{12=550793876.7170663, 17=663680885.1537639, 4=118791307.88187744, 3=82953326.4033264}"
/data-nonraid/maroulis/data/taxi_data/yellow_tripdata_2014_cleaned.csv,80,0.7935385704040527,"SELECT sum(CAST(column12 AS FLOAT)) as sum_column12, avg(CAST(column12 AS FLOAT)) as avg_column12, sum(CAST(column17 AS FLOAT)) as sum_column17, avg(CAST(column17 AS FLOAT)) as avg_column17, sum(CAST(column04 AS FLOAT)) as sum_column04, avg(CAST(column04 AS FLOAT)) as avg_column04, sum(CAST(column03 AS FLOAT)) as sum_column03, avg(CAST(column03 AS FLOAT)) as avg_column03 FROM query_table WHERE CAST(column05 AS FLOAT) > CAST(-73.98155 AS FLOAT) AND CAST(column05 AS FLOAT) < CAST(-73.931564 AS FLOAT) AND CAST(column06 AS FLOAT) > CAST(40.74709 AS FLOAT) AND CAST(column06 AS FLOAT) < CAST(40.772114 AS FLOAT) AND column12 >= 0.0 AND column12 <= 400.0 AND column04 <= 1000.0;",0.1,"{null={12=Stats{sum=394338441.81519014, avg=11.15103288138418}, 17=Stats{sum=475999592.2307704, avg=13.460232484710092}, 4=Stats{sum=84474711.57696305, avg=2.3887609894285338}, 3=Stats{sum=59443853.904282115, avg=1.680942812553644}}}","{12=394338441.81519014, 17=475999592.2307704, 4=84474711.57696305, 3=59443853.904282115}"
/data-nonraid/maroulis/data/taxi_data/yellow_tripdata_2014_cleaned.csv,81,0.8209590911865234,"SELECT sum(CAST(column12 AS FLOAT)) as sum_column12, avg(CAST(column12 AS FLOAT)) as avg_column12, sum(CAST(column17 AS FLOAT)) as sum_column17, avg(CAST(column17 AS FLOAT)) as avg_column17, sum(CAST(column04 AS FLOAT)) as sum_column04, avg(CAST(column04 AS FLOAT)) as avg_column04, sum(CAST(column03 AS FLOAT)) as sum_column03, avg(CAST(column03 AS FLOAT)) as avg_column03 FROM query_table WHERE CAST(column05 AS FLOAT) > CAST(-73.98155 AS FLOAT) AND CAST(column05 AS FLOAT) < CAST(-73.931564 AS FLOAT) AND CAST(column06 AS FLOAT) > CAST(40.744587 AS FLOAT) AND CAST(column06 AS FLOAT) < CAST(40.76961 AS FLOAT) AND column12 >= 0.0 AND column12 <= 400.0 AND column04 <= 1000.0;",0.1,"{null={12=Stats{sum=392634152.126943, avg=11.198088041126127}, 17=Stats{sum=474621938.0427468, avg=13.536413528118755}, 4=Stats{sum=84129354.51764716, avg=2.3994039072463}, 3=Stats{sum=58920258.78003696, avg=1.6804300941489925}}}","{12=392634152.126943, 17=474621938.0427468, 4=84129354.51764716, 3=58920258.78003696}"
/data-nonraid/maroulis/data/taxi_data/yellow_tripdata_2014_cleaned.csv,82,0.6873013973236084,"SELECT sum(CAST(column12 AS FLOAT)) as sum_column12, avg(CAST(column12 AS FLOAT)) as avg_column12, sum(CAST(column17 AS FLOAT)) as sum_column17, avg(CAST(column17 AS FLOAT)) as avg_column17, sum(CAST(column04 AS FLOAT)) as sum_column04, avg(CAST(column04 AS FLOAT)) as avg_column04, sum(CAST(column03 AS FLOAT)) as sum_column03, avg(CAST(column03 AS FLOAT)) as avg_column03 FROM query_table WHERE CAST(column05 AS FLOAT) > CAST(-73.98855 AS FLOAT) AND CAST(column05 AS FLOAT) < CAST(-73.93856 AS FLOAT) AND CAST(column06 AS FLOAT) > CAST(40.741085 AS FLOAT) AND CAST(column06 AS FLOAT) < CAST(40.76611 AS FLOAT) AND column12 >= 0.0 AND column12 <= 400.0 AND column04 <= 1000.0;",0.1,"{null={12=Stats{sum=538280690.1924462, avg=11.37453799429368}, 17=Stats{sum=651911252.1385462, avg=13.77569257352773}, 4=Stats{sum=116453051.65391769, avg=2.4607972842484096}, 3=Stats{sum=80646578.94736843, avg=1.7041621463677017}}}","{12=538280690.1924462, 17=651911252.1385462, 4=116453051.65391769, 3=80646578.94736843}"
/data-nonraid/maroulis/data/taxi_data/yellow_tripdata_2014_cleaned.csv,83,0.810171365737915,"SELECT sum(CAST(column12 AS FLOAT)) as sum_column12, avg(CAST(column12 AS FLOAT)) as avg_column12, sum(CAST(column17 AS FLOAT)) as sum_column17, avg(CAST(column17 AS FLOAT)) as avg_column17, sum(CAST(column04 AS FLOAT)) as sum_column04, avg(CAST(column04 AS FLOAT)) as avg_column04, sum(CAST(column03 AS FLOAT)) as sum_column03, avg(CAST(column03 AS FLOAT)) as avg_column03 FROM query_table WHERE CAST(column05 AS FLOAT) > CAST(-73.98355 AS FLOAT) AND CAST(column05 AS FLOAT) < CAST(-73.93356 AS FLOAT) AND CAST(column06 AS FLOAT) > CAST(40.738583 AS FLOAT) AND CAST(column06 AS FLOAT) < CAST(40.763607 AS FLOAT) AND column12 >= 0.0 AND column12 <= 400.0 AND column04 <= 1000.0;",0.1,"{null={12=Stats{sum=359516371.95007193, avg=11.307046219124835}, 17=Stats{sum=435932271.34209883, avg=13.710380736590524}, 4=Stats{sum=77667592.49783382, avg=2.442701158052184}, 3=Stats{sum=53529957.17344754, avg=1.683555317898015}}}","{12=359516371.95007193, 17=435932271.34209883, 4=77667592.49783382, 3=53529957.17344754}"
/data-nonraid/maroulis/data/taxi_data/yellow_tripdata_2014_cleaned.csv,84,0.6206586360931396,"SELECT sum(CAST(column12 AS FLOAT)) as sum_column12, avg(CAST(column12 AS FLOAT)) as avg_column12, sum(CAST(column17 AS FLOAT)) as sum_column17, avg(CAST(column17 AS FLOAT)) as avg_column17, sum(CAST(column04 AS FLOAT)) as sum_column04, avg(CAST(column04 AS FLOAT)) as avg_column04, sum(CAST(column03 AS FLOAT)) as sum_column03, avg(CAST(column03 AS FLOAT)) as avg_column03 FROM query_table WHERE CAST(column05 AS FLOAT) > CAST(-73.98955 AS FLOAT) AND CAST(column05 AS FLOAT) < CAST(-73.93956 AS FLOAT) AND CAST(column06 AS FLOAT) > CAST(40.741585 AS FLOAT) AND CAST(column06 AS FLOAT) < CAST(40.76661 AS FLOAT) AND column12 >= 0.0 AND column12 <= 400.0 AND column04 <= 1000.0;",0.1,"{null={12=Stats{sum=537958055.5579315, avg=11.35057059026502}, 17=Stats{sum=650348958.2200975, avg=13.72194668769599}, 4=Stats{sum=116430400.70208463, avg=2.456606920127323}, 3=Stats{sum=79922401.43369175, avg=1.6863115067136045}}}","{12=537958055.5579315, 17=650348958.2200975, 4=116430400.70208463, 3=79922401.43369175}"
/data-nonraid/maroulis/data/taxi_data/yellow_tripdata_2014_cleaned.csv,85,0.580040693283081,"SELECT sum(CAST(column12 AS FLOAT)) as sum_column12, avg(CAST(column12 AS FLOAT)) as avg_column12, sum(CAST(column17 AS FLOAT)) as sum_column17, avg(CAST(column17 AS FLOAT)) as avg_column17, sum(CAST(column04 AS FLOAT)) as sum_column04, avg(CAST(column04 AS FLOAT)) as avg_column04, sum(CAST(column03 AS FLOAT)) as sum_column03, avg(CAST(column03 AS FLOAT)) as avg_column03 FROM query_table WHERE CAST(column05 AS FLOAT) > CAST(-73.996544 AS FLOAT) AND CAST(column05 AS FLOAT) < CAST(-73.946556 AS FLOAT) AND CAST(column06 AS FLOAT) > CAST(40.738083 AS FLOAT) AND CAST(column06 AS FLOAT) < CAST(40.763107 AS FLOAT) AND column12 >= 0.0 AND column12 <= 400.0 AND column04 <= 1000.0;",0.1,"{null={12=Stats{sum=603109138.9081327, avg=11.361349800470755}, 17=Stats{sum=729553693.0067706, avg=13.743308084306344}, 4=Stats{sum=129610498.7649961, avg=2.4415982436421126}, 3=Stats{sum=90416838.90577509, avg=1.703269389220446}}}","{12=603109138.9081327, 17=729553693.0067706, 4=129610498.7649961, 3=90416838.90577509}"
/data-nonraid/maroulis/data/taxi_data/yellow_tripdata_2014_cleaned.csv,86,0.4891958236694336,"SELECT sum(CAST(column12 AS FLOAT)) as sum_column12, avg(CAST(column12 AS FLOAT)) as avg_column12, sum(CAST(column17 AS FLOAT)) as sum_column17, avg(CAST(column17 AS FLOAT)) as avg_column17, sum(CAST(column04 AS FLOAT)) as sum_column04, avg(CAST(column04 AS FLOAT)) as avg_column04, sum(CAST(column03 AS FLOAT)) as sum_column03, avg(CAST(column03 AS FLOAT)) as avg_column03 FROM query_table WHERE CAST(column05 AS FLOAT) > CAST(-74.00404 AS FLOAT) AND CAST(column05 AS FLOAT) < CAST(-73.954056 AS FLOAT) AND CAST(column06 AS FLOAT) > CAST(40.738083 AS FLOAT) AND CAST(column06 AS FLOAT) < CAST(40.763107 AS FLOAT) AND column12 >= 0.0 AND column12 <= 400.0 AND column04 <= 1000.0;",0.1,"{null={12=Stats{sum=671406132.6947947, avg=11.29804196636627}, 17=Stats{sum=812529511.9192876, avg=13.672786228105876}, 4=Stats{sum=144464085.36303052, avg=2.430959771715669}, 3=Stats{sum=100455192.30769232, avg=1.6904030558619012}}}","{12=671406132.6947947, 17=812529511.9192876, 4=144464085.36303052, 3=100455192.30769232}"
/data-nonraid/maroulis/data/taxi_data/yellow_tripdata_2014_cleaned.csv,87,0.7323799133300781,"SELECT sum(CAST(column12 AS FLOAT)) as sum_column12, avg(CAST(column12 AS FLOAT)) as avg_column12, sum(CAST(column17 AS FLOAT)) as sum_column17, avg(CAST(column17 AS FLOAT)) as avg_column17, sum(CAST(column04 AS FLOAT)) as sum_column04, avg(CAST(column04 AS FLOAT)) as avg_column04, sum(CAST(column03 AS FLOAT)) as sum_column03, avg(CAST(column03 AS FLOAT)) as avg_column03 FROM query_table WHERE CAST(column05 AS FLOAT) > CAST(-74.01154 AS FLOAT) AND CAST(column05 AS FLOAT) < CAST(-73.961555 AS FLOAT) AND CAST(column06 AS FLOAT) > CAST(40.741837 AS FLOAT) AND CAST(column06 AS FLOAT) < CAST(40.76686 AS FLOAT) AND column12 >= 0.0 AND column12 <= 400.0 AND column04 <= 1000.0;",0.1,"{null={12=Stats{sum=729773169.8441238, avg=11.333625436416943}, 17=Stats{sum=881591715.9291842, avg=13.69141907248197}, 4=Stats{sum=156835553.49270886, avg=2.4357094667911188}, 3=Stats{sum=109416938.7755102, avg=1.6992822588228003}}}","{12=729773169.8441238, 17=881591715.9291842, 4=156835553.49270886, 3=109416938.7755102}"
/data-nonraid/maroulis/data/taxi_data/yellow_tripdata_2014_cleaned.csv,88,0.5613601207733154,"SELECT sum(CAST(column12 AS FLOAT)) as sum_column12, avg(CAST(column12 AS FLOAT)) as avg_column12, sum(CAST(column17 AS FLOAT)) as sum_column17, avg(CAST(column17 AS FLOAT)) as avg_column17, sum(CAST(column04 AS FLOAT)) as sum_column04, avg(CAST(column04 AS FLOAT)) as avg_column04, sum(CAST(column03 AS FLOAT)) as sum_column03, avg(CAST(column03 AS FLOAT)) as avg_column03 FROM query_table WHERE CAST(column05 AS FLOAT) > CAST(-74.01154 AS FLOAT) AND CAST(column05 AS FLOAT) < CAST(-73.961555 AS FLOAT) AND CAST(column06 AS FLOAT) > CAST(40.738583 AS FLOAT) AND CAST(column06 AS FLOAT) < CAST(40.763607 AS FLOAT) AND column12 >= 0.0 AND column12 <= 400.0 AND column04 <= 1000.0;",0.1,"{null={12=Stats{sum=768397825.7960554, avg=11.352630291929941}, 17=Stats{sum=929485191.0468605, avg=13.73260228169824}, 4=Stats{sum=165702860.29107195, avg=2.4481632405075913}, 3=Stats{sum=115245436.50793651, avg=1.702684195066869}}}","{12=768397825.7960554, 17=929485191.0468605, 4=165702860.29107195, 3=115245436.50793651}"
/data-nonraid/maroulis/data/taxi_data/yellow_tripdata_2014_cleaned.csv,89,0.6558740139007568,"SELECT sum(CAST(column12 AS FLOAT)) as sum_column12, avg(CAST(column12 AS FLOAT)) as avg_column12, sum(CAST(column17 AS FLOAT)) as sum_column17, avg(CAST(column17 AS FLOAT)) as avg_column17, sum(CAST(column04 AS FLOAT)) as sum_column04, avg(CAST(column04 AS FLOAT)) as avg_column04, sum(CAST(column03 AS FLOAT)) as sum_column03, avg(CAST(column03 AS FLOAT)) as avg_column03 FROM query_table WHERE CAST(column05 AS FLOAT) > CAST(-74.00455 AS FLOAT) AND CAST(column05 AS FLOAT) < CAST(-73.95456 AS FLOAT) AND CAST(column06 AS FLOAT) > CAST(40.738583 AS FLOAT) AND CAST(column06 AS FLOAT) < CAST(40.763607 AS FLOAT) AND column12 >= 0.0 AND column12 <= 400.0 AND column04 <= 1000.0;",0.1,"{null={12=Stats{sum=732931126.2000785, avg=11.28585568071874}, 17=Stats{sum=885366910.2626654, avg=13.633099777755394}, 4=Stats{sum=157323158.56589815, avg=2.4225011045920106}, 3=Stats{sum=110280647.88732396, avg=1.6981288308565288}}}","{12=732931126.2000785, 17=885366910.2626654, 4=157323158.56589815, 3=110280647.88732396}"
/data-nonraid/maroulis/data/taxi_data/yellow_tripdata_2014_cleaned.csv,90,0.7367353439331055,"SELECT sum(CAST(column12 AS FLOAT)) as sum_column12, avg(CAST(column12 AS FLOAT)) as avg_column12, sum(CAST(column17 AS FLOAT)) as sum_column17, avg(CAST(column17 AS FLOAT)) as avg_column17, sum(CAST(column04 AS FLOAT)) as sum_column04, avg(CAST(column04 AS FLOAT)) as avg_column04, sum(CAST(column03 AS FLOAT)) as sum_column03, avg(CAST(column03 AS FLOAT)) as avg_column03 FROM query_table WHERE CAST(column05 AS FLOAT) > CAST(-74.00455 AS FLOAT) AND CAST(column05 AS FLOAT) < CAST(-73.95456 AS FLOAT) AND CAST(column06 AS FLOAT) > CAST(40.741585 AS FLOAT) AND CAST(column06 AS FLOAT) < CAST(40.76661 AS FLOAT) AND column12 >= 0.0 AND column12 <= 400.0 AND column04 <= 1000.0;",0.1,"{null={12=Stats{sum=754210447.3015969, avg=11.321716465136525}, 17=Stats{sum=910662910.3679069, avg=13.670279036029537}, 4=Stats{sum=162123871.90115148, avg=2.4336980698981967}, 3=Stats{sum=113686436.2850972, avg=1.7065868049915491}}}","{12=754210447.3015969, 17=910662910.3679069, 4=162123871.90115148, 3=113686436.2850972}"
/data-nonraid/maroulis/data/taxi_data/yellow_tripdata_2014_cleaned.csv,91,0.6114890575408936,"SELECT sum(CAST(column12 AS FLOAT)) as sum_column12, avg(CAST(column12 AS FLOAT)) as avg_column12, sum(CAST(column17 AS FLOAT)) as sum_column17, avg(CAST(column17 AS FLOAT)) as avg_column17, sum(CAST(column04 AS FLOAT)) as sum_column04, avg(CAST(column04 AS FLOAT)) as avg_column04, sum(CAST(column03 AS FLOAT)) as sum_column03, avg(CAST(column03 AS FLOAT)) as avg_column03 FROM query_table WHERE CAST(column05 AS FLOAT) > CAST(-73.99855 AS FLOAT) AND CAST(column05 AS FLOAT) < CAST(-73.94856 AS FLOAT) AND CAST(column06 AS FLOAT) > CAST(40.744587 AS FLOAT) AND CAST(column06 AS FLOAT) < CAST(40.76961 AS FLOAT) AND column12 >= 0.0 AND column12 <= 400.0 AND column04 <= 1000.0;",0.1,"{null={12=Stats{sum=713335408.6692731, avg=11.365558453629024}, 17=Stats{sum=860659771.0270485, avg=13.712874501131216}, 4=Stats{sum=153106706.9801056, avg=2.4394460259182673}, 3=Stats{sum=105887966.66666667, avg=1.6871108037816396}}}","{12=713335408.6692731, 17=860659771.0270485, 4=153106706.9801056, 3=105887966.66666667}"
/data-nonraid/maroulis/data/taxi_data/yellow_tripdata_2014_cleaned.csv,92,0.416170597076416,"SELECT sum(CAST(column12 AS FLOAT)) as sum_column12, avg(CAST(column12 AS FLOAT)) as avg_column12, sum(CAST(column17 AS FLOAT)) as sum_column17, avg(CAST(column17 AS FLOAT)) as avg_column17, sum(CAST(column04 AS FLOAT)) as sum_column04, avg(CAST(column04 AS FLOAT)) as avg_column04, sum(CAST(column03 AS FLOAT)) as sum_column03, avg(CAST(column03 AS FLOAT)) as avg_column03 FROM query_table WHERE CAST(column05 AS FLOAT) > CAST(-73.99455 AS FLOAT) AND CAST(column05 AS FLOAT) < CAST(-73.944565 AS FLOAT) AND CAST(column06 AS FLOAT) > CAST(40.744587 AS FLOAT) AND CAST(column06 AS FLOAT) < CAST(40.76961 AS FLOAT) AND column12 >= 0.0 AND column12 <= 400.0 AND column04 <= 1000.0;",0.1,"{null={12=Stats{sum=666303191.9516252, avg=11.379651585511075}, 17=Stats{sum=803286728.6038604, avg=13.719164496274223}, 4=Stats{sum=143514491.08141088, avg=2.451053703036983}, 3=Stats{sum=99700720.33898306, avg=1.7027675598535565}}}","{12=666303191.9516252, 17=803286728.6038604, 4=143514491.08141088, 3=99700720.33898306}"
/data-nonraid/maroulis/data/taxi_data/yellow_tripdata_2014_cleaned.csv,93,0.5586056709289551,"SELECT sum(CAST(column12 AS FLOAT)) as sum_column12, avg(CAST(column12 AS FLOAT)) as avg_column12, sum(CAST(column17 AS FLOAT)) as sum_column17, avg(CAST(column17 AS FLOAT)) as avg_column17, sum(CAST(column04 AS FLOAT)) as sum_column04, avg(CAST(column04 AS FLOAT)) as avg_column04, sum(CAST(column03 AS FLOAT)) as sum_column03, avg(CAST(column03 AS FLOAT)) as avg_column03 FROM query_table WHERE CAST(column05 AS FLOAT) > CAST(-73.99455 AS FLOAT) AND CAST(column05 AS FLOAT) < CAST(-73.944565 AS FLOAT) AND CAST(column06 AS FLOAT) > CAST(40.746838 AS FLOAT) AND CAST(column06 AS FLOAT) < CAST(40.771862 AS FLOAT) AND column12 >= 0.0 AND column12 <= 400.0 AND column04 <= 1000.0;",0.1,"{null={12=Stats{sum=690699574.8421948, avg=11.332214801419413}, 17=Stats{sum=830322587.3143809, avg=13.622990742489842}, 4=Stats{sum=148553218.7645519, avg=2.4372926317013714}, 3=Stats{sum=103448885.35031846, avg=1.6972719145296375}}}","{12=690699574.8421948, 17=830322587.3143809, 4=148553218.7645519, 3=103448885.35031846}"
/data-nonraid/maroulis/data/taxi_data/yellow_tripdata_2014_cleaned.csv,94,0.5705945491790771,"SELECT sum(CAST(column12 AS FLOAT)) as sum_column12, avg(CAST(column12 AS FLOAT)) as avg_column12, sum(CAST(column17 AS FLOAT)) as sum_column17, avg(CAST(column17 AS FLOAT)) as avg_column17, sum(CAST(column04 AS FLOAT)) as sum_column04, avg(CAST(column04 AS FLOAT)) as avg_column04, sum(CAST(column03 AS FLOAT)) as sum_column03, avg(CAST(column03 AS FLOAT)) as avg_column03 FROM query_table WHERE CAST(column05 AS FLOAT) > CAST(-73.99955 AS FLOAT) AND CAST(column05 AS FLOAT) < CAST(-73.94956 AS FLOAT) AND CAST(column06 AS FLOAT) > CAST(40.74934 AS FLOAT) AND CAST(column06 AS FLOAT) < CAST(40.774364 AS FLOAT) AND column12 >= 0.0 AND column12 <= 400.0 AND column04 <= 1000.0;",0.1,"{null={12=Stats{sum=719444583.6976625, avg=11.314617783456253}, 17=Stats{sum=863506863.9148383, avg=13.580267806551719}, 4=Stats{sum=154405876.33722582, avg=2.4283225058088638}, 3=Stats{sum=107657255.43478261, avg=1.6931126100080216}}}","{12=719444583.6976625, 17=863506863.9148383, 4=154405876.33722582, 3=107657255.43478261}"
/data-nonraid/maroulis/data/taxi_data/yellow_tripdata_2014_cleaned.csv,95,0.704007625579834,"SELECT sum(CAST(column12 AS FLOAT)) as sum_column12, avg(CAST(column12 AS FLOAT)) as avg_column12, sum(CAST(column17 AS FLOAT)) as sum_column17, avg(CAST(column17 AS FLOAT)) as avg_column17, sum(CAST(column04 AS FLOAT)) as sum_column04, avg(CAST(column04 AS FLOAT)) as avg_column04, sum(CAST(column03 AS FLOAT)) as sum_column03, avg(CAST(column03 AS FLOAT)) as avg_column03 FROM query_table WHERE CAST(column05 AS FLOAT) > CAST(-73.99955 AS FLOAT) AND CAST(column05 AS FLOAT) < CAST(-73.94956 AS FLOAT) AND CAST(column06 AS FLOAT) > CAST(40.75159 AS FLOAT) AND CAST(column06 AS FLOAT) < CAST(40.776615 AS FLOAT) AND column12 >= 0.0 AND column12 <= 400.0 AND column04 <= 1000.0;",0.1,"{null={12=Stats{sum=656218172.768653, avg=11.272183996817926}, 17=Stats{sum=788580949.8799496, avg=13.54584486121209}, 4=Stats{sum=141023037.23615885, avg=2.4224224343090666}, 3=Stats{sum=98006797.3856209, avg=1.6835112145835804}}}","{12=656218172.768653, 17=788580949.8799496, 4=141023037.23615885, 3=98006797.3856209}"
/data-nonraid/maroulis/data/taxi_data/yellow_tripdata_2014_cleaned.csv,96,0.6041524410247803,"SELECT sum(CAST(column12 AS FLOAT)) as sum_column12, avg(CAST(column12 AS FLOAT)) as avg_column12, sum(CAST(column17 AS FLOAT)) as sum_column17, avg(CAST(column17 AS FLOAT)) as avg_column17, sum(CAST(column04 AS FLOAT)) as sum_column04, avg(CAST(column04 AS FLOAT)) as avg_column04, sum(CAST(column03 AS FLOAT)) as sum_column03, avg(CAST(column03 AS FLOAT)) as avg_column03 FROM query_table WHERE CAST(column05 AS FLOAT) > CAST(-73.99505 AS FLOAT) AND CAST(column05 AS FLOAT) < CAST(-73.94506 AS FLOAT) AND CAST(column06 AS FLOAT) > CAST(40.75384 AS FLOAT) AND CAST(column06 AS FLOAT) < CAST(40.778866 AS FLOAT) AND column12 >= 0.0 AND column12 <= 400.0 AND column04 <= 1000.0;",0.1,"{null={12=Stats{sum=608887899.0313673, avg=11.187491221273264}, 17=Stats{sum=731659591.3413891, avg=13.443254937589908}, 4=Stats{sum=130953059.93081635, avg=2.4060852756402165}, 3=Stats{sum=92146262.13592233, avg=1.6930628780087962}}}","{12=608887899.0313673, 17=731659591.3413891, 4=130953059.93081635, 3=92146262.13592233}"
/data-nonraid/maroulis/data/taxi_data/yellow_tripdata_2014_cleaned.csv,97,0.7733249664306641,"SELECT sum(CAST(column12 AS FLOAT)) as sum_column12, avg(CAST(column12 AS FLOAT)) as avg_column12, sum(CAST(column17 AS FLOAT)) as sum_column17, avg(CAST(column17 AS FLOAT)) as avg_column17, sum(CAST(column04 AS FLOAT)) as sum_column04, avg(CAST(column04 AS FLOAT)) as avg_column04, sum(CAST(column03 AS FLOAT)) as sum_column03, avg(CAST(column03 AS FLOAT)) as avg_column03 FROM query_table WHERE CAST(column05 AS FLOAT) > CAST(-73.98805 AS FLOAT) AND CAST(column05 AS FLOAT) < CAST(-73.938065 AS FLOAT) AND CAST(column06 AS FLOAT) > CAST(40.75384 AS FLOAT) AND CAST(column06 AS FLOAT) < CAST(40.778866 AS FLOAT) AND column12 >= 0.0 AND column12 <= 400.0 AND column04 <= 1000.0;",0.1,"{null={12=Stats{sum=541633968.4627514, avg=11.150860598858378}, 17=Stats{sum=649698584.0653685, avg=13.375635141108802}, 4=Stats{sum=115992574.02023242, avg=2.387990965694617}, 3=Stats{sum=82177980.76923077, avg=1.6918348205784202}}}","{12=541633968.4627514, 17=649698584.0653685, 4=115992574.02023242, 3=82177980.76923077}"
/data-nonraid/maroulis/data/taxi_data/yellow_tripdata_2014_cleaned.csv,98,0.6193664073944092,"SELECT sum(CAST(column12 AS FLOAT)) as sum_column12, avg(CAST(column12 AS FLOAT)) as avg_column12, sum(CAST(column17 AS FLOAT)) as sum_column17, avg(CAST(column17 AS FLOAT)) as avg_column17, sum(CAST(column04 AS FLOAT)) as sum_column04, avg(CAST(column04 AS FLOAT)) as avg_column04, sum(CAST(column03 AS FLOAT)) as sum_column03, avg(CAST(column03 AS FLOAT)) as avg_column03 FROM query_table WHERE CAST(column05 AS FLOAT) > CAST(-73.98805 AS FLOAT) AND CAST(column05 AS FLOAT) < CAST(-73.938065 AS FLOAT) AND CAST(column06 AS FLOAT) > CAST(40.75184 AS FLOAT) AND CAST(column06 AS FLOAT) < CAST(40.776863 AS FLOAT) AND column12 >= 0.0 AND column12 <= 400.0 AND column04 <= 1000.0;",0.1,"{null={12=Stats{sum=547002160.0472735, avg=11.196587269344121}, 17=Stats{sum=659515568.8693618, avg=13.499624245905661}, 4=Stats{sum=117528327.92566594, avg=2.4056873561999965}, 3=Stats{sum=82383972.28637414, avg=1.6863175370640173}}}","{12=547002160.0472735, 17=659515568.8693618, 4=117528327.92566594, 3=82383972.28637414}"
/data-nonraid/maroulis/data/taxi_data/yellow_tripdata_2014_cleaned.csv,99,0.6543197631835938,"SELECT sum(CAST(column12 AS FLOAT)) as sum_column12, avg(CAST(column12 AS FLOAT)) as avg_column12, sum(CAST(column17 AS FLOAT)) as sum_column17, avg(CAST(column17 AS FLOAT)) as avg_column17, sum(CAST(column04 AS FLOAT)) as sum_column04, avg(CAST(column04 AS FLOAT)) as avg_column04, sum(CAST(column03 AS FLOAT)) as sum_column03, avg(CAST(column03 AS FLOAT)) as avg_column03 FROM query_table WHERE CAST(column05 AS FLOAT) > CAST(-73.99205 AS FLOAT) AND CAST(column05 AS FLOAT) < CAST(-73.94206 AS FLOAT) AND CAST(column06 AS FLOAT) > CAST(40.75384 AS FLOAT) AND CAST(column06 AS FLOAT) < CAST(40.778866 AS FLOAT) AND column12 >= 0.0 AND column12 <= 400.0 AND column04 <= 1000.0;",0.1,"{null={12=Stats{sum=604549637.7120596, avg=11.217430623310085}, 17=Stats{sum=726299290.4298714, avg=13.4764978654025}, 4=Stats{sum=130039542.07183234, avg=2.4128863049167184}, 3=Stats{sum=91339629.62962963, avg=1.694808655260848}}}","{12=604549637.7120596, 17=726299290.4298714, 4=130039542.07183234, 3=91339629.62962963}"
