csv,i,Time (sec),Query,errorBound,Query Result,Query Result Sum
/data-nonraid/maroulis/data/taxi_data/yellow_tripdata_2014_cleaned.csv,0,422.0307035446167,"SELECT sum(CAST(column12 AS FLOAT)) as sum_column12, avg(CAST(column12 AS FLOAT)) as avg_column12, sum(CAST(column17 AS FLOAT)) as sum_column17, avg(CAST(column17 AS FLOAT)) as avg_column17, sum(CAST(column04 AS FLOAT)) as sum_column04, avg(CAST(column04 AS FLOAT)) as avg_column04, sum(CAST(column03 AS FLOAT)) as sum_column03, avg(CAST(column03 AS FLOAT)) as avg_column03 FROM query_table WHERE CAST(column05 AS FLOAT) > CAST(-73.99 AS FLOAT) AND CAST(column05 AS FLOAT) < CAST(-73.94 AS FLOAT) AND CAST(column06 AS FLOAT) > CAST(40.745 AS FLOAT) AND CAST(column06 AS FLOAT) < CAST(40.77 AS FLOAT) AND column12 >= 0.0 AND column12 <= 400.0 AND column04 <= 1000.0;",0.1,"{null={12=Stats{sum=579414695.8699309, avg=11.364184681959836}, 17=Stats{sum=699072391.4080812, avg=13.711056724395082}, 4=Stats{sum=125069390.06485854, avg=2.4530127676916678}, 3=Stats{sum=86429752.0661157, avg=1.6951652615932737}}}","{12=579414695.8699309, 17=699072391.4080812, 4=125069390.06485854, 3=86429752.0661157}"
/data-nonraid/maroulis/data/taxi_data/yellow_tripdata_2014_cleaned.csv,1,1.2358179092407227,"SELECT sum(CAST(column12 AS FLOAT)) as sum_column12, avg(CAST(column12 AS FLOAT)) as avg_column12, sum(CAST(column17 AS FLOAT)) as sum_column17, avg(CAST(column17 AS FLOAT)) as avg_column17, sum(CAST(column04 AS FLOAT)) as sum_column04, avg(CAST(column04 AS FLOAT)) as avg_column04, sum(CAST(column03 AS FLOAT)) as sum_column03, avg(CAST(column03 AS FLOAT)) as avg_column03 FROM query_table WHERE CAST(column05 AS FLOAT) > CAST(-73.9965 AS FLOAT) AND CAST(column05 AS FLOAT) < CAST(-73.9465 AS FLOAT) AND CAST(column06 AS FLOAT) > CAST(40.74825 AS FLOAT) AND CAST(column06 AS FLOAT) < CAST(40.77325 AS FLOAT) AND column12 >= 0.0 AND column12 <= 400.0 AND column04 <= 1000.0;",0.1,"{null={12=Stats{sum=682822702.2832972, avg=11.320525932948119}, 17=Stats{sum=821557815.1737057, avg=13.620617066465739}, 4=Stats{sum=146278264.99882802, avg=2.4251491445854882}, 3=Stats{sum=102631254.75285171, avg=1.7015248278587922}}}","{12=682822702.2832972, 17=821557815.1737057, 4=146278264.99882802, 3=102631254.75285171}"
/data-nonraid/maroulis/data/taxi_data/yellow_tripdata_2014_cleaned.csv,2,1.0035920143127441,"SELECT sum(CAST(column12 AS FLOAT)) as sum_column12, avg(CAST(column12 AS FLOAT)) as avg_column12, sum(CAST(column17 AS FLOAT)) as sum_column17, avg(CAST(column17 AS FLOAT)) as avg_column17, sum(CAST(column04 AS FLOAT)) as sum_column04, avg(CAST(column04 AS FLOAT)) as avg_column04, sum(CAST(column03 AS FLOAT)) as sum_column03, avg(CAST(column03 AS FLOAT)) as avg_column03 FROM query_table WHERE CAST(column05 AS FLOAT) > CAST(-73.9895 AS FLOAT) AND CAST(column05 AS FLOAT) < CAST(-73.93951 AS FLOAT) AND CAST(column06 AS FLOAT) > CAST(40.75175 AS FLOAT) AND CAST(column06 AS FLOAT) < CAST(40.776752 AS FLOAT) AND column12 >= 0.0 AND column12 <= 400.0 AND column04 <= 1000.0;",0.1,"{null={12=Stats{sum=589794146.9652932, avg=11.216381979803577}, 17=Stats{sum=709719961.4698297, avg=13.497065421040075}, 4=Stats{sum=126524862.32134093, avg=2.4061805174572677}, 3=Stats{sum=88680364.37246962, avg=1.6864745878332963}}}","{12=589794146.9652932, 17=709719961.4698297, 4=126524862.32134093, 3=88680364.37246962}"
/data-nonraid/maroulis/data/taxi_data/yellow_tripdata_2014_cleaned.csv,3,1.107255458831787,"SELECT sum(CAST(column12 AS FLOAT)) as sum_column12, avg(CAST(column12 AS FLOAT)) as avg_column12, sum(CAST(column17 AS FLOAT)) as sum_column17, avg(CAST(column17 AS FLOAT)) as avg_column17, sum(CAST(column04 AS FLOAT)) as sum_column04, avg(CAST(column04 AS FLOAT)) as avg_column04, sum(CAST(column03 AS FLOAT)) as sum_column03, avg(CAST(column03 AS FLOAT)) as avg_column03 FROM query_table WHERE CAST(column05 AS FLOAT) > CAST(-73.9895 AS FLOAT) AND CAST(column05 AS FLOAT) < CAST(-73.93951 AS FLOAT) AND CAST(column06 AS FLOAT) > CAST(40.7495 AS FLOAT) AND CAST(column06 AS FLOAT) < CAST(40.7745 AS FLOAT) AND column12 >= 0.0 AND column12 <= 400.0 AND column04 <= 1000.0;",0.1,"{null={12=Stats{sum=561880740.4708374, avg=11.27928531863792}, 17=Stats{sum=676588610.9296807, avg=13.581949756138433}, 4=Stats{sum=121163768.01391256, avg=2.4322611744352995}, 3=Stats{sum=84343724.34017596, avg=1.6931296325839569}}}","{12=561880740.4708374, 17=676588610.9296807, 4=121163768.01391256, 3=84343724.34017596}"
/data-nonraid/maroulis/data/taxi_data/yellow_tripdata_2014_cleaned.csv,4,0.9392516613006592,"SELECT sum(CAST(column12 AS FLOAT)) as sum_column12, avg(CAST(column12 AS FLOAT)) as avg_column12, sum(CAST(column17 AS FLOAT)) as sum_column17, avg(CAST(column17 AS FLOAT)) as avg_column17, sum(CAST(column04 AS FLOAT)) as sum_column04, avg(CAST(column04 AS FLOAT)) as avg_column04, sum(CAST(column03 AS FLOAT)) as sum_column03, avg(CAST(column03 AS FLOAT)) as avg_column03 FROM query_table WHERE CAST(column05 AS FLOAT) > CAST(-73.983505 AS FLOAT) AND CAST(column05 AS FLOAT) < CAST(-73.93351 AS FLOAT) AND CAST(column06 AS FLOAT) > CAST(40.7525 AS FLOAT) AND CAST(column06 AS FLOAT) < CAST(40.7775 AS FLOAT) AND column12 >= 0.0 AND column12 <= 400.0 AND column04 <= 1000.0;",0.1,"{null={12=Stats{sum=464211451.84187806, avg=11.067227242743126}, 17=Stats{sum=557955815.2447376, avg=13.302178940701527}, 4=Stats{sum=98909337.71411134, avg=2.3580894279276827}, 3=Stats{sum=70823711.65644172, avg=1.688502314982408}}}","{12=464211451.84187806, 17=557955815.2447376, 4=98909337.71411134, 3=70823711.65644172}"
/data-nonraid/maroulis/data/taxi_data/yellow_tripdata_2014_cleaned.csv,5,1.1916708946228027,"SELECT sum(CAST(column12 AS FLOAT)) as sum_column12, avg(CAST(column12 AS FLOAT)) as avg_column12, sum(CAST(column17 AS FLOAT)) as sum_column17, avg(CAST(column17 AS FLOAT)) as avg_column17, sum(CAST(column04 AS FLOAT)) as sum_column04, avg(CAST(column04 AS FLOAT)) as avg_column04, sum(CAST(column03 AS FLOAT)) as sum_column03, avg(CAST(column03 AS FLOAT)) as avg_column03 FROM query_table WHERE CAST(column05 AS FLOAT) > CAST(-73.977005 AS FLOAT) AND CAST(column05 AS FLOAT) < CAST(-73.92701 AS FLOAT) AND CAST(column06 AS FLOAT) > CAST(40.74925 AS FLOAT) AND CAST(column06 AS FLOAT) < CAST(40.77425 AS FLOAT) AND column12 >= 0.0 AND column12 <= 400.0 AND column04 <= 1000.0;",0.1,"{null={12=Stats{sum=340000980.645756, avg=10.991627523271795}, 17=Stats{sum=409634640.9389366, avg=13.242760021686944}, 4=Stats{sum=72638443.35944255, avg=2.348271795454405}, 3=Stats{sum=52000035.8422939, avg=1.6810687548304042}}}","{12=340000980.645756, 17=409634640.9389366, 4=72638443.35944255, 3=52000035.8422939}"
/data-nonraid/maroulis/data/taxi_data/yellow_tripdata_2014_cleaned.csv,6,1.612605333328247,"SELECT sum(CAST(column12 AS FLOAT)) as sum_column12, avg(CAST(column12 AS FLOAT)) as avg_column12, sum(CAST(column17 AS FLOAT)) as sum_column17, avg(CAST(column17 AS FLOAT)) as avg_column17, sum(CAST(column04 AS FLOAT)) as sum_column04, avg(CAST(column04 AS FLOAT)) as avg_column04, sum(CAST(column03 AS FLOAT)) as sum_column03, avg(CAST(column03 AS FLOAT)) as avg_column03 FROM query_table WHERE CAST(column05 AS FLOAT) > CAST(-73.981 AS FLOAT) AND CAST(column05 AS FLOAT) < CAST(-73.95601 AS FLOAT) AND CAST(column06 AS FLOAT) > CAST(40.753624 AS FLOAT) AND CAST(column06 AS FLOAT) < CAST(40.766125 AS FLOAT) AND column12 >= 0.0 AND column12 <= 400.0 AND column04 <= 1000.0;",0.1,"{null={12=Stats{sum=238284849.76361153, avg=11.158344006463123}, 17=Stats{sum=287334185.00383323, avg=13.455214145045924}, 4=Stats{sum=50850537.90540055, avg=2.3812164114715824}, 3=Stats{sum=36300568.72037915, avg=1.6998740533192775}}}","{12=238284849.76361153, 17=287334185.00383323, 4=50850537.90540055, 3=36300568.72037915}"
/data-nonraid/maroulis/data/taxi_data/yellow_tripdata_2014_cleaned.csv,7,0.9423599243164062,"SELECT sum(CAST(column12 AS FLOAT)) as sum_column12, avg(CAST(column12 AS FLOAT)) as avg_column12, sum(CAST(column17 AS FLOAT)) as sum_column17, avg(CAST(column17 AS FLOAT)) as avg_column17, sum(CAST(column04 AS FLOAT)) as sum_column04, avg(CAST(column04 AS FLOAT)) as avg_column04, sum(CAST(column03 AS FLOAT)) as sum_column03, avg(CAST(column03 AS FLOAT)) as avg_column03 FROM query_table WHERE CAST(column05 AS FLOAT) > CAST(-73.983 AS FLOAT) AND CAST(column05 AS FLOAT) < CAST(-73.970505 AS FLOAT) AND CAST(column06 AS FLOAT) > CAST(40.755814 AS FLOAT) AND CAST(column06 AS FLOAT) < CAST(40.762062 AS FLOAT) AND column12 >= 0.0 AND column12 <= 400.0 AND column04 <= 1000.0;",0.1,"{null={12=Stats{sum=75742211.7976928, avg=11.776468836111158}, 17=Stats{sum=92032906.73050988, avg=14.309361085248755}, 4=Stats{sum=16291370.22274944, avg=2.532997243838108}, 3=Stats{sum=11059859.550561799, avg=1.7195971471871492}}}","{12=75742211.7976928, 17=92032906.73050988, 4=16291370.22274944, 3=11059859.550561799}"
/data-nonraid/maroulis/data/taxi_data/yellow_tripdata_2014_cleaned.csv,8,1.3281588554382324,"SELECT sum(CAST(column12 AS FLOAT)) as sum_column12, avg(CAST(column12 AS FLOAT)) as avg_column12, sum(CAST(column17 AS FLOAT)) as sum_column17, avg(CAST(column17 AS FLOAT)) as avg_column17, sum(CAST(column04 AS FLOAT)) as sum_column04, avg(CAST(column04 AS FLOAT)) as avg_column04, sum(CAST(column03 AS FLOAT)) as sum_column03, avg(CAST(column03 AS FLOAT)) as avg_column03 FROM query_table WHERE CAST(column05 AS FLOAT) > CAST(-73.984 AS FLOAT) AND CAST(column05 AS FLOAT) < CAST(-73.97775 AS FLOAT) AND CAST(column06 AS FLOAT) > CAST(40.756905 AS FLOAT) AND CAST(column06 AS FLOAT) < CAST(40.760033 AS FLOAT) AND column12 >= 0.0 AND column12 <= 400.0 AND column04 <= 1000.0;",0.1,"{null={12=Stats{sum=13385053.453947369, avg=11.746867737698292}, 17=Stats{sum=16149629.321286554, avg=14.173089431634729}, 4=Stats{sum=2858775.986222409, avg=2.5088927375153003}, 3=Stats{sum=1995756.5789473683, avg=1.75149756780554}}}","{12=13385053.453947369, 17=16149629.321286554, 4=2858775.986222409, 3=1995756.5789473683}"
/data-nonraid/maroulis/data/taxi_data/yellow_tripdata_2014_cleaned.csv,9,1.6775219440460205,"SELECT sum(CAST(column12 AS FLOAT)) as sum_column12, avg(CAST(column12 AS FLOAT)) as avg_column12, sum(CAST(column17 AS FLOAT)) as sum_column17, avg(CAST(column17 AS FLOAT)) as avg_column17, sum(CAST(column04 AS FLOAT)) as sum_column04, avg(CAST(column04 AS FLOAT)) as avg_column04, sum(CAST(column03 AS FLOAT)) as sum_column03, avg(CAST(column03 AS FLOAT)) as avg_column03 FROM query_table WHERE CAST(column05 AS FLOAT) > CAST(-73.98325 AS FLOAT) AND CAST(column05 AS FLOAT) < CAST(-73.977005 AS FLOAT) AND CAST(column06 AS FLOAT) > CAST(40.75728 AS FLOAT) AND CAST(column06 AS FLOAT) < CAST(40.760406 AS FLOAT) AND column12 >= 0.0 AND column12 <= 400.0 AND column04 <= 1000.0;",0.1,"{null={12=Stats{sum=14467277.777777776, avg=11.419798744050611}, 17=Stats{sum=17460713.07394593, avg=13.78267786759148}, 4=Stats{sum=3016824.4442257616, avg=2.3813414332936387}, 3=Stats{sum=2206251.8518518517, avg=1.741512986329564}}}","{12=14467277.777777776, 17=17460713.07394593, 4=3016824.4442257616, 3=2206251.8518518517}"
/data-nonraid/maroulis/data/taxi_data/yellow_tripdata_2014_cleaned.csv,10,1.006758213043213,"SELECT sum(CAST(column12 AS FLOAT)) as sum_column12, avg(CAST(column12 AS FLOAT)) as avg_column12, sum(CAST(column17 AS FLOAT)) as sum_column17, avg(CAST(column17 AS FLOAT)) as avg_column17, sum(CAST(column04 AS FLOAT)) as sum_column04, avg(CAST(column04 AS FLOAT)) as avg_column04, sum(CAST(column03 AS FLOAT)) as sum_column03, avg(CAST(column03 AS FLOAT)) as avg_column03 FROM query_table WHERE CAST(column05 AS FLOAT) > CAST(-73.984 AS FLOAT) AND CAST(column05 AS FLOAT) < CAST(-73.97775 AS FLOAT) AND CAST(column06 AS FLOAT) > CAST(40.75728 AS FLOAT) AND CAST(column06 AS FLOAT) < CAST(40.760406 AS FLOAT) AND column12 >= 0.0 AND column12 <= 400.0 AND column04 <= 1000.0;",0.1,"{null={12=Stats{sum=13465845.658764869, avg=11.726222005025331}, 17=Stats{sum=16257303.633297276, avg=14.157057524498214}, 4=Stats{sum=2858873.3523518047, avg=2.489541649551565}, 3=Stats{sum=2002529.9401197606, avg=1.743827401903272}}}","{12=13465845.658764869, 17=16257303.633297276, 4=2858873.3523518047, 3=2002529.9401197606}"
/data-nonraid/maroulis/data/taxi_data/yellow_tripdata_2014_cleaned.csv,11,1.0179376602172852,"SELECT sum(CAST(column12 AS FLOAT)) as sum_column12, avg(CAST(column12 AS FLOAT)) as avg_column12, sum(CAST(column17 AS FLOAT)) as sum_column17, avg(CAST(column17 AS FLOAT)) as avg_column17, sum(CAST(column04 AS FLOAT)) as sum_column04, avg(CAST(column04 AS FLOAT)) as avg_column04, sum(CAST(column03 AS FLOAT)) as sum_column03, avg(CAST(column03 AS FLOAT)) as avg_column03 FROM query_table WHERE CAST(column05 AS FLOAT) > CAST(-73.984 AS FLOAT) AND CAST(column05 AS FLOAT) < CAST(-73.97775 AS FLOAT) AND CAST(column06 AS FLOAT) > CAST(40.75678 AS FLOAT) AND CAST(column06 AS FLOAT) < CAST(40.759907 AS FLOAT) AND column12 >= 0.0 AND column12 <= 400.0 AND column04 <= 1000.0;",0.1,"{null={12=Stats{sum=13501961.102122426, avg=11.813426168847455}, 17=Stats{sum=16292341.5366332, avg=14.254845826093229}, 4=Stats{sum=2888001.459364204, avg=2.5268323436630045}, 3=Stats{sum=1994068.071312804, avg=1.744692919638679}}}","{12=13501961.102122426, 17=16292341.5366332, 4=2888001.459364204, 3=1994068.071312804}"
/data-nonraid/maroulis/data/taxi_data/yellow_tripdata_2014_cleaned.csv,12,0.6522066593170166,"SELECT sum(CAST(column12 AS FLOAT)) as sum_column12, avg(CAST(column12 AS FLOAT)) as avg_column12, sum(CAST(column17 AS FLOAT)) as sum_column17, avg(CAST(column17 AS FLOAT)) as avg_column17, sum(CAST(column04 AS FLOAT)) as sum_column04, avg(CAST(column04 AS FLOAT)) as avg_column04, sum(CAST(column03 AS FLOAT)) as sum_column03, avg(CAST(column03 AS FLOAT)) as avg_column03 FROM query_table WHERE CAST(column05 AS FLOAT) > CAST(-73.98475 AS FLOAT) AND CAST(column05 AS FLOAT) < CAST(-73.9785 AS FLOAT) AND CAST(column06 AS FLOAT) > CAST(40.75678 AS FLOAT) AND CAST(column06 AS FLOAT) < CAST(40.759907 AS FLOAT) AND column12 >= 0.0 AND column12 <= 400.0 AND column04 <= 1000.0;",0.1,"{null={12=Stats{sum=13267529.729765814, avg=12.051027372071564}, 17=Stats{sum=15981608.835249333, avg=14.516252041345902}, 4=Stats{sum=2892189.864549421, avg=2.627004418517947}, 3=Stats{sum=1908412.1621621621, avg=1.7334294832453665}}}","{12=13267529.729765814, 17=15981608.835249333, 4=2892189.864549421, 3=1908412.1621621621}"
/data-nonraid/maroulis/data/taxi_data/yellow_tripdata_2014_cleaned.csv,13,1.0617165565490723,"SELECT sum(CAST(column12 AS FLOAT)) as sum_column12, avg(CAST(column12 AS FLOAT)) as avg_column12, sum(CAST(column17 AS FLOAT)) as sum_column17, avg(CAST(column17 AS FLOAT)) as avg_column17, sum(CAST(column04 AS FLOAT)) as sum_column04, avg(CAST(column04 AS FLOAT)) as avg_column04, sum(CAST(column03 AS FLOAT)) as sum_column03, avg(CAST(column03 AS FLOAT)) as avg_column03 FROM query_table WHERE CAST(column05 AS FLOAT) > CAST(-73.98412 AS FLOAT) AND CAST(column05 AS FLOAT) < CAST(-73.977875 AS FLOAT) AND CAST(column06 AS FLOAT) > CAST(40.756466 AS FLOAT) AND CAST(column06 AS FLOAT) < CAST(40.759594 AS FLOAT) AND column12 >= 0.0 AND column12 <= 400.0 AND column04 <= 1000.0;",0.1,"{null={12=Stats{sum=13346605.437122175, avg=11.760670274047289}, 17=Stats{sum=16113883.415501256, avg=14.199121310430513}, 4=Stats{sum=2862281.1295509716, avg=2.522165261786218}, 3=Stats{sum=1976545.842217484, avg=1.7416791139418877}}}","{12=13346605.437122175, 17=16113883.415501256, 4=2862281.1295509716, 3=1976545.842217484}"
/data-nonraid/maroulis/data/taxi_data/yellow_tripdata_2014_cleaned.csv,14,1.6623661518096924,"SELECT sum(CAST(column12 AS FLOAT)) as sum_column12, avg(CAST(column12 AS FLOAT)) as avg_column12, sum(CAST(column17 AS FLOAT)) as sum_column17, avg(CAST(column17 AS FLOAT)) as avg_column17, sum(CAST(column04 AS FLOAT)) as sum_column04, avg(CAST(column04 AS FLOAT)) as avg_column04, sum(CAST(column03 AS FLOAT)) as sum_column03, avg(CAST(column03 AS FLOAT)) as avg_column03 FROM query_table WHERE CAST(column05 AS FLOAT) > CAST(-73.983376 AS FLOAT) AND CAST(column05 AS FLOAT) < CAST(-73.97713 AS FLOAT) AND CAST(column06 AS FLOAT) > CAST(40.756466 AS FLOAT) AND CAST(column06 AS FLOAT) < CAST(40.759594 AS FLOAT) AND column12 >= 0.0 AND column12 <= 400.0 AND column04 <= 1000.0;",0.1,"{null={12=Stats{sum=14648905.751683354, avg=11.347002258014566}, 17=Stats{sum=17617465.273988012, avg=13.646440330293162}, 4=Stats{sum=3075903.92112805, avg=2.3825867494891284}, 3=Stats{sum=2241437.908496732, avg=1.7362116624983546}}}","{12=14648905.751683354, 17=17617465.273988012, 4=3075903.92112805, 3=2241437.908496732}"
/data-nonraid/maroulis/data/taxi_data/yellow_tripdata_2014_cleaned.csv,15,0.698993444442749,"SELECT sum(CAST(column12 AS FLOAT)) as sum_column12, avg(CAST(column12 AS FLOAT)) as avg_column12, sum(CAST(column17 AS FLOAT)) as sum_column17, avg(CAST(column17 AS FLOAT)) as avg_column17, sum(CAST(column04 AS FLOAT)) as sum_column04, avg(CAST(column04 AS FLOAT)) as avg_column04, sum(CAST(column03 AS FLOAT)) as sum_column03, avg(CAST(column03 AS FLOAT)) as avg_column03 FROM query_table WHERE CAST(column05 AS FLOAT) > CAST(-73.98412 AS FLOAT) AND CAST(column05 AS FLOAT) < CAST(-73.977875 AS FLOAT) AND CAST(column06 AS FLOAT) > CAST(40.756466 AS FLOAT) AND CAST(column06 AS FLOAT) < CAST(40.759594 AS FLOAT) AND column12 >= 0.0 AND column12 <= 400.0 AND column04 <= 1000.0;",0.1,"{null={12=Stats{sum=13568676.88022284, avg=11.794278588896153}, 17=Stats{sum=16362928.18210251, avg=14.22312103187526}, 4=Stats{sum=2903035.933413182, avg=2.5234011285328015}, 3=Stats{sum=1999693.5933147632, avg=1.7381903585869591}}}","{12=13568676.88022284, 17=16362928.18210251, 4=2903035.933413182, 3=1999693.5933147632}"
/data-nonraid/maroulis/data/taxi_data/yellow_tripdata_2014_cleaned.csv,16,0.7637999057769775,"SELECT sum(CAST(column12 AS FLOAT)) as sum_column12, avg(CAST(column12 AS FLOAT)) as avg_column12, sum(CAST(column17 AS FLOAT)) as sum_column17, avg(CAST(column17 AS FLOAT)) as avg_column17, sum(CAST(column04 AS FLOAT)) as sum_column04, avg(CAST(column04 AS FLOAT)) as avg_column04, sum(CAST(column03 AS FLOAT)) as sum_column03, avg(CAST(column03 AS FLOAT)) as avg_column03 FROM query_table WHERE CAST(column05 AS FLOAT) > CAST(-73.98487 AS FLOAT) AND CAST(column05 AS FLOAT) < CAST(-73.97862 AS FLOAT) AND CAST(column06 AS FLOAT) > CAST(40.756466 AS FLOAT) AND CAST(column06 AS FLOAT) < CAST(40.759594 AS FLOAT) AND column12 >= 0.0 AND column12 <= 400.0 AND column04 <= 1000.0;",0.1,"{null={12=Stats{sum=14474762.033367552, avg=12.22462030432289}, 17=Stats{sum=17461246.331697676, avg=14.746847371527686}, 4=Stats{sum=3188217.63417386, avg=2.692600398920312}, 3=Stats{sum=2099896.265560166, avg=1.7734615923745445}}}","{12=14474762.033367552, 17=17461246.331697676, 4=3188217.63417386, 3=2099896.265560166}"
/data-nonraid/maroulis/data/taxi_data/yellow_tripdata_2014_cleaned.csv,17,0.8487813472747803,"SELECT sum(CAST(column12 AS FLOAT)) as sum_column12, avg(CAST(column12 AS FLOAT)) as avg_column12, sum(CAST(column17 AS FLOAT)) as sum_column17, avg(CAST(column17 AS FLOAT)) as avg_column17, sum(CAST(column04 AS FLOAT)) as sum_column04, avg(CAST(column04 AS FLOAT)) as avg_column04, sum(CAST(column03 AS FLOAT)) as sum_column03, avg(CAST(column03 AS FLOAT)) as avg_column03 FROM query_table WHERE CAST(column05 AS FLOAT) > CAST(-73.98393 AS FLOAT) AND CAST(column05 AS FLOAT) < CAST(-73.977684 AS FLOAT) AND CAST(column06 AS FLOAT) > CAST(40.756466 AS FLOAT) AND CAST(column06 AS FLOAT) < CAST(40.759594 AS FLOAT) AND column12 >= 0.0 AND column12 <= 400.0 AND column04 <= 1000.0;",0.1,"{null={12=Stats{sum=13375442.430374634, avg=11.612514657387567}, 17=Stats{sum=16123879.529964402, avg=13.998698611304075}, 4=Stats{sum=2850303.5855482137, avg=2.474624098416152}, 3=Stats{sum=2018505.9760956177, avg=1.7524601788277616}}}","{12=13375442.430374634, 17=16123879.529964402, 4=2850303.5855482137, 3=2018505.9760956177}"
/data-nonraid/maroulis/data/taxi_data/yellow_tripdata_2014_cleaned.csv,18,1.4099221229553223,"SELECT sum(CAST(column12 AS FLOAT)) as sum_column12, avg(CAST(column12 AS FLOAT)) as avg_column12, sum(CAST(column17 AS FLOAT)) as sum_column17, avg(CAST(column17 AS FLOAT)) as avg_column17, sum(CAST(column04 AS FLOAT)) as sum_column04, avg(CAST(column04 AS FLOAT)) as avg_column04, sum(CAST(column03 AS FLOAT)) as sum_column03, avg(CAST(column03 AS FLOAT)) as avg_column03 FROM query_table WHERE CAST(column05 AS FLOAT) > CAST(-73.98393 AS FLOAT) AND CAST(column05 AS FLOAT) < CAST(-73.977684 AS FLOAT) AND CAST(column06 AS FLOAT) > CAST(40.756092 AS FLOAT) AND CAST(column06 AS FLOAT) < CAST(40.75922 AS FLOAT) AND column12 >= 0.0 AND column12 <= 400.0 AND column04 <= 1000.0;",0.1,"{null={12=Stats{sum=14179204.184368497, avg=11.675575601729577}, 17=Stats{sum=17092226.67380056, avg=14.074244374861241}, 4=Stats{sum=3037308.914315536, avg=2.5010098870000594}, 3=Stats{sum=2118823.529411765, avg=1.74470188754619}}}","{12=14179204.184368497, 17=17092226.67380056, 4=3037308.914315536, 3=2118823.529411765}"
/data-nonraid/maroulis/data/taxi_data/yellow_tripdata_2014_cleaned.csv,19,1.3826758861541748,"SELECT sum(CAST(column12 AS FLOAT)) as sum_column12, avg(CAST(column12 AS FLOAT)) as avg_column12, sum(CAST(column17 AS FLOAT)) as sum_column17, avg(CAST(column17 AS FLOAT)) as avg_column17, sum(CAST(column04 AS FLOAT)) as sum_column04, avg(CAST(column04 AS FLOAT)) as avg_column04, sum(CAST(column03 AS FLOAT)) as sum_column03, avg(CAST(column03 AS FLOAT)) as avg_column03 FROM query_table WHERE CAST(column05 AS FLOAT) > CAST(-73.98462 AS FLOAT) AND CAST(column05 AS FLOAT) < CAST(-73.97837 AS FLOAT) AND CAST(column06 AS FLOAT) > CAST(40.75575 AS FLOAT) AND CAST(column06 AS FLOAT) < CAST(40.758877 AS FLOAT) AND column12 >= 0.0 AND column12 <= 400.0 AND column04 <= 1000.0;",0.1,"{null={12=Stats{sum=13912944.599686958, avg=12.010502226448356}, 17=Stats{sum=16771288.893552145, avg=14.47799933027469}, 4=Stats{sum=3051211.534768239, avg=2.6339918677260736}, 3=Stats{sum=2027876.561351947, avg=1.750586713011709}}}","{12=13912944.599686958, 17=16771288.893552145, 4=3051211.534768239, 3=2027876.561351947}"
/data-nonraid/maroulis/data/taxi_data/yellow_tripdata_2014_cleaned.csv,20,1.0634140968322754,"SELECT sum(CAST(column12 AS FLOAT)) as sum_column12, avg(CAST(column12 AS FLOAT)) as avg_column12, sum(CAST(column17 AS FLOAT)) as sum_column17, avg(CAST(column17 AS FLOAT)) as avg_column17, sum(CAST(column04 AS FLOAT)) as sum_column04, avg(CAST(column04 AS FLOAT)) as avg_column04, sum(CAST(column03 AS FLOAT)) as sum_column03, avg(CAST(column03 AS FLOAT)) as avg_column03 FROM query_table WHERE CAST(column05 AS FLOAT) > CAST(-73.98362 AS FLOAT) AND CAST(column05 AS FLOAT) < CAST(-73.97737 AS FLOAT) AND CAST(column06 AS FLOAT) > CAST(40.75525 AS FLOAT) AND CAST(column06 AS FLOAT) < CAST(40.758377 AS FLOAT) AND column12 >= 0.0 AND column12 <= 400.0 AND column04 <= 1000.0;",0.1,"{null={12=Stats{sum=15231063.87612986, avg=11.580578319624387}, 17=Stats{sum=18330041.91922772, avg=13.936812804014851}, 4=Stats{sum=3289846.512215313, avg=2.501356799767631}, 3=Stats{sum=2288744.1860465114, avg=1.740192380233874}}}","{12=15231063.87612986, 17=18330041.91922772, 4=3289846.512215313, 3=2288744.1860465114}"
/data-nonraid/maroulis/data/taxi_data/yellow_tripdata_2014_cleaned.csv,21,0.8856656551361084,"SELECT sum(CAST(column12 AS FLOAT)) as sum_column12, avg(CAST(column12 AS FLOAT)) as avg_column12, sum(CAST(column17 AS FLOAT)) as sum_column17, avg(CAST(column17 AS FLOAT)) as avg_column17, sum(CAST(column04 AS FLOAT)) as sum_column04, avg(CAST(column04 AS FLOAT)) as avg_column04, sum(CAST(column03 AS FLOAT)) as sum_column03, avg(CAST(column03 AS FLOAT)) as avg_column03 FROM query_table WHERE CAST(column05 AS FLOAT) > CAST(-73.98456 AS FLOAT) AND CAST(column05 AS FLOAT) < CAST(-73.97831 AS FLOAT) AND CAST(column06 AS FLOAT) > CAST(40.75525 AS FLOAT) AND CAST(column06 AS FLOAT) < CAST(40.758377 AS FLOAT) AND column12 >= 0.0 AND column12 <= 400.0 AND column04 <= 1000.0;",0.1,"{null={12=Stats{sum=15257584.448243462, avg=12.061809925505779}, 17=Stats{sum=18386662.277991954, avg=14.53548733837342}, 4=Stats{sum=3359435.1164174317, avg=2.655785256752187}, 3=Stats{sum=2209297.6588628762, avg=1.7465496272010999}}}","{12=15257584.448243462, 17=18386662.277991954, 4=3359435.1164174317, 3=2209297.6588628762}"
/data-nonraid/maroulis/data/taxi_data/yellow_tripdata_2014_cleaned.csv,22,1.195298194885254,"SELECT sum(CAST(column12 AS FLOAT)) as sum_column12, avg(CAST(column12 AS FLOAT)) as avg_column12, sum(CAST(column17 AS FLOAT)) as sum_column17, avg(CAST(column17 AS FLOAT)) as avg_column17, sum(CAST(column04 AS FLOAT)) as sum_column04, avg(CAST(column04 AS FLOAT)) as avg_column04, sum(CAST(column03 AS FLOAT)) as sum_column03, avg(CAST(column03 AS FLOAT)) as avg_column03 FROM query_table WHERE CAST(column05 AS FLOAT) > CAST(-73.98575 AS FLOAT) AND CAST(column05 AS FLOAT) < CAST(-73.9795 AS FLOAT) AND CAST(column06 AS FLOAT) > CAST(40.754654 AS FLOAT) AND CAST(column06 AS FLOAT) < CAST(40.757782 AS FLOAT) AND column12 >= 0.0 AND column12 <= 400.0 AND column04 <= 1000.0;",0.1,"{null={12=Stats{sum=16344713.875729503, avg=12.148616584020179}, 17=Stats{sum=19809043.714372735, avg=14.723566213010162}, 4=Stats{sum=3658714.0676065674, avg=2.719430559375836}, 3=Stats{sum=2363779.9043062204, avg=1.756938418424684}}}","{12=16344713.875729503, 17=19809043.714372735, 4=3658714.0676065674, 3=2363779.9043062204}"
/data-nonraid/maroulis/data/taxi_data/yellow_tripdata_2014_cleaned.csv,23,1.0753288269042969,"SELECT sum(CAST(column12 AS FLOAT)) as sum_column12, avg(CAST(column12 AS FLOAT)) as avg_column12, sum(CAST(column17 AS FLOAT)) as sum_column17, avg(CAST(column17 AS FLOAT)) as avg_column17, sum(CAST(column04 AS FLOAT)) as sum_column04, avg(CAST(column04 AS FLOAT)) as avg_column04, sum(CAST(column03 AS FLOAT)) as sum_column03, avg(CAST(column03 AS FLOAT)) as avg_column03 FROM query_table WHERE CAST(column05 AS FLOAT) > CAST(-73.98575 AS FLOAT) AND CAST(column05 AS FLOAT) < CAST(-73.9795 AS FLOAT) AND CAST(column06 AS FLOAT) > CAST(40.75403 AS FLOAT) AND CAST(column06 AS FLOAT) < CAST(40.757156 AS FLOAT) AND column12 >= 0.0 AND column12 <= 400.0 AND column04 <= 1000.0;",0.1,"{null={12=Stats{sum=15678820.315630008, avg=11.910284228858012}, 17=Stats{sum=19066393.167586956, avg=14.483625507126828}, 4=Stats{sum=3498423.6684781765, avg=2.6575481704450503}, 3=Stats{sum=2282998.027613412, avg=1.7342602858769591}}}","{12=15678820.315630008, 17=19066393.167586956, 4=3498423.6684781765, 3=2282998.027613412}"
/data-nonraid/maroulis/data/taxi_data/yellow_tripdata_2014_cleaned.csv,24,0.8020946979522705,"SELECT sum(CAST(column12 AS FLOAT)) as sum_column12, avg(CAST(column12 AS FLOAT)) as avg_column12, sum(CAST(column17 AS FLOAT)) as sum_column17, avg(CAST(column17 AS FLOAT)) as avg_column17, sum(CAST(column04 AS FLOAT)) as sum_column04, avg(CAST(column04 AS FLOAT)) as avg_column04, sum(CAST(column03 AS FLOAT)) as sum_column03, avg(CAST(column03 AS FLOAT)) as avg_column03 FROM query_table WHERE CAST(column05 AS FLOAT) > CAST(-73.987 AS FLOAT) AND CAST(column05 AS FLOAT) < CAST(-73.98075 AS FLOAT) AND CAST(column06 AS FLOAT) > CAST(40.75403 AS FLOAT) AND CAST(column06 AS FLOAT) < CAST(40.757156 AS FLOAT) AND column12 >= 0.0 AND column12 <= 400.0 AND column04 <= 1000.0;",0.1,"{null={12=Stats{sum=16272893.684347052, avg=11.86198379458412}, 17=Stats{sum=19748253.33153574, avg=14.395316870738727}, 4=Stats{sum=3651837.6835631696, avg=2.661975200178791}, 3=Stats{sum=2381010.5263157897, avg=1.7356168377760386}}}","{12=16272893.684347052, 17=19748253.33153574, 4=3651837.6835631696, 3=2381010.5263157897}"
/data-nonraid/maroulis/data/taxi_data/yellow_tripdata_2014_cleaned.csv,25,1.0682947635650635,"SELECT sum(CAST(column12 AS FLOAT)) as sum_column12, avg(CAST(column12 AS FLOAT)) as avg_column12, sum(CAST(column17 AS FLOAT)) as sum_column17, avg(CAST(column17 AS FLOAT)) as avg_column17, sum(CAST(column04 AS FLOAT)) as sum_column04, avg(CAST(column04 AS FLOAT)) as avg_column04, sum(CAST(column03 AS FLOAT)) as sum_column03, avg(CAST(column03 AS FLOAT)) as avg_column03 FROM query_table WHERE CAST(column05 AS FLOAT) > CAST(-73.987 AS FLOAT) AND CAST(column05 AS FLOAT) < CAST(-73.98075 AS FLOAT) AND CAST(column06 AS FLOAT) > CAST(40.753498 AS FLOAT) AND CAST(column06 AS FLOAT) < CAST(40.756626 AS FLOAT) AND column12 >= 0.0 AND column12 <= 400.0 AND column04 <= 1000.0;",0.1,"{null={12=Stats{sum=14581097.529716643, avg=11.83183313961692}, 17=Stats{sum=17772572.686589755, avg=14.421555994731051}, 4=Stats{sum=3263292.391003485, avg=2.647998957379246}, 3=Stats{sum=2130286.5612648223, avg=1.7286212564647396}}}","{12=14581097.529716643, 17=17772572.686589755, 4=3263292.391003485, 3=2130286.5612648223}"
/data-nonraid/maroulis/data/taxi_data/yellow_tripdata_2014_cleaned.csv,26,1.1217718124389648,"SELECT sum(CAST(column12 AS FLOAT)) as sum_column12, avg(CAST(column12 AS FLOAT)) as avg_column12, sum(CAST(column17 AS FLOAT)) as sum_column17, avg(CAST(column17 AS FLOAT)) as avg_column17, sum(CAST(column04 AS FLOAT)) as sum_column04, avg(CAST(column04 AS FLOAT)) as avg_column04, sum(CAST(column03 AS FLOAT)) as sum_column03, avg(CAST(column03 AS FLOAT)) as avg_column03 FROM query_table WHERE CAST(column05 AS FLOAT) > CAST(-73.98594 AS FLOAT) AND CAST(column05 AS FLOAT) < CAST(-73.97969 AS FLOAT) AND CAST(column06 AS FLOAT) > CAST(40.753498 AS FLOAT) AND CAST(column06 AS FLOAT) < CAST(40.756626 AS FLOAT) AND column12 >= 0.0 AND column12 <= 400.0 AND column04 <= 1000.0;",0.1,"{null={12=Stats{sum=14457406.985929372, avg=11.608696049739175}, 17=Stats{sum=17605921.14543236, avg=14.136821869365233}, 4=Stats{sum=3184441.2674467145, avg=2.5569737919125686}, 3=Stats{sum=2130388.0983182406, avg=1.710612969907239}}}","{12=14457406.985929372, 17=17605921.14543236, 4=3184441.2674467145, 3=2130388.0983182406}"
/data-nonraid/maroulis/data/taxi_data/yellow_tripdata_2014_cleaned.csv,27,0.7319910526275635,"SELECT sum(CAST(column12 AS FLOAT)) as sum_column12, avg(CAST(column12 AS FLOAT)) as avg_column12, sum(CAST(column17 AS FLOAT)) as sum_column17, avg(CAST(column17 AS FLOAT)) as avg_column17, sum(CAST(column04 AS FLOAT)) as sum_column04, avg(CAST(column04 AS FLOAT)) as avg_column04, sum(CAST(column03 AS FLOAT)) as sum_column03, avg(CAST(column03 AS FLOAT)) as avg_column03 FROM query_table WHERE CAST(column05 AS FLOAT) > CAST(-73.98475 AS FLOAT) AND CAST(column05 AS FLOAT) < CAST(-73.9785 AS FLOAT) AND CAST(column06 AS FLOAT) > CAST(40.753498 AS FLOAT) AND CAST(column06 AS FLOAT) < CAST(40.756626 AS FLOAT) AND column12 >= 0.0 AND column12 <= 400.0 AND column04 <= 1000.0;",0.1,"{null={12=Stats{sum=15761470.021333633, avg=11.38109054637537}, 17=Stats{sum=19173283.356359225, avg=13.844703168846458}, 4=Stats{sum=3428759.529180067, avg=2.4758491822480306}, 3=Stats{sum=2367708.7794432547, avg=1.7096824071497048}}}","{12=15761470.021333633, 17=19173283.356359225, 4=3428759.529180067, 3=2367708.7794432547}"
/data-nonraid/maroulis/data/taxi_data/yellow_tripdata_2014_cleaned.csv,28,0.7695052623748779,"SELECT sum(CAST(column12 AS FLOAT)) as sum_column12, avg(CAST(column12 AS FLOAT)) as avg_column12, sum(CAST(column17 AS FLOAT)) as sum_column17, avg(CAST(column17 AS FLOAT)) as avg_column17, sum(CAST(column04 AS FLOAT)) as sum_column04, avg(CAST(column04 AS FLOAT)) as avg_column04, sum(CAST(column03 AS FLOAT)) as sum_column03, avg(CAST(column03 AS FLOAT)) as avg_column03 FROM query_table WHERE CAST(column05 AS FLOAT) > CAST(-73.986 AS FLOAT) AND CAST(column05 AS FLOAT) < CAST(-73.97975 AS FLOAT) AND CAST(column06 AS FLOAT) > CAST(40.753498 AS FLOAT) AND CAST(column06 AS FLOAT) < CAST(40.756626 AS FLOAT) AND column12 >= 0.0 AND column12 <= 400.0 AND column04 <= 1000.0;",0.1,"{null={12=Stats{sum=14424438.06571725, avg=11.634735033838288}, 17=Stats{sum=17575542.24151643, avg=14.176412011645866}, 4=Stats{sum=3182721.810597474, avg=2.5671797254084816}, 3=Stats{sum=2127304.526748971, avg=1.7158813669028927}}}","{12=14424438.06571725, 17=17575542.24151643, 4=3182721.810597474, 3=2127304.526748971}"
/data-nonraid/maroulis/data/taxi_data/yellow_tripdata_2014_cleaned.csv,29,0.7984018325805664,"SELECT sum(CAST(column12 AS FLOAT)) as sum_column12, avg(CAST(column12 AS FLOAT)) as avg_column12, sum(CAST(column17 AS FLOAT)) as sum_column17, avg(CAST(column17 AS FLOAT)) as avg_column17, sum(CAST(column04 AS FLOAT)) as sum_column04, avg(CAST(column04 AS FLOAT)) as avg_column04, sum(CAST(column03 AS FLOAT)) as sum_column03, avg(CAST(column03 AS FLOAT)) as avg_column03 FROM query_table WHERE CAST(column05 AS FLOAT) > CAST(-73.98512 AS FLOAT) AND CAST(column05 AS FLOAT) < CAST(-73.978874 AS FLOAT) AND CAST(column06 AS FLOAT) > CAST(40.753498 AS FLOAT) AND CAST(column06 AS FLOAT) < CAST(40.756626 AS FLOAT) AND column12 >= 0.0 AND column12 <= 400.0 AND column04 <= 1000.0;",0.1,"{null={12=Stats{sum=15874260.64518959, avg=11.539231815431163}, 17=Stats{sum=19307769.523015585, avg=14.035099545408318}, 4=Stats{sum=3476098.7103274986, avg=2.526826901002497}, 3=Stats{sum=2362021.5053763436, avg=1.716987916021823}}}","{12=15874260.64518959, 17=19307769.523015585, 4=3476098.7103274986, 3=2362021.5053763436}"
/data-nonraid/maroulis/data/taxi_data/yellow_tripdata_2014_cleaned.csv,30,0.8418173789978027,"SELECT sum(CAST(column12 AS FLOAT)) as sum_column12, avg(CAST(column12 AS FLOAT)) as avg_column12, sum(CAST(column17 AS FLOAT)) as sum_column17, avg(CAST(column17 AS FLOAT)) as avg_column17, sum(CAST(column04 AS FLOAT)) as sum_column04, avg(CAST(column04 AS FLOAT)) as avg_column04, sum(CAST(column03 AS FLOAT)) as sum_column03, avg(CAST(column03 AS FLOAT)) as avg_column03 FROM query_table WHERE CAST(column05 AS FLOAT) > CAST(-73.984436 AS FLOAT) AND CAST(column05 AS FLOAT) < CAST(-73.97819 AS FLOAT) AND CAST(column06 AS FLOAT) > CAST(40.753498 AS FLOAT) AND CAST(column06 AS FLOAT) < CAST(40.756626 AS FLOAT) AND column12 >= 0.0 AND column12 <= 400.0 AND column04 <= 1000.0;",0.1,"{null={12=Stats{sum=15787656.63283212, avg=11.435539308809389}, 17=Stats{sum=19168131.351787217, avg=13.88413268970766}, 4=Stats{sum=3422105.441713503, avg=2.4787479362974447}, 3=Stats{sum=2370952.380952381, avg=1.7173618468057847}}}","{12=15787656.63283212, 17=19168131.351787217, 4=3422105.441713503, 3=2370952.380952381}"
/data-nonraid/maroulis/data/taxi_data/yellow_tripdata_2014_cleaned.csv,31,1.0439021587371826,"SELECT sum(CAST(column12 AS FLOAT)) as sum_column12, avg(CAST(column12 AS FLOAT)) as avg_column12, sum(CAST(column17 AS FLOAT)) as sum_column17, avg(CAST(column17 AS FLOAT)) as avg_column17, sum(CAST(column04 AS FLOAT)) as sum_column04, avg(CAST(column04 AS FLOAT)) as avg_column04, sum(CAST(column03 AS FLOAT)) as sum_column03, avg(CAST(column03 AS FLOAT)) as avg_column03 FROM query_table WHERE CAST(column05 AS FLOAT) > CAST(-73.985435 AS FLOAT) AND CAST(column05 AS FLOAT) < CAST(-73.97919 AS FLOAT) AND CAST(column06 AS FLOAT) > CAST(40.753498 AS FLOAT) AND CAST(column06 AS FLOAT) < CAST(40.756626 AS FLOAT) AND column12 >= 0.0 AND column12 <= 400.0 AND column04 <= 1000.0;",0.1,"{null={12=Stats{sum=15433741.435980616, avg=11.611683991252768}, 17=Stats{sum=18799430.92091558, avg=14.143884162796201}, 4=Stats{sum=3396575.188448967, avg=2.555437247954214}, 3=Stats{sum=2285377.8337531486, avg=1.7194200975979532}}}","{12=15433741.435980616, 17=18799430.92091558, 4=3396575.188448967, 3=2285377.8337531486}"
/data-nonraid/maroulis/data/taxi_data/yellow_tripdata_2014_cleaned.csv,32,0.6979646682739258,"SELECT sum(CAST(column12 AS FLOAT)) as sum_column12, avg(CAST(column12 AS FLOAT)) as avg_column12, sum(CAST(column17 AS FLOAT)) as sum_column17, avg(CAST(column17 AS FLOAT)) as avg_column17, sum(CAST(column04 AS FLOAT)) as sum_column04, avg(CAST(column04 AS FLOAT)) as avg_column04, sum(CAST(column03 AS FLOAT)) as sum_column03, avg(CAST(column03 AS FLOAT)) as avg_column03 FROM query_table WHERE CAST(column05 AS FLOAT) > CAST(-73.98463 AS FLOAT) AND CAST(column05 AS FLOAT) < CAST(-73.97838 AS FLOAT) AND CAST(column06 AS FLOAT) > CAST(40.753498 AS FLOAT) AND CAST(column06 AS FLOAT) < CAST(40.756626 AS FLOAT) AND column12 >= 0.0 AND column12 <= 400.0 AND column04 <= 1000.0;",0.1,"{null={12=Stats{sum=15440530.297731306, avg=11.401488206089095}, 17=Stats{sum=18711291.12781869, avg=13.81666050329049}, 4=Stats{sum=3359549.3872221983, avg=2.4807349215082186}, 3=Stats{sum=2315656.742556918, avg=1.7099110283467824}}}","{12=15440530.297731306, 17=18711291.12781869, 4=3359549.3872221983, 3=2315656.742556918}"
/data-nonraid/maroulis/data/taxi_data/yellow_tripdata_2014_cleaned.csv,33,0.8831825256347656,"SELECT sum(CAST(column12 AS FLOAT)) as sum_column12, avg(CAST(column12 AS FLOAT)) as avg_column12, sum(CAST(column17 AS FLOAT)) as sum_column17, avg(CAST(column17 AS FLOAT)) as avg_column17, sum(CAST(column04 AS FLOAT)) as sum_column04, avg(CAST(column04 AS FLOAT)) as avg_column04, sum(CAST(column03 AS FLOAT)) as sum_column03, avg(CAST(column03 AS FLOAT)) as avg_column03 FROM query_table WHERE CAST(column05 AS FLOAT) > CAST(-73.985504 AS FLOAT) AND CAST(column05 AS FLOAT) < CAST(-73.979256 AS FLOAT) AND CAST(column06 AS FLOAT) > CAST(40.753498 AS FLOAT) AND CAST(column06 AS FLOAT) < CAST(40.756626 AS FLOAT) AND column12 >= 0.0 AND column12 <= 400.0 AND column04 <= 1000.0;",0.1,"{null={12=Stats{sum=15348682.507439882, avg=11.623040545876165}, 17=Stats{sum=18681758.809510194, avg=14.147067020636053}, 4=Stats{sum=3385779.5922806803, avg=2.5639369021675336}, 3=Stats{sum=2278221.574344023, avg=1.7252205013853779}}}","{12=15348682.507439882, 17=18681758.809510194, 4=3385779.5922806803, 3=2278221.574344023}"
/data-nonraid/maroulis/data/taxi_data/yellow_tripdata_2014_cleaned.csv,34,0.5213217735290527,"SELECT sum(CAST(column12 AS FLOAT)) as sum_column12, avg(CAST(column12 AS FLOAT)) as avg_column12, sum(CAST(column17 AS FLOAT)) as sum_column17, avg(CAST(column17 AS FLOAT)) as avg_column17, sum(CAST(column04 AS FLOAT)) as sum_column04, avg(CAST(column04 AS FLOAT)) as avg_column04, sum(CAST(column03 AS FLOAT)) as sum_column03, avg(CAST(column03 AS FLOAT)) as avg_column03 FROM query_table WHERE CAST(column05 AS FLOAT) > CAST(-73.98482 AS FLOAT) AND CAST(column05 AS FLOAT) < CAST(-73.97857 AS FLOAT) AND CAST(column06 AS FLOAT) > CAST(40.753498 AS FLOAT) AND CAST(column06 AS FLOAT) < CAST(40.756626 AS FLOAT) AND column12 >= 0.0 AND column12 <= 400.0 AND column04 <= 1000.0;",0.1,"{null={12=Stats{sum=15732649.738251852, avg=11.496207127440762}, 17=Stats{sum=19124871.788212143, avg=13.974981393532602}, 4=Stats{sum=3439176.177659136, avg=2.513084721513839}, 3=Stats{sum=2336125.654450262, avg=1.70706046636188}}}","{12=15732649.738251852, 17=19124871.788212143, 4=3439176.177659136, 3=2336125.654450262}"
/data-nonraid/maroulis/data/taxi_data/yellow_tripdata_2014_cleaned.csv,35,0.5353503227233887,"SELECT sum(CAST(column12 AS FLOAT)) as sum_column12, avg(CAST(column12 AS FLOAT)) as avg_column12, sum(CAST(column17 AS FLOAT)) as sum_column17, avg(CAST(column17 AS FLOAT)) as avg_column17, sum(CAST(column04 AS FLOAT)) as sum_column04, avg(CAST(column04 AS FLOAT)) as avg_column04, sum(CAST(column03 AS FLOAT)) as sum_column03, avg(CAST(column03 AS FLOAT)) as avg_column03 FROM query_table WHERE CAST(column05 AS FLOAT) > CAST(-73.98419 AS FLOAT) AND CAST(column05 AS FLOAT) < CAST(-73.97794 AS FLOAT) AND CAST(column06 AS FLOAT) > CAST(40.753498 AS FLOAT) AND CAST(column06 AS FLOAT) < CAST(40.756626 AS FLOAT) AND column12 >= 0.0 AND column12 <= 400.0 AND column04 <= 1000.0;",0.1,"{null={12=Stats{sum=15256789.896475838, avg=11.382363207715017}, 17=Stats{sum=18512735.553430155, avg=13.811468956926184}, 4=Stats{sum=3301230.3103721784, avg=2.462890469092292}, 3=Stats{sum=2308005.1813471504, avg=1.7218925761997719}}}","{12=15256789.896475838, 17=18512735.553430155, 4=3301230.3103721784, 3=2308005.1813471504}"
/data-nonraid/maroulis/data/taxi_data/yellow_tripdata_2014_cleaned.csv,36,0.8059709072113037,"SELECT sum(CAST(column12 AS FLOAT)) as sum_column12, avg(CAST(column12 AS FLOAT)) as avg_column12, sum(CAST(column17 AS FLOAT)) as sum_column17, avg(CAST(column17 AS FLOAT)) as avg_column17, sum(CAST(column04 AS FLOAT)) as sum_column04, avg(CAST(column04 AS FLOAT)) as avg_column04, sum(CAST(column03 AS FLOAT)) as sum_column03, avg(CAST(column03 AS FLOAT)) as avg_column03 FROM query_table WHERE CAST(column05 AS FLOAT) > CAST(-73.983505 AS FLOAT) AND CAST(column05 AS FLOAT) < CAST(-73.97726 AS FLOAT) AND CAST(column06 AS FLOAT) > CAST(40.75384 AS FLOAT) AND CAST(column06 AS FLOAT) < CAST(40.75697 AS FLOAT) AND column12 >= 0.0 AND column12 <= 400.0 AND column04 <= 1000.0;",0.1,"{null={12=Stats{sum=14608340.608327249, avg=11.447162622559025}, 17=Stats{sum=17663817.057136133, avg=13.841447965206132}, 4=Stats{sum=3146528.0868178685, avg=2.465633823305141}, 3=Stats{sum=2177602.862254025, avg=1.7063795786197906}}}","{12=14608340.608327249, 17=17663817.057136133, 4=3146528.0868178685, 3=2177602.862254025}"
/data-nonraid/maroulis/data/taxi_data/yellow_tripdata_2014_cleaned.csv,37,0.5255403518676758,"SELECT sum(CAST(column12 AS FLOAT)) as sum_column12, avg(CAST(column12 AS FLOAT)) as avg_column12, sum(CAST(column17 AS FLOAT)) as sum_column17, avg(CAST(column17 AS FLOAT)) as avg_column17, sum(CAST(column04 AS FLOAT)) as sum_column04, avg(CAST(column04 AS FLOAT)) as avg_column04, sum(CAST(column03 AS FLOAT)) as sum_column03, avg(CAST(column03 AS FLOAT)) as avg_column03 FROM query_table WHERE CAST(column05 AS FLOAT) > CAST(-73.983505 AS FLOAT) AND CAST(column05 AS FLOAT) < CAST(-73.97726 AS FLOAT) AND CAST(column06 AS FLOAT) > CAST(40.753216 AS FLOAT) AND CAST(column06 AS FLOAT) < CAST(40.756344 AS FLOAT) AND column12 >= 0.0 AND column12 <= 400.0 AND column04 <= 1000.0;",0.1,"{null={12=Stats{sum=15224201.639284853, avg=11.37247489586549}, 17=Stats{sum=18477727.103852183, avg=13.802857621050492}, 4=Stats{sum=3272315.847412403, avg=2.444419136568168}, 3=Stats{sum=2277923.4972677594, avg=1.7016082945546576}}}","{12=15224201.639284853, 17=18477727.103852183, 4=3272315.847412403, 3=2277923.4972677594}"
/data-nonraid/maroulis/data/taxi_data/yellow_tripdata_2014_cleaned.csv,38,0.8093523979187012,"SELECT sum(CAST(column12 AS FLOAT)) as sum_column12, avg(CAST(column12 AS FLOAT)) as avg_column12, sum(CAST(column17 AS FLOAT)) as sum_column17, avg(CAST(column17 AS FLOAT)) as avg_column17, sum(CAST(column04 AS FLOAT)) as sum_column04, avg(CAST(column04 AS FLOAT)) as avg_column04, sum(CAST(column03 AS FLOAT)) as sum_column03, avg(CAST(column03 AS FLOAT)) as avg_column03 FROM query_table WHERE CAST(column05 AS FLOAT) > CAST(-73.98419 AS FLOAT) AND CAST(column05 AS FLOAT) < CAST(-73.97794 AS FLOAT) AND CAST(column06 AS FLOAT) > CAST(40.753216 AS FLOAT) AND CAST(column06 AS FLOAT) < CAST(40.756344 AS FLOAT) AND column12 >= 0.0 AND column12 <= 400.0 AND column04 <= 1000.0;",0.1,"{null={12=Stats{sum=15576992.386868952, avg=11.28229254846246}, 17=Stats{sum=18922225.161025554, avg=13.70521822393207}, 4=Stats{sum=3357111.3164930264, avg=2.4315292098593306}, 3=Stats{sum=2351502.057613169, avg=1.7031743666169896}}}","{12=15576992.386868952, 17=18922225.161025554, 4=3357111.3164930264, 3=2351502.057613169}"
/data-nonraid/maroulis/data/taxi_data/yellow_tripdata_2014_cleaned.csv,39,0.5871386528015137,"SELECT sum(CAST(column12 AS FLOAT)) as sum_column12, avg(CAST(column12 AS FLOAT)) as avg_column12, sum(CAST(column17 AS FLOAT)) as sum_column17, avg(CAST(column17 AS FLOAT)) as avg_column17, sum(CAST(column04 AS FLOAT)) as sum_column04, avg(CAST(column04 AS FLOAT)) as avg_column04, sum(CAST(column03 AS FLOAT)) as sum_column03, avg(CAST(column03 AS FLOAT)) as avg_column03 FROM query_table WHERE CAST(column05 AS FLOAT) > CAST(-73.98419 AS FLOAT) AND CAST(column05 AS FLOAT) < CAST(-73.97794 AS FLOAT) AND CAST(column06 AS FLOAT) > CAST(40.752747 AS FLOAT) AND CAST(column06 AS FLOAT) < CAST(40.755875 AS FLOAT) AND column12 >= 0.0 AND column12 <= 400.0 AND column04 <= 1000.0;",0.1,"{null={12=Stats{sum=14971922.02250877, avg=11.21558363075955}, 17=Stats{sum=18234765.895597048, avg=13.659805439937863}, 4=Stats{sum=3237323.5956915137, avg=2.4251043702153456}, 3=Stats{sum=2260202.247191011, avg=1.6931351424146521}}}","{12=14971922.02250877, 17=18234765.895597048, 4=3237323.5956915137, 3=2260202.247191011}"
/data-nonraid/maroulis/data/taxi_data/yellow_tripdata_2014_cleaned.csv,40,0.8518316745758057,"SELECT sum(CAST(column12 AS FLOAT)) as sum_column12, avg(CAST(column12 AS FLOAT)) as avg_column12, sum(CAST(column17 AS FLOAT)) as sum_column17, avg(CAST(column17 AS FLOAT)) as avg_column17, sum(CAST(column04 AS FLOAT)) as sum_column04, avg(CAST(column04 AS FLOAT)) as avg_column04, sum(CAST(column03 AS FLOAT)) as sum_column03, avg(CAST(column03 AS FLOAT)) as avg_column03 FROM query_table WHERE CAST(column05 AS FLOAT) > CAST(-73.98419 AS FLOAT) AND CAST(column05 AS FLOAT) < CAST(-73.97794 AS FLOAT) AND CAST(column06 AS FLOAT) > CAST(40.752308 AS FLOAT) AND CAST(column06 AS FLOAT) < CAST(40.755436 AS FLOAT) AND column12 >= 0.0 AND column12 <= 400.0 AND column04 <= 1000.0;",0.1,"{null={12=Stats{sum=16889351.644006494, avg=11.22481695948137}, 17=Stats{sum=20589966.904992927, avg=13.684279573416397}, 4=Stats{sum=3643549.0410725195, avg=2.421535884324274}, 3=Stats{sum=2536068.493150685, avg=1.6854942233632864}}}","{12=16889351.644006494, 17=20589966.904992927, 4=3643549.0410725195, 3=2536068.493150685}"
/data-nonraid/maroulis/data/taxi_data/yellow_tripdata_2014_cleaned.csv,41,0.5821366310119629,"SELECT sum(CAST(column12 AS FLOAT)) as sum_column12, avg(CAST(column12 AS FLOAT)) as avg_column12, sum(CAST(column17 AS FLOAT)) as sum_column17, avg(CAST(column17 AS FLOAT)) as avg_column17, sum(CAST(column04 AS FLOAT)) as sum_column04, avg(CAST(column04 AS FLOAT)) as avg_column04, sum(CAST(column03 AS FLOAT)) as sum_column03, avg(CAST(column03 AS FLOAT)) as avg_column03 FROM query_table WHERE CAST(column05 AS FLOAT) > CAST(-73.98419 AS FLOAT) AND CAST(column05 AS FLOAT) < CAST(-73.97794 AS FLOAT) AND CAST(column06 AS FLOAT) > CAST(40.752716 AS FLOAT) AND CAST(column06 AS FLOAT) < CAST(40.755844 AS FLOAT) AND column12 >= 0.0 AND column12 <= 400.0 AND column04 <= 1000.0;",0.1,"{null={12=Stats{sum=14947818.6441074, avg=11.231447037503091}, 17=Stats{sum=18214840.09709399, avg=13.686211795708813}, 4=Stats{sum=3236808.8980400306, avg=2.432063739493289}, 3=Stats{sum=2278601.694915254, avg=1.712088891718934}}}","{12=14947818.6441074, 17=18214840.09709399, 4=3236808.8980400306, 3=2278601.694915254}"
/data-nonraid/maroulis/data/taxi_data/yellow_tripdata_2014_cleaned.csv,42,1.3215916156768799,"SELECT sum(CAST(column12 AS FLOAT)) as sum_column12, avg(CAST(column12 AS FLOAT)) as avg_column12, sum(CAST(column17 AS FLOAT)) as sum_column17, avg(CAST(column17 AS FLOAT)) as avg_column17, sum(CAST(column04 AS FLOAT)) as sum_column04, avg(CAST(column04 AS FLOAT)) as avg_column04, sum(CAST(column03 AS FLOAT)) as sum_column03, avg(CAST(column03 AS FLOAT)) as avg_column03 FROM query_table WHERE CAST(column05 AS FLOAT) > CAST(-73.98494 AS FLOAT) AND CAST(column05 AS FLOAT) < CAST(-73.97869 AS FLOAT) AND CAST(column06 AS FLOAT) > CAST(40.752716 AS FLOAT) AND CAST(column06 AS FLOAT) < CAST(40.755844 AS FLOAT) AND column12 >= 0.0 AND column12 <= 400.0 AND column04 <= 1000.0;",0.1,"{null={12=Stats{sum=14993473.84354966, avg=11.3068938966179}, 17=Stats{sum=18295788.531231217, avg=13.79723884112333}, 4=Stats{sum=3269162.7414661315, avg=2.465344364770834}, 3=Stats{sum=2255264.928511354, avg=1.7007427045608783}}}","{12=14993473.84354966, 17=18295788.531231217, 4=3269162.7414661315, 3=2255264.928511354}"
/data-nonraid/maroulis/data/taxi_data/yellow_tripdata_2014_cleaned.csv,43,0.7048177719116211,"SELECT sum(CAST(column12 AS FLOAT)) as sum_column12, avg(CAST(column12 AS FLOAT)) as avg_column12, sum(CAST(column17 AS FLOAT)) as sum_column17, avg(CAST(column17 AS FLOAT)) as avg_column17, sum(CAST(column04 AS FLOAT)) as sum_column04, avg(CAST(column04 AS FLOAT)) as avg_column04, sum(CAST(column03 AS FLOAT)) as sum_column03, avg(CAST(column03 AS FLOAT)) as avg_column03 FROM query_table WHERE CAST(column05 AS FLOAT) > CAST(-73.98569 AS FLOAT) AND CAST(column05 AS FLOAT) < CAST(-73.97944 AS FLOAT) AND CAST(column06 AS FLOAT) > CAST(40.752716 AS FLOAT) AND CAST(column06 AS FLOAT) < CAST(40.755844 AS FLOAT) AND column12 >= 0.0 AND column12 <= 400.0 AND column04 <= 1000.0;",0.1,"{null={12=Stats{sum=14289247.777908567, avg=11.318002615172931}, 17=Stats{sum=17460121.6403227, avg=13.829538507403036}, 4=Stats{sum=3133863.3335505035, avg=2.482221174690174}, 3=Stats{sum=2177714.285714286, avg=1.724889676762343}}}","{12=14289247.777908567, 17=17460121.6403227, 4=3133863.3335505035, 3=2177714.285714286}"
/data-nonraid/maroulis/data/taxi_data/yellow_tripdata_2014_cleaned.csv,44,0.5931911468505859,"SELECT sum(CAST(column12 AS FLOAT)) as sum_column12, avg(CAST(column12 AS FLOAT)) as avg_column12, sum(CAST(column17 AS FLOAT)) as sum_column17, avg(CAST(column17 AS FLOAT)) as avg_column17, sum(CAST(column04 AS FLOAT)) as sum_column04, avg(CAST(column04 AS FLOAT)) as avg_column04, sum(CAST(column03 AS FLOAT)) as sum_column03, avg(CAST(column03 AS FLOAT)) as avg_column03 FROM query_table WHERE CAST(column05 AS FLOAT) > CAST(-73.984566 AS FLOAT) AND CAST(column05 AS FLOAT) < CAST(-73.97832 AS FLOAT) AND CAST(column06 AS FLOAT) > CAST(40.752716 AS FLOAT) AND CAST(column06 AS FLOAT) < CAST(40.755844 AS FLOAT) AND column12 >= 0.0 AND column12 <= 400.0 AND column04 <= 1000.0;",0.1,"{null={12=Stats{sum=14634032.229661414, avg=11.180437151158857}, 17=Stats{sum=17848621.024301246, avg=13.636391014130615}, 4=Stats{sum=3161028.918042721, avg=2.415033983561892}, 3=Stats{sum=2228079.4701986755, avg=1.7022582766937076}}}","{12=14634032.229661414, 17=17848621.024301246, 4=3161028.918042721, 3=2228079.4701986755}"
/data-nonraid/maroulis/data/taxi_data/yellow_tripdata_2014_cleaned.csv,45,0.8545315265655518,"SELECT sum(CAST(column12 AS FLOAT)) as sum_column12, avg(CAST(column12 AS FLOAT)) as avg_column12, sum(CAST(column17 AS FLOAT)) as sum_column17, avg(CAST(column17 AS FLOAT)) as avg_column17, sum(CAST(column04 AS FLOAT)) as sum_column04, avg(CAST(column04 AS FLOAT)) as avg_column04, sum(CAST(column03 AS FLOAT)) as sum_column03, avg(CAST(column03 AS FLOAT)) as avg_column03 FROM query_table WHERE CAST(column05 AS FLOAT) > CAST(-73.984566 AS FLOAT) AND CAST(column05 AS FLOAT) < CAST(-73.97832 AS FLOAT) AND CAST(column06 AS FLOAT) > CAST(40.752403 AS FLOAT) AND CAST(column06 AS FLOAT) < CAST(40.75553 AS FLOAT) AND column12 >= 0.0 AND column12 <= 400.0 AND column04 <= 1000.0;",0.1,"{null={12=Stats{sum=14470524.392750582, avg=11.20409869599509}, 17=Stats{sum=17691326.669531796, avg=13.697870560090132}, 4=Stats{sum=3139197.266451027, avg=2.4305875201824505}, 3=Stats{sum=2180485.829959514, avg=1.688285633679195}}}","{12=14470524.392750582, 17=17691326.669531796, 4=3139197.266451027, 3=2180485.829959514}"
/data-nonraid/maroulis/data/taxi_data/yellow_tripdata_2014_cleaned.csv,46,0.8910064697265625,"SELECT sum(CAST(column12 AS FLOAT)) as sum_column12, avg(CAST(column12 AS FLOAT)) as avg_column12, sum(CAST(column17 AS FLOAT)) as sum_column17, avg(CAST(column17 AS FLOAT)) as avg_column17, sum(CAST(column04 AS FLOAT)) as sum_column04, avg(CAST(column04 AS FLOAT)) as avg_column04, sum(CAST(column03 AS FLOAT)) as sum_column03, avg(CAST(column03 AS FLOAT)) as avg_column03 FROM query_table WHERE CAST(column05 AS FLOAT) > CAST(-73.98525 AS FLOAT) AND CAST(column05 AS FLOAT) < CAST(-73.979004 AS FLOAT) AND CAST(column06 AS FLOAT) > CAST(40.752403 AS FLOAT) AND CAST(column06 AS FLOAT) < CAST(40.75553 AS FLOAT) AND column12 >= 0.0 AND column12 <= 400.0 AND column04 <= 1000.0;",0.1,"{null={12=Stats{sum=14325908.00000971, avg=11.258107752839095}, 17=Stats{sum=17541489.017561708, avg=13.785092959191102}, 4=Stats{sum=3134013.9390565003, avg=2.4628851884832614}, 3=Stats{sum=2160278.7878787876, avg=1.697669102027986}}}","{12=14325908.00000971, 17=17541489.017561708, 4=3134013.9390565003, 3=2160278.7878787876}"
/data-nonraid/maroulis/data/taxi_data/yellow_tripdata_2014_cleaned.csv,47,0.972515344619751,"SELECT sum(CAST(column12 AS FLOAT)) as sum_column12, avg(CAST(column12 AS FLOAT)) as avg_column12, sum(CAST(column17 AS FLOAT)) as sum_column17, avg(CAST(column17 AS FLOAT)) as avg_column17, sum(CAST(column04 AS FLOAT)) as sum_column04, avg(CAST(column04 AS FLOAT)) as avg_column04, sum(CAST(column03 AS FLOAT)) as sum_column03, avg(CAST(column03 AS FLOAT)) as avg_column03 FROM query_table WHERE CAST(column05 AS FLOAT) > CAST(-73.986 AS FLOAT) AND CAST(column05 AS FLOAT) < CAST(-73.97975 AS FLOAT) AND CAST(column06 AS FLOAT) > CAST(40.752403 AS FLOAT) AND CAST(column06 AS FLOAT) < CAST(40.75553 AS FLOAT) AND column12 >= 0.0 AND column12 <= 400.0 AND column04 <= 1000.0;",0.1,"{null={12=Stats{sum=13760779.360366613, avg=11.387310089786384}, 17=Stats{sum=16828244.90941034, avg=13.925696941428132}, 4=Stats{sum=3029592.9931996353, avg=2.5070465818797363}, 3=Stats{sum=2056466.1081492766, avg=1.7017653324257722}}}","{12=13760779.360366613, 17=16828244.90941034, 4=3029592.9931996353, 3=2056466.1081492766}"
/data-nonraid/maroulis/data/taxi_data/yellow_tripdata_2014_cleaned.csv,48,0.755744218826294,"SELECT sum(CAST(column12 AS FLOAT)) as sum_column12, avg(CAST(column12 AS FLOAT)) as avg_column12, sum(CAST(column17 AS FLOAT)) as sum_column17, avg(CAST(column17 AS FLOAT)) as avg_column17, sum(CAST(column04 AS FLOAT)) as sum_column04, avg(CAST(column04 AS FLOAT)) as avg_column04, sum(CAST(column03 AS FLOAT)) as sum_column03, avg(CAST(column03 AS FLOAT)) as avg_column03 FROM query_table WHERE CAST(column05 AS FLOAT) > CAST(-73.98694 AS FLOAT) AND CAST(column05 AS FLOAT) < CAST(-73.98069 AS FLOAT) AND CAST(column06 AS FLOAT) > CAST(40.752403 AS FLOAT) AND CAST(column06 AS FLOAT) < CAST(40.75553 AS FLOAT) AND column12 >= 0.0 AND column12 <= 400.0 AND column04 <= 1000.0;",0.1,"{null={12=Stats{sum=12109881.882409487, avg=11.521860350632503}, 17=Stats{sum=14823346.16423775, avg=14.10356649981205}, 4=Stats{sum=2692121.175459991, avg=2.5613994035471945}, 3=Stats{sum=1800799.9999999998, avg=1.713358257404464}}}","{12=12109881.882409487, 17=14823346.16423775, 4=2692121.175459991, 3=1800799.9999999998}"
/data-nonraid/maroulis/data/taxi_data/yellow_tripdata_2014_cleaned.csv,49,0.573549747467041,"SELECT sum(CAST(column12 AS FLOAT)) as sum_column12, avg(CAST(column12 AS FLOAT)) as avg_column12, sum(CAST(column17 AS FLOAT)) as sum_column17, avg(CAST(column17 AS FLOAT)) as avg_column17, sum(CAST(column04 AS FLOAT)) as sum_column04, avg(CAST(column04 AS FLOAT)) as avg_column04, sum(CAST(column03 AS FLOAT)) as sum_column03, avg(CAST(column03 AS FLOAT)) as avg_column03 FROM query_table WHERE CAST(column05 AS FLOAT) > CAST(-73.987625 AS FLOAT) AND CAST(column05 AS FLOAT) < CAST(-73.98138 AS FLOAT) AND CAST(column06 AS FLOAT) > CAST(40.752403 AS FLOAT) AND CAST(column06 AS FLOAT) < CAST(40.75553 AS FLOAT) AND column12 >= 0.0 AND column12 <= 400.0 AND column04 <= 1000.0;",0.1,"{null={12=Stats{sum=11741498.454685505, avg=11.44661544746279}, 17=Stats{sum=14359802.914023662, avg=13.999162244286738}, 4=Stats{sum=2599643.929230366, avg=2.534354918418137}, 3=Stats{sum=1760286.9757174393, avg=1.7160780769147999}}}","{12=11741498.454685505, 17=14359802.914023662, 4=2599643.929230366, 3=1760286.9757174393}"
/data-nonraid/maroulis/data/taxi_data/yellow_tripdata_2014_cleaned.csv,50,0.6974518299102783,"SELECT sum(CAST(column12 AS FLOAT)) as sum_column12, avg(CAST(column12 AS FLOAT)) as avg_column12, sum(CAST(column17 AS FLOAT)) as sum_column17, avg(CAST(column17 AS FLOAT)) as avg_column17, sum(CAST(column04 AS FLOAT)) as sum_column04, avg(CAST(column04 AS FLOAT)) as avg_column04, sum(CAST(column03 AS FLOAT)) as sum_column03, avg(CAST(column03 AS FLOAT)) as avg_column03 FROM query_table WHERE CAST(column05 AS FLOAT) > CAST(-73.988625 AS FLOAT) AND CAST(column05 AS FLOAT) < CAST(-73.982376 AS FLOAT) AND CAST(column06 AS FLOAT) > CAST(40.751904 AS FLOAT) AND CAST(column06 AS FLOAT) < CAST(40.75503 AS FLOAT) AND column12 >= 0.0 AND column12 <= 400.0 AND column04 <= 1000.0;",0.1,"{null={12=Stats{sum=11679580.969510857, avg=11.338015615771807}, 17=Stats{sum=14249267.188030256, avg=13.832552239068725}, 4=Stats{sum=2568085.636859643, avg=2.492982850100772}, 3=Stats{sum=1773824.0574506284, avg=1.7219491791278887}}}","{12=11679580.969510857, 17=14249267.188030256, 4=2568085.636859643, 3=1773824.0574506284}"
/data-nonraid/maroulis/data/taxi_data/yellow_tripdata_2014_cleaned.csv,51,0.6666803359985352,"SELECT sum(CAST(column12 AS FLOAT)) as sum_column12, avg(CAST(column12 AS FLOAT)) as avg_column12, sum(CAST(column17 AS FLOAT)) as sum_column17, avg(CAST(column17 AS FLOAT)) as avg_column17, sum(CAST(column04 AS FLOAT)) as sum_column04, avg(CAST(column04 AS FLOAT)) as avg_column04, sum(CAST(column03 AS FLOAT)) as sum_column03, avg(CAST(column03 AS FLOAT)) as avg_column03 FROM query_table WHERE CAST(column05 AS FLOAT) > CAST(-73.98937 AS FLOAT) AND CAST(column05 AS FLOAT) < CAST(-73.98312 AS FLOAT) AND CAST(column06 AS FLOAT) > CAST(40.751904 AS FLOAT) AND CAST(column06 AS FLOAT) < CAST(40.75503 AS FLOAT) AND column12 >= 0.0 AND column12 <= 400.0 AND column04 <= 1000.0;",0.1,"{null={12=Stats{sum=12219492.796003103, avg=11.171866796414774}, 17=Stats{sum=14922119.93748696, avg=13.642786901618232}, 4=Stats{sum=2672434.64872011, avg=2.443316135624734}, 3=Stats{sum=1872675.8147512865, avg=1.7121238258033151}}}","{12=12219492.796003103, 17=14922119.93748696, 4=2672434.64872011, 3=1872675.8147512865}"
/data-nonraid/maroulis/data/taxi_data/yellow_tripdata_2014_cleaned.csv,52,0.6917719841003418,"SELECT sum(CAST(column12 AS FLOAT)) as sum_column12, avg(CAST(column12 AS FLOAT)) as avg_column12, sum(CAST(column17 AS FLOAT)) as sum_column17, avg(CAST(column17 AS FLOAT)) as avg_column17, sum(CAST(column04 AS FLOAT)) as sum_column04, avg(CAST(column04 AS FLOAT)) as avg_column04, sum(CAST(column03 AS FLOAT)) as sum_column03, avg(CAST(column03 AS FLOAT)) as avg_column03 FROM query_table WHERE CAST(column05 AS FLOAT) > CAST(-73.99049 AS FLOAT) AND CAST(column05 AS FLOAT) < CAST(-73.984245 AS FLOAT) AND CAST(column06 AS FLOAT) > CAST(40.751904 AS FLOAT) AND CAST(column06 AS FLOAT) < CAST(40.75503 AS FLOAT) AND column12 >= 0.0 AND column12 <= 400.0 AND column04 <= 1000.0;",0.1,"{null={12=Stats{sum=12539880.513770344, avg=11.095162924506772}, 17=Stats{sum=15238319.526276922, avg=13.48271521838455}, 4=Stats{sum=2699557.0995682273, avg=2.388541566311369}, 3=Stats{sum=1934818.731117825, avg=1.7119085805934242}}}","{12=12539880.513770344, 17=15238319.526276922, 4=2699557.0995682273, 3=1934818.731117825}"
/data-nonraid/maroulis/data/taxi_data/yellow_tripdata_2014_cleaned.csv,53,0.7928638458251953,"SELECT sum(CAST(column12 AS FLOAT)) as sum_column12, avg(CAST(column12 AS FLOAT)) as avg_column12, sum(CAST(column17 AS FLOAT)) as sum_column17, avg(CAST(column17 AS FLOAT)) as avg_column17, sum(CAST(column04 AS FLOAT)) as sum_column04, avg(CAST(column04 AS FLOAT)) as avg_column04, sum(CAST(column03 AS FLOAT)) as sum_column03, avg(CAST(column03 AS FLOAT)) as avg_column03 FROM query_table WHERE CAST(column05 AS FLOAT) > CAST(-73.99143 AS FLOAT) AND CAST(column05 AS FLOAT) < CAST(-73.98518 AS FLOAT) AND CAST(column06 AS FLOAT) > CAST(40.751904 AS FLOAT) AND CAST(column06 AS FLOAT) < CAST(40.75503 AS FLOAT) AND column12 >= 0.0 AND column12 <= 400.0 AND column04 <= 1000.0;",0.1,"{null={12=Stats{sum=10615102.44944606, avg=11.049798461332783}, 17=Stats{sum=12890523.996909207, avg=13.418400143114365}, 4=Stats{sum=2268734.930940191, avg=2.3616412435457055}, 3=Stats{sum=1640063.8977635782, avg=1.7072256834356916}}}","{12=10615102.44944606, 17=12890523.996909207, 4=2268734.930940191, 3=1640063.8977635782}"
/data-nonraid/maroulis/data/taxi_data/yellow_tripdata_2014_cleaned.csv,54,0.9226963520050049,"SELECT sum(CAST(column12 AS FLOAT)) as sum_column12, avg(CAST(column12 AS FLOAT)) as avg_column12, sum(CAST(column17 AS FLOAT)) as sum_column17, avg(CAST(column17 AS FLOAT)) as avg_column17, sum(CAST(column04 AS FLOAT)) as sum_column04, avg(CAST(column04 AS FLOAT)) as avg_column04, sum(CAST(column03 AS FLOAT)) as sum_column03, avg(CAST(column03 AS FLOAT)) as avg_column03 FROM query_table WHERE CAST(column05 AS FLOAT) > CAST(-73.99081 AS FLOAT) AND CAST(column05 AS FLOAT) < CAST(-73.98456 AS FLOAT) AND CAST(column06 AS FLOAT) > CAST(40.751904 AS FLOAT) AND CAST(column06 AS FLOAT) < CAST(40.75503 AS FLOAT) AND column12 >= 0.0 AND column12 <= 400.0 AND column04 <= 1000.0;",0.1,"{null={12=Stats{sum=11812339.414237434, avg=11.10077508651599}, 17=Stats{sum=14355722.38331759, avg=13.490947033709121}, 4=Stats{sum=2542088.9538535266, avg=2.3889558822388834}, 3=Stats{sum=1825790.7949790796, avg=1.7158068575023593}}}","{12=11812339.414237434, 17=14355722.38331759, 4=2542088.9538535266, 3=1825790.7949790796}"
/data-nonraid/maroulis/data/taxi_data/yellow_tripdata_2014_cleaned.csv,55,0.7365908622741699,"SELECT sum(CAST(column12 AS FLOAT)) as sum_column12, avg(CAST(column12 AS FLOAT)) as avg_column12, sum(CAST(column17 AS FLOAT)) as sum_column17, avg(CAST(column17 AS FLOAT)) as avg_column17, sum(CAST(column04 AS FLOAT)) as sum_column04, avg(CAST(column04 AS FLOAT)) as avg_column04, sum(CAST(column03 AS FLOAT)) as sum_column03, avg(CAST(column03 AS FLOAT)) as avg_column03 FROM query_table WHERE CAST(column05 AS FLOAT) > CAST(-73.991615 AS FLOAT) AND CAST(column05 AS FLOAT) < CAST(-73.98537 AS FLOAT) AND CAST(column06 AS FLOAT) > CAST(40.751904 AS FLOAT) AND CAST(column06 AS FLOAT) < CAST(40.75503 AS FLOAT) AND column12 >= 0.0 AND column12 <= 400.0 AND column04 <= 1000.0;",0.1,"{null={12=Stats{sum=10704238.775571188, avg=11.000196441741862}, 17=Stats{sum=12962956.836402012, avg=13.32136498969622}, 4=Stats{sum=2284460.3747290364, avg=2.347622601874713}, 3=Stats{sum=1678758.5034013607, avg=1.7251738963263308}}}","{12=10704238.775571188, 17=12962956.836402012, 4=2284460.3747290364, 3=1678758.5034013607}"
/data-nonraid/maroulis/data/taxi_data/yellow_tripdata_2014_cleaned.csv,56,0.783104658126831,"SELECT sum(CAST(column12 AS FLOAT)) as sum_column12, avg(CAST(column12 AS FLOAT)) as avg_column12, sum(CAST(column17 AS FLOAT)) as sum_column17, avg(CAST(column17 AS FLOAT)) as avg_column17, sum(CAST(column04 AS FLOAT)) as sum_column04, avg(CAST(column04 AS FLOAT)) as avg_column04, sum(CAST(column03 AS FLOAT)) as sum_column03, avg(CAST(column03 AS FLOAT)) as avg_column03 FROM query_table WHERE CAST(column05 AS FLOAT) > CAST(-73.990616 AS FLOAT) AND CAST(column05 AS FLOAT) < CAST(-73.98437 AS FLOAT) AND CAST(column06 AS FLOAT) > CAST(40.751404 AS FLOAT) AND CAST(column06 AS FLOAT) < CAST(40.75453 AS FLOAT) AND column12 >= 0.0 AND column12 <= 400.0 AND column04 <= 1000.0;",0.1,"{null={12=Stats{sum=12502330.806332804, avg=11.158838837938415}, 17=Stats{sum=15185086.567054728, avg=13.553307488558596}, 4=Stats{sum=2689126.9554714886, avg=2.4001552011135896}, 3=Stats{sum=1917677.4969915762, avg=1.7116051769507545}}}","{12=12502330.806332804, 17=15185086.567054728, 4=2689126.9554714886, 3=1917677.4969915762}"
/data-nonraid/maroulis/data/taxi_data/yellow_tripdata_2014_cleaned.csv,57,0.84783935546875,"SELECT sum(CAST(column12 AS FLOAT)) as sum_column12, avg(CAST(column12 AS FLOAT)) as avg_column12, sum(CAST(column17 AS FLOAT)) as sum_column17, avg(CAST(column17 AS FLOAT)) as avg_column17, sum(CAST(column04 AS FLOAT)) as sum_column04, avg(CAST(column04 AS FLOAT)) as avg_column04, sum(CAST(column03 AS FLOAT)) as sum_column03, avg(CAST(column03 AS FLOAT)) as avg_column03 FROM query_table WHERE CAST(column05 AS FLOAT) > CAST(-73.991806 AS FLOAT) AND CAST(column05 AS FLOAT) < CAST(-73.98556 AS FLOAT) AND CAST(column06 AS FLOAT) > CAST(40.751404 AS FLOAT) AND CAST(column06 AS FLOAT) < CAST(40.75453 AS FLOAT) AND column12 >= 0.0 AND column12 <= 400.0 AND column04 <= 1000.0;",0.1,"{null={12=Stats{sum=10643607.991204808, avg=11.033642984612014}, 17=Stats{sum=12884951.08682228, avg=13.357120093455531}, 4=Stats{sum=2247083.685304122, avg=2.329428062427675}, 3=Stats{sum=1650255.271920089, avg=1.710728873036875}}}","{12=10643607.991204808, 17=12884951.08682228, 4=2247083.685304122, 3=1650255.271920089}"
/data-nonraid/maroulis/data/taxi_data/yellow_tripdata_2014_cleaned.csv,58,0.45127177238464355,"SELECT sum(CAST(column12 AS FLOAT)) as sum_column12, avg(CAST(column12 AS FLOAT)) as avg_column12, sum(CAST(column17 AS FLOAT)) as sum_column17, avg(CAST(column17 AS FLOAT)) as avg_column17, sum(CAST(column04 AS FLOAT)) as sum_column04, avg(CAST(column04 AS FLOAT)) as avg_column04, sum(CAST(column03 AS FLOAT)) as sum_column03, avg(CAST(column03 AS FLOAT)) as avg_column03 FROM query_table WHERE CAST(column05 AS FLOAT) > CAST(-73.991806 AS FLOAT) AND CAST(column05 AS FLOAT) < CAST(-73.98556 AS FLOAT) AND CAST(column06 AS FLOAT) > CAST(40.750935 AS FLOAT) AND CAST(column06 AS FLOAT) < CAST(40.754063 AS FLOAT) AND column12 >= 0.0 AND column12 <= 400.0 AND column04 <= 1000.0;",0.1,"{null={12=Stats{sum=12492256.730886606, avg=10.999249612068917}, 17=Stats{sum=15032883.688562956, avg=13.236234544466324}, 4=Stats{sum=2622231.7314692414, avg=2.3088367439492123}, 3=Stats{sum=1949743.5897435897, avg=1.7167207563143785}}}","{12=12492256.730886606, 17=15032883.688562956, 4=2622231.7314692414, 3=1949743.5897435897}"
/data-nonraid/maroulis/data/taxi_data/yellow_tripdata_2014_cleaned.csv,59,0.6340463161468506,"SELECT sum(CAST(column12 AS FLOAT)) as sum_column12, avg(CAST(column12 AS FLOAT)) as avg_column12, sum(CAST(column17 AS FLOAT)) as sum_column17, avg(CAST(column17 AS FLOAT)) as avg_column17, sum(CAST(column04 AS FLOAT)) as sum_column04, avg(CAST(column04 AS FLOAT)) as avg_column04, sum(CAST(column03 AS FLOAT)) as sum_column03, avg(CAST(column03 AS FLOAT)) as avg_column03 FROM query_table WHERE CAST(column05 AS FLOAT) > CAST(-73.992615 AS FLOAT) AND CAST(column05 AS FLOAT) < CAST(-73.98637 AS FLOAT) AND CAST(column06 AS FLOAT) > CAST(40.750935 AS FLOAT) AND CAST(column06 AS FLOAT) < CAST(40.754063 AS FLOAT) AND column12 >= 0.0 AND column12 <= 400.0 AND column04 <= 1000.0;",0.1,"{null={12=Stats{sum=11472634.58987826, avg=10.932320987206776}, 17=Stats{sum=13783749.029541226, avg=13.134591502721573}, 4=Stats{sum=2373414.855536544, avg=2.2616368396690856}, 3=Stats{sum=1793192.9046563192, avg=1.70874094107207}}}","{12=11472634.58987826, 17=13783749.029541226, 4=2373414.855536544, 3=1793192.9046563192}"
/data-nonraid/maroulis/data/taxi_data/yellow_tripdata_2014_cleaned.csv,60,0.5959799289703369,"SELECT sum(CAST(column12 AS FLOAT)) as sum_column12, avg(CAST(column12 AS FLOAT)) as avg_column12, sum(CAST(column17 AS FLOAT)) as sum_column17, avg(CAST(column17 AS FLOAT)) as avg_column17, sum(CAST(column04 AS FLOAT)) as sum_column04, avg(CAST(column04 AS FLOAT)) as avg_column04, sum(CAST(column03 AS FLOAT)) as sum_column03, avg(CAST(column03 AS FLOAT)) as avg_column03 FROM query_table WHERE CAST(column05 AS FLOAT) > CAST(-73.993805 AS FLOAT) AND CAST(column05 AS FLOAT) < CAST(-73.98756 AS FLOAT) AND CAST(column06 AS FLOAT) > CAST(40.750935 AS FLOAT) AND CAST(column06 AS FLOAT) < CAST(40.754063 AS FLOAT) AND column12 >= 0.0 AND column12 <= 400.0 AND column04 <= 1000.0;",0.1,"{null={12=Stats{sum=14471563.839316366, avg=11.140005842148756}, 17=Stats{sum=17335275.03864041, avg=13.344450354498274}, 4=Stats{sum=3000303.570778383, avg=2.3095913943927897}, 3=Stats{sum=2239084.821428571, avg=1.7236159318189628}}}","{12=14471563.839316366, 17=17335275.03864041, 4=3000303.570778383, 3=2239084.821428571}"
/data-nonraid/maroulis/data/taxi_data/yellow_tripdata_2014_cleaned.csv,61,0.4979832172393799,"SELECT sum(CAST(column12 AS FLOAT)) as sum_column12, avg(CAST(column12 AS FLOAT)) as avg_column12, sum(CAST(column17 AS FLOAT)) as sum_column17, avg(CAST(column17 AS FLOAT)) as avg_column17, sum(CAST(column04 AS FLOAT)) as sum_column04, avg(CAST(column04 AS FLOAT)) as avg_column04, sum(CAST(column03 AS FLOAT)) as sum_column03, avg(CAST(column03 AS FLOAT)) as avg_column03 FROM query_table WHERE CAST(column05 AS FLOAT) > CAST(-73.993805 AS FLOAT) AND CAST(column05 AS FLOAT) < CAST(-73.98756 AS FLOAT) AND CAST(column06 AS FLOAT) > CAST(40.75031 AS FLOAT) AND CAST(column06 AS FLOAT) < CAST(40.753437 AS FLOAT) AND column12 >= 0.0 AND column12 <= 400.0 AND column04 <= 1000.0;",0.1,"{null={12=Stats{sum=17182659.806350816, avg=11.082470757301529}, 17=Stats{sum=20423685.031491388, avg=13.172866987343937}, 4=Stats{sum=3538107.506244716, avg=2.282008339573451}, 3=Stats{sum=2626295.3995157382, avg=1.6939078287757874}}}","{12=17182659.806350816, 17=20423685.031491388, 4=3538107.506244716, 3=2626295.3995157382}"
/data-nonraid/maroulis/data/taxi_data/yellow_tripdata_2014_cleaned.csv,62,0.5365927219390869,"SELECT sum(CAST(column12 AS FLOAT)) as sum_column12, avg(CAST(column12 AS FLOAT)) as avg_column12, sum(CAST(column17 AS FLOAT)) as sum_column17, avg(CAST(column17 AS FLOAT)) as avg_column17, sum(CAST(column04 AS FLOAT)) as sum_column04, avg(CAST(column04 AS FLOAT)) as avg_column04, sum(CAST(column03 AS FLOAT)) as sum_column03, avg(CAST(column03 AS FLOAT)) as avg_column03 FROM query_table WHERE CAST(column05 AS FLOAT) > CAST(-73.99312 AS FLOAT) AND CAST(column05 AS FLOAT) < CAST(-73.98687 AS FLOAT) AND CAST(column06 AS FLOAT) > CAST(40.75031 AS FLOAT) AND CAST(column06 AS FLOAT) < CAST(40.753437 AS FLOAT) AND column12 >= 0.0 AND column12 <= 400.0 AND column04 <= 1000.0;",0.1,"{null={12=Stats{sum=16507121.600074768, avg=10.998881663162825}, 17=Stats{sum=19651535.77653885, avg=13.094040362832388}, 4=Stats{sum=3410519.733457367, avg=2.2724678394572004}, 3=Stats{sum=2545226.666666667, avg=1.69591329068941}}}","{12=16507121.600074768, 17=19651535.77653885, 4=3410519.733457367, 3=2545226.666666667}"
/data-nonraid/maroulis/data/taxi_data/yellow_tripdata_2014_cleaned.csv,63,0.5103418827056885,"SELECT sum(CAST(column12 AS FLOAT)) as sum_column12, avg(CAST(column12 AS FLOAT)) as avg_column12, sum(CAST(column17 AS FLOAT)) as sum_column17, avg(CAST(column17 AS FLOAT)) as avg_column17, sum(CAST(column04 AS FLOAT)) as sum_column04, avg(CAST(column04 AS FLOAT)) as avg_column04, sum(CAST(column03 AS FLOAT)) as sum_column03, avg(CAST(column03 AS FLOAT)) as avg_column03 FROM query_table WHERE CAST(column05 AS FLOAT) > CAST(-73.993744 AS FLOAT) AND CAST(column05 AS FLOAT) < CAST(-73.987495 AS FLOAT) AND CAST(column06 AS FLOAT) > CAST(40.749996 AS FLOAT) AND CAST(column06 AS FLOAT) < CAST(40.753124 AS FLOAT) AND column12 >= 0.0 AND column12 <= 400.0 AND column04 <= 1000.0;",0.1,"{null={12=Stats{sum=23260664.11965709, avg=11.19678223603778}, 17=Stats{sum=27547317.328167915, avg=13.260210960609204}, 4=Stats{sum=4762373.421033752, avg=2.2924219982587184}, 3=Stats{sum=3499667.774086379, avg=1.684604436199645}}}","{12=23260664.11965709, 17=27547317.328167915, 4=4762373.421033752, 3=3499667.774086379}"
/data-nonraid/maroulis/data/taxi_data/yellow_tripdata_2014_cleaned.csv,64,0.8641762733459473,"SELECT sum(CAST(column12 AS FLOAT)) as sum_column12, avg(CAST(column12 AS FLOAT)) as avg_column12, sum(CAST(column17 AS FLOAT)) as sum_column17, avg(CAST(column17 AS FLOAT)) as avg_column17, sum(CAST(column04 AS FLOAT)) as sum_column04, avg(CAST(column04 AS FLOAT)) as avg_column04, sum(CAST(column03 AS FLOAT)) as sum_column03, avg(CAST(column03 AS FLOAT)) as avg_column03 FROM query_table WHERE CAST(column05 AS FLOAT) > CAST(-73.992935 AS FLOAT) AND CAST(column05 AS FLOAT) < CAST(-73.98669 AS FLOAT) AND CAST(column06 AS FLOAT) > CAST(40.749996 AS FLOAT) AND CAST(column06 AS FLOAT) < CAST(40.753124 AS FLOAT) AND column12 >= 0.0 AND column12 <= 400.0 AND column04 <= 1000.0;",0.1,"{null={12=Stats{sum=22202991.62594865, avg=11.089910012676528}, 17=Stats{sum=26337758.752661992, avg=13.155136002539725}, 4=Stats{sum=4548173.413613327, avg=2.271713412712894}, 3=Stats{sum=3391422.764227642, avg=1.6939416950584145}}}","{12=22202991.62594865, 17=26337758.752661992, 4=4548173.413613327, 3=3391422.764227642}"
/data-nonraid/maroulis/data/taxi_data/yellow_tripdata_2014_cleaned.csv,65,0.8207817077636719,"SELECT sum(CAST(column12 AS FLOAT)) as sum_column12, avg(CAST(column12 AS FLOAT)) as avg_column12, sum(CAST(column17 AS FLOAT)) as sum_column17, avg(CAST(column17 AS FLOAT)) as avg_column17, sum(CAST(column04 AS FLOAT)) as sum_column04, avg(CAST(column04 AS FLOAT)) as avg_column04, sum(CAST(column03 AS FLOAT)) as sum_column03, avg(CAST(column03 AS FLOAT)) as avg_column03 FROM query_table WHERE CAST(column05 AS FLOAT) > CAST(-73.993935 AS FLOAT) AND CAST(column05 AS FLOAT) < CAST(-73.987686 AS FLOAT) AND CAST(column06 AS FLOAT) > CAST(40.749996 AS FLOAT) AND CAST(column06 AS FLOAT) < CAST(40.753124 AS FLOAT) AND column12 >= 0.0 AND column12 <= 400.0 AND column04 <= 1000.0;",0.1,"{null={12=Stats{sum=23674037.82963511, avg=11.263940250838534}, 17=Stats{sum=28043125.30990063, avg=13.342721263293983}, 4=Stats{sum=4859213.2852101065, avg=2.3119794140977374}, 3=Stats{sum=3550141.987829615, avg=1.6891325223299378}}}","{12=23674037.82963511, 17=28043125.30990063, 4=4859213.2852101065, 3=3550141.987829615}"
/data-nonraid/maroulis/data/taxi_data/yellow_tripdata_2014_cleaned.csv,66,0.9647870063781738,"SELECT sum(CAST(column12 AS FLOAT)) as sum_column12, avg(CAST(column12 AS FLOAT)) as avg_column12, sum(CAST(column17 AS FLOAT)) as sum_column17, avg(CAST(column17 AS FLOAT)) as avg_column17, sum(CAST(column04 AS FLOAT)) as sum_column04, avg(CAST(column04 AS FLOAT)) as avg_column04, sum(CAST(column03 AS FLOAT)) as sum_column03, avg(CAST(column03 AS FLOAT)) as avg_column03 FROM query_table WHERE CAST(column05 AS FLOAT) > CAST(-73.992744 AS FLOAT) AND CAST(column05 AS FLOAT) < CAST(-73.986496 AS FLOAT) AND CAST(column06 AS FLOAT) > CAST(40.75059 AS FLOAT) AND CAST(column06 AS FLOAT) < CAST(40.75372 AS FLOAT) AND column12 >= 0.0 AND column12 <= 400.0 AND column04 <= 1000.0;",0.1,"{null={12=Stats{sum=13657462.099269249, avg=10.892434952564356}, 17=Stats{sum=16317201.053244725, avg=13.01369535485605}, 4=Stats{sum=2811020.7000607485, avg=2.241914339807094}, 3=Stats{sum=2134839.6501457724, avg=1.7026298044504382}}}","{12=13657462.099269249, 17=16317201.053244725, 4=2811020.7000607485, 3=2134839.6501457724}"
/data-nonraid/maroulis/data/taxi_data/yellow_tripdata_2014_cleaned.csv,67,0.8006100654602051,"SELECT sum(CAST(column12 AS FLOAT)) as sum_column12, avg(CAST(column12 AS FLOAT)) as avg_column12, sum(CAST(column17 AS FLOAT)) as sum_column17, avg(CAST(column17 AS FLOAT)) as avg_column17, sum(CAST(column04 AS FLOAT)) as sum_column04, avg(CAST(column04 AS FLOAT)) as avg_column04, sum(CAST(column03 AS FLOAT)) as sum_column03, avg(CAST(column03 AS FLOAT)) as avg_column03 FROM query_table WHERE CAST(column05 AS FLOAT) > CAST(-73.992744 AS FLOAT) AND CAST(column05 AS FLOAT) < CAST(-73.986496 AS FLOAT) AND CAST(column06 AS FLOAT) > CAST(40.750248 AS FLOAT) AND CAST(column06 AS FLOAT) < CAST(40.753376 AS FLOAT) AND column12 >= 0.0 AND column12 <= 400.0 AND column04 <= 1000.0;",0.1,"{null={12=Stats{sum=17156979.87517403, avg=11.018228186695675}, 17=Stats{sum=20423817.67079908, avg=13.116194410529904}, 4=Stats{sum=3554752.261422214, avg=2.282865157416007}, 3=Stats{sum=2645756.6302652103, avg=1.6991073307084248}}}","{12=17156979.87517403, 17=20423817.67079908, 4=3554752.261422214, 3=2645756.6302652103}"
/data-nonraid/maroulis/data/taxi_data/yellow_tripdata_2014_cleaned.csv,68,0.7540075778961182,"SELECT sum(CAST(column12 AS FLOAT)) as sum_column12, avg(CAST(column12 AS FLOAT)) as avg_column12, sum(CAST(column17 AS FLOAT)) as sum_column17, avg(CAST(column17 AS FLOAT)) as avg_column17, sum(CAST(column04 AS FLOAT)) as sum_column04, avg(CAST(column04 AS FLOAT)) as avg_column04, sum(CAST(column03 AS FLOAT)) as sum_column03, avg(CAST(column03 AS FLOAT)) as avg_column03 FROM query_table WHERE CAST(column05 AS FLOAT) > CAST(-73.991684 AS FLOAT) AND CAST(column05 AS FLOAT) < CAST(-73.985435 AS FLOAT) AND CAST(column06 AS FLOAT) > CAST(40.75078 AS FLOAT) AND CAST(column06 AS FLOAT) < CAST(40.753906 AS FLOAT) AND column12 >= 0.0 AND column12 <= 400.0 AND column04 <= 1000.0;",0.1,"{null={12=Stats{sum=13938394.961815754, avg=10.902114470623246}, 17=Stats{sum=16758399.429889126, avg=13.10782119674402}, 4=Stats{sum=2932572.8240573904, avg=2.2937536717030773}, 3=Stats{sum=2195969.465648855, avg=1.7176088462181462}}}","{12=13938394.961815754, 17=16758399.429889126, 4=2932572.8240573904, 3=2195969.465648855}"
/data-nonraid/maroulis/data/taxi_data/yellow_tripdata_2014_cleaned.csv,69,0.48705029487609863,"SELECT sum(CAST(column12 AS FLOAT)) as sum_column12, avg(CAST(column12 AS FLOAT)) as avg_column12, sum(CAST(column17 AS FLOAT)) as sum_column17, avg(CAST(column17 AS FLOAT)) as avg_column17, sum(CAST(column04 AS FLOAT)) as sum_column04, avg(CAST(column04 AS FLOAT)) as avg_column04, sum(CAST(column03 AS FLOAT)) as sum_column03, avg(CAST(column03 AS FLOAT)) as avg_column03 FROM query_table WHERE CAST(column05 AS FLOAT) > CAST(-73.994804 AS FLOAT) AND CAST(column05 AS FLOAT) < CAST(-73.98231 AS FLOAT) AND CAST(column06 AS FLOAT) > CAST(40.749214 AS FLOAT) AND CAST(column06 AS FLOAT) < CAST(40.75547 AS FLOAT) AND column12 >= 0.0 AND column12 <= 400.0 AND column04 <= 1000.0;",0.1,"{null={12=Stats{sum=82603469.2100608, avg=11.47748199753618}, 17=Stats{sum=98677707.59141412, avg=13.71094487034755}, 4=Stats{sum=17267032.423921395, avg=2.399197705515902}, 3=Stats{sum=12199564.032697547, avg=1.69508953924204}}}","{12=82603469.2100608, 17=98677707.59141412, 4=17267032.423921395, 3=12199564.032697547}"
/data-nonraid/maroulis/data/taxi_data/yellow_tripdata_2014_cleaned.csv,70,0.3546895980834961,"SELECT sum(CAST(column12 AS FLOAT)) as sum_column12, avg(CAST(column12 AS FLOAT)) as avg_column12, sum(CAST(column17 AS FLOAT)) as sum_column17, avg(CAST(column17 AS FLOAT)) as avg_column17, sum(CAST(column04 AS FLOAT)) as sum_column04, avg(CAST(column04 AS FLOAT)) as avg_column04, sum(CAST(column03 AS FLOAT)) as sum_column03, avg(CAST(column03 AS FLOAT)) as avg_column03 FROM query_table WHERE CAST(column05 AS FLOAT) > CAST(-74.00105 AS FLOAT) AND CAST(column05 AS FLOAT) < CAST(-73.97606 AS FLOAT) AND CAST(column06 AS FLOAT) > CAST(40.746086 AS FLOAT) AND CAST(column06 AS FLOAT) < CAST(40.7586 AS FLOAT) AND column12 >= 0.0 AND column12 <= 400.0 AND column04 <= 1000.0;",0.1,"{null={12=Stats{sum=254776745.4114398, avg=11.32839710450505}, 17=Stats{sum=305444517.68143743, avg=13.581289705626212}, 4=Stats{sum=54192099.51561907, avg=2.4095983416711912}, 3=Stats{sum=38168357.487922706, avg=1.6971184310861462}}}","{12=254776745.4114398, 17=305444517.68143743, 4=54192099.51561907, 3=38168357.487922706}"
/data-nonraid/maroulis/data/taxi_data/yellow_tripdata_2014_cleaned.csv,71,0.556689977645874,"SELECT sum(CAST(column12 AS FLOAT)) as sum_column12, avg(CAST(column12 AS FLOAT)) as avg_column12, sum(CAST(column17 AS FLOAT)) as sum_column17, avg(CAST(column17 AS FLOAT)) as avg_column17, sum(CAST(column04 AS FLOAT)) as sum_column04, avg(CAST(column04 AS FLOAT)) as avg_column04, sum(CAST(column03 AS FLOAT)) as sum_column03, avg(CAST(column03 AS FLOAT)) as avg_column03 FROM query_table WHERE CAST(column05 AS FLOAT) > CAST(-74.01355 AS FLOAT) AND CAST(column05 AS FLOAT) < CAST(-73.96356 AS FLOAT) AND CAST(column06 AS FLOAT) > CAST(40.73983 AS FLOAT) AND CAST(column06 AS FLOAT) < CAST(40.764854 AS FLOAT) AND column12 >= 0.0 AND column12 <= 400.0 AND column04 <= 1000.0;",0.1,"{null={12=Stats{sum=752915739.166927, avg=11.34923731019022}, 17=Stats{sum=911609518.4778895, avg=13.741342120011128}, 4=Stats{sum=162209307.20658895, avg=2.445096875576105}, 3=Stats{sum=112917072.243346, avg=1.702079771475602}}}","{12=752915739.166927, 17=911609518.4778895, 4=162209307.20658895, 3=112917072.243346}"
/data-nonraid/maroulis/data/taxi_data/yellow_tripdata_2014_cleaned.csv,72,0.5954620838165283,"SELECT sum(CAST(column12 AS FLOAT)) as sum_column12, avg(CAST(column12 AS FLOAT)) as avg_column12, sum(CAST(column17 AS FLOAT)) as sum_column17, avg(CAST(column17 AS FLOAT)) as avg_column17, sum(CAST(column04 AS FLOAT)) as sum_column04, avg(CAST(column04 AS FLOAT)) as avg_column04, sum(CAST(column03 AS FLOAT)) as sum_column03, avg(CAST(column03 AS FLOAT)) as avg_column03 FROM query_table WHERE CAST(column05 AS FLOAT) > CAST(-74.01755 AS FLOAT) AND CAST(column05 AS FLOAT) < CAST(-73.96756 AS FLOAT) AND CAST(column06 AS FLOAT) > CAST(40.741833 AS FLOAT) AND CAST(column06 AS FLOAT) < CAST(40.766857 AS FLOAT) AND column12 >= 0.0 AND column12 <= 400.0 AND column04 <= 1000.0;",0.1,"{null={12=Stats{sum=684432390.5720413, avg=11.434437243677198}, 17=Stats{sum=825617573.0073805, avg=13.793140792094489}, 4=Stats{sum=147089779.9394071, avg=2.4573484263328558}, 3=Stats{sum=103154263.26129666, avg=1.723341802531044}}}","{12=684432390.5720413, 17=825617573.0073805, 4=147089779.9394071, 3=103154263.26129666}"
/data-nonraid/maroulis/data/taxi_data/yellow_tripdata_2014_cleaned.csv,73,0.437821626663208,"SELECT sum(CAST(column12 AS FLOAT)) as sum_column12, avg(CAST(column12 AS FLOAT)) as avg_column12, sum(CAST(column17 AS FLOAT)) as sum_column17, avg(CAST(column17 AS FLOAT)) as avg_column17, sum(CAST(column04 AS FLOAT)) as sum_column04, avg(CAST(column04 AS FLOAT)) as avg_column04, sum(CAST(column03 AS FLOAT)) as sum_column03, avg(CAST(column03 AS FLOAT)) as avg_column03 FROM query_table WHERE CAST(column05 AS FLOAT) > CAST(-74.01305 AS FLOAT) AND CAST(column05 AS FLOAT) < CAST(-73.96306 AS FLOAT) AND CAST(column06 AS FLOAT) > CAST(40.744083 AS FLOAT) AND CAST(column06 AS FLOAT) < CAST(40.769108 AS FLOAT) AND column12 >= 0.0 AND column12 <= 400.0 AND column04 <= 1000.0;",0.1,"{null={12=Stats{sum=720371574.9225512, avg=11.37394540158953}, 17=Stats{sum=868566157.373669, avg=13.71378937695959}, 4=Stats{sum=154535708.0186108, avg=2.439963994676821}, 3=Stats{sum=107343344.05144694, avg=1.6948438513783135}}}","{12=720371574.9225512, 17=868566157.373669, 4=154535708.0186108, 3=107343344.05144694}"
/data-nonraid/maroulis/data/taxi_data/yellow_tripdata_2014_cleaned.csv,74,0.3746163845062256,"SELECT sum(CAST(column12 AS FLOAT)) as sum_column12, avg(CAST(column12 AS FLOAT)) as avg_column12, sum(CAST(column17 AS FLOAT)) as sum_column17, avg(CAST(column17 AS FLOAT)) as avg_column17, sum(CAST(column04 AS FLOAT)) as sum_column04, avg(CAST(column04 AS FLOAT)) as avg_column04, sum(CAST(column03 AS FLOAT)) as sum_column03, avg(CAST(column03 AS FLOAT)) as avg_column03 FROM query_table WHERE CAST(column05 AS FLOAT) > CAST(-74.01305 AS FLOAT) AND CAST(column05 AS FLOAT) < CAST(-73.96306 AS FLOAT) AND CAST(column06 AS FLOAT) > CAST(40.74158 AS FLOAT) AND CAST(column06 AS FLOAT) < CAST(40.766605 AS FLOAT) AND column12 >= 0.0 AND column12 <= 400.0 AND column04 <= 1000.0;",0.1,"{null={12=Stats{sum=735604559.0693963, avg=11.332612257179763}, 17=Stats{sum=886888775.1894417, avg=13.663273943247589}, 4=Stats{sum=157543965.7841312, avg=2.4270984398854476}, 3=Stats{sum=111257772.02072538, avg=1.714020359666691}}}","{12=735604559.0693963, 17=886888775.1894417, 4=157543965.7841312, 3=111257772.02072538}"
/data-nonraid/maroulis/data/taxi_data/yellow_tripdata_2014_cleaned.csv,75,0.45691633224487305,"SELECT sum(CAST(column12 AS FLOAT)) as sum_column12, avg(CAST(column12 AS FLOAT)) as avg_column12, sum(CAST(column17 AS FLOAT)) as sum_column17, avg(CAST(column17 AS FLOAT)) as avg_column17, sum(CAST(column04 AS FLOAT)) as sum_column04, avg(CAST(column04 AS FLOAT)) as avg_column04, sum(CAST(column03 AS FLOAT)) as sum_column03, avg(CAST(column03 AS FLOAT)) as avg_column03 FROM query_table WHERE CAST(column05 AS FLOAT) > CAST(-74.007545 AS FLOAT) AND CAST(column05 AS FLOAT) < CAST(-73.95756 AS FLOAT) AND CAST(column06 AS FLOAT) > CAST(40.744335 AS FLOAT) AND CAST(column06 AS FLOAT) < CAST(40.76936 AS FLOAT) AND column12 >= 0.0 AND column12 <= 400.0 AND column04 <= 1000.0;",0.1,"{null={12=Stats{sum=771101208.1937252, avg=11.35404442567651}, 17=Stats{sum=929218997.4634069, avg=13.682242572406285}, 4=Stats{sum=165661634.44524115, avg=2.4392771495293784}, 3=Stats{sum=115113686.00682592, avg=1.6949861977087142}}}","{12=771101208.1937252, 17=929218997.4634069, 4=165661634.44524115, 3=115113686.00682592}"
/data-nonraid/maroulis/data/taxi_data/yellow_tripdata_2014_cleaned.csv,76,0.7821743488311768,"SELECT sum(CAST(column12 AS FLOAT)) as sum_column12, avg(CAST(column12 AS FLOAT)) as avg_column12, sum(CAST(column17 AS FLOAT)) as sum_column17, avg(CAST(column17 AS FLOAT)) as avg_column17, sum(CAST(column04 AS FLOAT)) as sum_column04, avg(CAST(column04 AS FLOAT)) as avg_column04, sum(CAST(column03 AS FLOAT)) as sum_column03, avg(CAST(column03 AS FLOAT)) as avg_column03 FROM query_table WHERE CAST(column05 AS FLOAT) > CAST(-74.00255 AS FLOAT) AND CAST(column05 AS FLOAT) < CAST(-73.95256 AS FLOAT) AND CAST(column06 AS FLOAT) > CAST(40.741833 AS FLOAT) AND CAST(column06 AS FLOAT) < CAST(40.766857 AS FLOAT) AND column12 >= 0.0 AND column12 <= 400.0 AND column04 <= 1000.0;",0.1,"{null={12=Stats{sum=732432125.9761583, avg=11.324033685976632}, 17=Stats{sum=883858403.4137193, avg=13.665214808199556}, 4=Stats{sum=157298454.52608928, avg=2.4319700551522243}, 3=Stats{sum=110662857.14285715, avg=1.7109434139060768}}}","{12=732432125.9761583, 17=883858403.4137193, 4=157298454.52608928, 3=110662857.14285715}"
/data-nonraid/maroulis/data/taxi_data/yellow_tripdata_2014_cleaned.csv,77,0.4396367073059082,"SELECT sum(CAST(column12 AS FLOAT)) as sum_column12, avg(CAST(column12 AS FLOAT)) as avg_column12, sum(CAST(column17 AS FLOAT)) as sum_column17, avg(CAST(column17 AS FLOAT)) as avg_column17, sum(CAST(column04 AS FLOAT)) as sum_column04, avg(CAST(column04 AS FLOAT)) as avg_column04, sum(CAST(column03 AS FLOAT)) as sum_column03, avg(CAST(column03 AS FLOAT)) as avg_column03 FROM query_table WHERE CAST(column05 AS FLOAT) > CAST(-73.99855 AS FLOAT) AND CAST(column05 AS FLOAT) < CAST(-73.94856 AS FLOAT) AND CAST(column06 AS FLOAT) > CAST(40.741833 AS FLOAT) AND CAST(column06 AS FLOAT) < CAST(40.766857 AS FLOAT) AND column12 >= 0.0 AND column12 <= 400.0 AND column04 <= 1000.0;",0.1,"{null={12=Stats{sum=690200987.5025796, avg=11.357089900393735}, 17=Stats{sum=833533851.6579882, avg=13.715597426997084}, 4=Stats{sum=147913475.9607111, avg=2.433880383225683}, 3=Stats{sum=103009013.15789473, avg=1.6949883355254967}}}","{12=690200987.5025796, 17=833533851.6579882, 4=147913475.9607111, 3=103009013.15789473}"
/data-nonraid/maroulis/data/taxi_data/yellow_tripdata_2014_cleaned.csv,78,0.5168478488922119,"SELECT sum(CAST(column12 AS FLOAT)) as sum_column12, avg(CAST(column12 AS FLOAT)) as avg_column12, sum(CAST(column17 AS FLOAT)) as sum_column17, avg(CAST(column17 AS FLOAT)) as avg_column17, sum(CAST(column04 AS FLOAT)) as sum_column04, avg(CAST(column04 AS FLOAT)) as avg_column04, sum(CAST(column03 AS FLOAT)) as sum_column03, avg(CAST(column03 AS FLOAT)) as avg_column03 FROM query_table WHERE CAST(column05 AS FLOAT) > CAST(-73.99205 AS FLOAT) AND CAST(column05 AS FLOAT) < CAST(-73.94206 AS FLOAT) AND CAST(column06 AS FLOAT) > CAST(40.745087 AS FLOAT) AND CAST(column06 AS FLOAT) < CAST(40.77011 AS FLOAT) AND column12 >= 0.0 AND column12 <= 400.0 AND column04 <= 1000.0;",0.1,"{null={12=Stats{sum=632397624.7614164, avg=11.335644545572222}, 17=Stats{sum=762313634.0064327, avg=13.664371985268687}, 4=Stats{sum=136027189.64866644, avg=2.4382695475368923}, 3=Stats{sum=94363389.42307693, avg=1.6914513887033684}}}","{12=632397624.7614164, 17=762313634.0064327, 4=136027189.64866644, 3=94363389.42307693}"
/data-nonraid/maroulis/data/taxi_data/yellow_tripdata_2014_cleaned.csv,79,0.38339734077453613,"SELECT sum(CAST(column12 AS FLOAT)) as sum_column12, avg(CAST(column12 AS FLOAT)) as avg_column12, sum(CAST(column17 AS FLOAT)) as sum_column17, avg(CAST(column17 AS FLOAT)) as avg_column17, sum(CAST(column04 AS FLOAT)) as sum_column04, avg(CAST(column04 AS FLOAT)) as avg_column04, sum(CAST(column03 AS FLOAT)) as sum_column03, avg(CAST(column03 AS FLOAT)) as avg_column03 FROM query_table WHERE CAST(column05 AS FLOAT) > CAST(-73.98805 AS FLOAT) AND CAST(column05 AS FLOAT) < CAST(-73.938065 AS FLOAT) AND CAST(column06 AS FLOAT) > CAST(40.74709 AS FLOAT) AND CAST(column06 AS FLOAT) < CAST(40.772114 AS FLOAT) AND column12 >= 0.0 AND column12 <= 400.0 AND column04 <= 1000.0;",0.1,"{null={12=Stats{sum=547277468.5832185, avg=11.319984982194173}, 17=Stats{sum=661413680.1105441, avg=13.680798782474715}, 4=Stats{sum=117804604.5788418, avg=2.436691497857699}, 3=Stats{sum=82060191.57088122, avg=1.6973476701372763}}}","{12=547277468.5832185, 17=661413680.1105441, 4=117804604.5788418, 3=82060191.57088122}"
/data-nonraid/maroulis/data/taxi_data/yellow_tripdata_2014_cleaned.csv,80,1.20707106590271,"SELECT sum(CAST(column12 AS FLOAT)) as sum_column12, avg(CAST(column12 AS FLOAT)) as avg_column12, sum(CAST(column17 AS FLOAT)) as sum_column17, avg(CAST(column17 AS FLOAT)) as avg_column17, sum(CAST(column04 AS FLOAT)) as sum_column04, avg(CAST(column04 AS FLOAT)) as avg_column04, sum(CAST(column03 AS FLOAT)) as sum_column03, avg(CAST(column03 AS FLOAT)) as avg_column03 FROM query_table WHERE CAST(column05 AS FLOAT) > CAST(-73.98155 AS FLOAT) AND CAST(column05 AS FLOAT) < CAST(-73.931564 AS FLOAT) AND CAST(column06 AS FLOAT) > CAST(40.74709 AS FLOAT) AND CAST(column06 AS FLOAT) < CAST(40.772114 AS FLOAT) AND column12 >= 0.0 AND column12 <= 400.0 AND column04 <= 1000.0;",0.1,"{null={12=Stats{sum=405293850.1820797, avg=11.127808023086564}, 17=Stats{sum=488479379.40476173, avg=13.411762243149369}, 4=Stats{sum=86550139.33477816, avg=2.376333454001639}, 3=Stats{sum=61329602.88808665, avg=1.6838746671437628}}}","{12=405293850.1820797, 17=488479379.40476173, 4=86550139.33477816, 3=61329602.88808665}"
/data-nonraid/maroulis/data/taxi_data/yellow_tripdata_2014_cleaned.csv,81,0.5800228118896484,"SELECT sum(CAST(column12 AS FLOAT)) as sum_column12, avg(CAST(column12 AS FLOAT)) as avg_column12, sum(CAST(column17 AS FLOAT)) as sum_column17, avg(CAST(column17 AS FLOAT)) as avg_column17, sum(CAST(column04 AS FLOAT)) as sum_column04, avg(CAST(column04 AS FLOAT)) as avg_column04, sum(CAST(column03 AS FLOAT)) as sum_column03, avg(CAST(column03 AS FLOAT)) as avg_column03 FROM query_table WHERE CAST(column05 AS FLOAT) > CAST(-73.98155 AS FLOAT) AND CAST(column05 AS FLOAT) < CAST(-73.931564 AS FLOAT) AND CAST(column06 AS FLOAT) > CAST(40.744587 AS FLOAT) AND CAST(column06 AS FLOAT) < CAST(40.76961 AS FLOAT) AND column12 >= 0.0 AND column12 <= 400.0 AND column04 <= 1000.0;",0.1,"{null={12=Stats{sum=374450326.5833703, avg=11.183403901161666}, 17=Stats{sum=453024411.5588584, avg=13.530112305619248}, 4=Stats{sum=80192469.18831319, avg=2.3950433718334407}, 3=Stats{sum=56211160.33755273, avg=1.678813089959605}}}","{12=374450326.5833703, 17=453024411.5588584, 4=80192469.18831319, 3=56211160.33755273}"
/data-nonraid/maroulis/data/taxi_data/yellow_tripdata_2014_cleaned.csv,82,0.3298172950744629,"SELECT sum(CAST(column12 AS FLOAT)) as sum_column12, avg(CAST(column12 AS FLOAT)) as avg_column12, sum(CAST(column17 AS FLOAT)) as sum_column17, avg(CAST(column17 AS FLOAT)) as avg_column17, sum(CAST(column04 AS FLOAT)) as sum_column04, avg(CAST(column04 AS FLOAT)) as avg_column04, sum(CAST(column03 AS FLOAT)) as sum_column03, avg(CAST(column03 AS FLOAT)) as avg_column03 FROM query_table WHERE CAST(column05 AS FLOAT) > CAST(-73.98855 AS FLOAT) AND CAST(column05 AS FLOAT) < CAST(-73.93856 AS FLOAT) AND CAST(column06 AS FLOAT) > CAST(40.741085 AS FLOAT) AND CAST(column06 AS FLOAT) < CAST(40.76611 AS FLOAT) AND column12 >= 0.0 AND column12 <= 400.0 AND column04 <= 1000.0;",0.1,"{null={12=Stats{sum=512699275.35701144, avg=11.36794737182942}, 17=Stats{sum=622196930.013155, avg=13.795810322489956}, 4=Stats{sum=110879641.69224107, avg=2.4585053889280126}, 3=Stats{sum=76024739.3364929, avg=1.6856767256643679}}}","{12=512699275.35701144, 17=622196930.013155, 4=110879641.69224107, 3=76024739.3364929}"
/data-nonraid/maroulis/data/taxi_data/yellow_tripdata_2014_cleaned.csv,83,0.5650625228881836,"SELECT sum(CAST(column12 AS FLOAT)) as sum_column12, avg(CAST(column12 AS FLOAT)) as avg_column12, sum(CAST(column17 AS FLOAT)) as sum_column17, avg(CAST(column17 AS FLOAT)) as avg_column17, sum(CAST(column04 AS FLOAT)) as sum_column04, avg(CAST(column04 AS FLOAT)) as avg_column04, sum(CAST(column03 AS FLOAT)) as sum_column03, avg(CAST(column03 AS FLOAT)) as avg_column03 FROM query_table WHERE CAST(column05 AS FLOAT) > CAST(-73.98355 AS FLOAT) AND CAST(column05 AS FLOAT) < CAST(-73.93356 AS FLOAT) AND CAST(column06 AS FLOAT) > CAST(40.738583 AS FLOAT) AND CAST(column06 AS FLOAT) < CAST(40.763607 AS FLOAT) AND column12 >= 0.0 AND column12 <= 400.0 AND column04 <= 1000.0;",0.1,"{null={12=Stats{sum=355587058.14534616, avg=11.296663542196365}, 17=Stats{sum=431454816.7868595, avg=13.706910269239556}, 4=Stats{sum=76420774.21646309, avg=2.4278155072917893}, 3=Stats{sum=53382494.84536083, avg=1.6959112248246644}}}","{12=355587058.14534616, 17=431454816.7868595, 4=76420774.21646309, 3=53382494.84536083}"
/data-nonraid/maroulis/data/taxi_data/yellow_tripdata_2014_cleaned.csv,84,0.47445034980773926,"SELECT sum(CAST(column12 AS FLOAT)) as sum_column12, avg(CAST(column12 AS FLOAT)) as avg_column12, sum(CAST(column17 AS FLOAT)) as sum_column17, avg(CAST(column17 AS FLOAT)) as avg_column17, sum(CAST(column04 AS FLOAT)) as sum_column04, avg(CAST(column04 AS FLOAT)) as avg_column04, sum(CAST(column03 AS FLOAT)) as sum_column03, avg(CAST(column03 AS FLOAT)) as avg_column03 FROM query_table WHERE CAST(column05 AS FLOAT) > CAST(-73.98955 AS FLOAT) AND CAST(column05 AS FLOAT) < CAST(-73.93956 AS FLOAT) AND CAST(column06 AS FLOAT) > CAST(40.741585 AS FLOAT) AND CAST(column06 AS FLOAT) < CAST(40.76661 AS FLOAT) AND column12 >= 0.0 AND column12 <= 400.0 AND column04 <= 1000.0;",0.1,"{null={12=Stats{sum=567024599.1037277, avg=11.34855149229603}, 17=Stats{sum=684120069.3979092, avg=13.692125256553556}, 4=Stats{sum=122479373.63438237, avg=2.4513283561789216}, 3=Stats{sum=84370868.26347305, avg=1.688616586390095}}}","{12=567024599.1037277, 17=684120069.3979092, 4=122479373.63438237, 3=84370868.26347305}"
/data-nonraid/maroulis/data/taxi_data/yellow_tripdata_2014_cleaned.csv,85,0.6867642402648926,"SELECT sum(CAST(column12 AS FLOAT)) as sum_column12, avg(CAST(column12 AS FLOAT)) as avg_column12, sum(CAST(column17 AS FLOAT)) as sum_column17, avg(CAST(column17 AS FLOAT)) as avg_column17, sum(CAST(column04 AS FLOAT)) as sum_column04, avg(CAST(column04 AS FLOAT)) as avg_column04, sum(CAST(column03 AS FLOAT)) as sum_column03, avg(CAST(column03 AS FLOAT)) as avg_column03 FROM query_table WHERE CAST(column05 AS FLOAT) > CAST(-73.996544 AS FLOAT) AND CAST(column05 AS FLOAT) < CAST(-73.946556 AS FLOAT) AND CAST(column06 AS FLOAT) > CAST(40.738083 AS FLOAT) AND CAST(column06 AS FLOAT) < CAST(40.763107 AS FLOAT) AND column12 >= 0.0 AND column12 <= 400.0 AND column04 <= 1000.0;",0.1,"{null={12=Stats{sum=612471771.8896043, avg=11.323122188848904}, 17=Stats{sum=739710976.4982132, avg=13.675467434982}, 4=Stats{sum=131330142.15407273, avg=2.4279767900184956}, 3=Stats{sum=90831285.14056225, avg=1.6792508445632401}}}","{12=612471771.8896043, 17=739710976.4982132, 4=131330142.15407273, 3=90831285.14056225}"
/data-nonraid/maroulis/data/taxi_data/yellow_tripdata_2014_cleaned.csv,86,0.6066784858703613,"SELECT sum(CAST(column12 AS FLOAT)) as sum_column12, avg(CAST(column12 AS FLOAT)) as avg_column12, sum(CAST(column17 AS FLOAT)) as sum_column17, avg(CAST(column17 AS FLOAT)) as avg_column17, sum(CAST(column04 AS FLOAT)) as sum_column04, avg(CAST(column04 AS FLOAT)) as avg_column04, sum(CAST(column03 AS FLOAT)) as sum_column03, avg(CAST(column03 AS FLOAT)) as avg_column03 FROM query_table WHERE CAST(column05 AS FLOAT) > CAST(-74.00404 AS FLOAT) AND CAST(column05 AS FLOAT) < CAST(-73.954056 AS FLOAT) AND CAST(column06 AS FLOAT) > CAST(40.738083 AS FLOAT) AND CAST(column06 AS FLOAT) < CAST(40.763107 AS FLOAT) AND column12 >= 0.0 AND column12 <= 400.0 AND column04 <= 1000.0;",0.1,"{null={12=Stats{sum=695371291.9469198, avg=11.298830085979898}, 17=Stats{sum=841762479.4094315, avg=13.677486168535012}, 4=Stats{sum=149152729.64091608, avg=2.423527356664948}, 3=Stats{sum=104446522.59332024, avg=1.697112787830575}}}","{12=695371291.9469198, 17=841762479.4094315, 4=149152729.64091608, 3=104446522.59332024}"
/data-nonraid/maroulis/data/taxi_data/yellow_tripdata_2014_cleaned.csv,87,0.38451099395751953,"SELECT sum(CAST(column12 AS FLOAT)) as sum_column12, avg(CAST(column12 AS FLOAT)) as avg_column12, sum(CAST(column17 AS FLOAT)) as sum_column17, avg(CAST(column17 AS FLOAT)) as avg_column17, sum(CAST(column04 AS FLOAT)) as sum_column04, avg(CAST(column04 AS FLOAT)) as avg_column04, sum(CAST(column03 AS FLOAT)) as sum_column03, avg(CAST(column03 AS FLOAT)) as avg_column03 FROM query_table WHERE CAST(column05 AS FLOAT) > CAST(-74.01154 AS FLOAT) AND CAST(column05 AS FLOAT) < CAST(-73.961555 AS FLOAT) AND CAST(column06 AS FLOAT) > CAST(40.741837 AS FLOAT) AND CAST(column06 AS FLOAT) < CAST(40.76686 AS FLOAT) AND column12 >= 0.0 AND column12 <= 400.0 AND column04 <= 1000.0;",0.1,"{null={12=Stats{sum=733141008.097971, avg=11.330873571731972}, 17=Stats{sum=883674661.6077615, avg=13.65740800012997}, 4=Stats{sum=156641829.12956998, avg=2.420937776372234}, 3=Stats{sum=109693846.15384614, avg=1.6953452182286788}}}","{12=733141008.097971, 17=883674661.6077615, 4=156641829.12956998, 3=109693846.15384614}"
/data-nonraid/maroulis/data/taxi_data/yellow_tripdata_2014_cleaned.csv,88,0.4596545696258545,"SELECT sum(CAST(column12 AS FLOAT)) as sum_column12, avg(CAST(column12 AS FLOAT)) as avg_column12, sum(CAST(column17 AS FLOAT)) as sum_column17, avg(CAST(column17 AS FLOAT)) as avg_column17, sum(CAST(column04 AS FLOAT)) as sum_column04, avg(CAST(column04 AS FLOAT)) as avg_column04, sum(CAST(column03 AS FLOAT)) as sum_column03, avg(CAST(column03 AS FLOAT)) as avg_column03 FROM query_table WHERE CAST(column05 AS FLOAT) > CAST(-74.01154 AS FLOAT) AND CAST(column05 AS FLOAT) < CAST(-73.961555 AS FLOAT) AND CAST(column06 AS FLOAT) > CAST(40.738583 AS FLOAT) AND CAST(column06 AS FLOAT) < CAST(40.763607 AS FLOAT) AND column12 >= 0.0 AND column12 <= 400.0 AND column04 <= 1000.0;",0.1,"{null={12=Stats{sum=715007088.9949049, avg=11.337604367075038}, 17=Stats{sum=865090074.9870366, avg=13.717415062099041}, 4=Stats{sum=153716408.1543061, avg=2.437424533554197}, 3=Stats{sum=107680094.33962263, avg=1.7074436416401142}}}","{12=715007088.9949049, 17=865090074.9870366, 4=153716408.1543061, 3=107680094.33962263}"
/data-nonraid/maroulis/data/taxi_data/yellow_tripdata_2014_cleaned.csv,89,0.3400876522064209,"SELECT sum(CAST(column12 AS FLOAT)) as sum_column12, avg(CAST(column12 AS FLOAT)) as avg_column12, sum(CAST(column17 AS FLOAT)) as sum_column17, avg(CAST(column17 AS FLOAT)) as avg_column17, sum(CAST(column04 AS FLOAT)) as sum_column04, avg(CAST(column04 AS FLOAT)) as avg_column04, sum(CAST(column03 AS FLOAT)) as sum_column03, avg(CAST(column03 AS FLOAT)) as avg_column03 FROM query_table WHERE CAST(column05 AS FLOAT) > CAST(-74.00455 AS FLOAT) AND CAST(column05 AS FLOAT) < CAST(-73.95456 AS FLOAT) AND CAST(column06 AS FLOAT) > CAST(40.738583 AS FLOAT) AND CAST(column06 AS FLOAT) < CAST(40.763607 AS FLOAT) AND column12 >= 0.0 AND column12 <= 400.0 AND column04 <= 1000.0;",0.1,"{null={12=Stats{sum=705083799.0977213, avg=11.303436190243113}, 17=Stats{sum=852908046.3467679, avg=13.673256555267182}, 4=Stats{sum=151735618.07191858, avg=2.4325248698918434}, 3=Stats{sum=105809411.76470588, avg=1.6962663668347175}}}","{12=705083799.0977213, 17=852908046.3467679, 4=151735618.07191858, 3=105809411.76470588}"
/data-nonraid/maroulis/data/taxi_data/yellow_tripdata_2014_cleaned.csv,90,0.3995497226715088,"SELECT sum(CAST(column12 AS FLOAT)) as sum_column12, avg(CAST(column12 AS FLOAT)) as avg_column12, sum(CAST(column17 AS FLOAT)) as sum_column17, avg(CAST(column17 AS FLOAT)) as avg_column17, sum(CAST(column04 AS FLOAT)) as sum_column04, avg(CAST(column04 AS FLOAT)) as avg_column04, sum(CAST(column03 AS FLOAT)) as sum_column03, avg(CAST(column03 AS FLOAT)) as avg_column03 FROM query_table WHERE CAST(column05 AS FLOAT) > CAST(-74.00455 AS FLOAT) AND CAST(column05 AS FLOAT) < CAST(-73.95456 AS FLOAT) AND CAST(column06 AS FLOAT) > CAST(40.741585 AS FLOAT) AND CAST(column06 AS FLOAT) < CAST(40.76661 AS FLOAT) AND column12 >= 0.0 AND column12 <= 400.0 AND column04 <= 1000.0;",0.1,"{null={12=Stats{sum=758232046.9956836, avg=11.351053838976329}, 17=Stats{sum=915988879.6004235, avg=13.712740221737427}, 4=Stats{sum=163370117.64165637, avg=2.4457196294697034}, 3=Stats{sum=113298082.70676692, avg=1.6961201280702731}}}","{12=758232046.9956836, 17=915988879.6004235, 4=163370117.64165637, 3=113298082.70676692}"
/data-nonraid/maroulis/data/taxi_data/yellow_tripdata_2014_cleaned.csv,91,0.496809720993042,"SELECT sum(CAST(column12 AS FLOAT)) as sum_column12, avg(CAST(column12 AS FLOAT)) as avg_column12, sum(CAST(column17 AS FLOAT)) as sum_column17, avg(CAST(column17 AS FLOAT)) as avg_column17, sum(CAST(column04 AS FLOAT)) as sum_column04, avg(CAST(column04 AS FLOAT)) as avg_column04, sum(CAST(column03 AS FLOAT)) as sum_column03, avg(CAST(column03 AS FLOAT)) as avg_column03 FROM query_table WHERE CAST(column05 AS FLOAT) > CAST(-73.99855 AS FLOAT) AND CAST(column05 AS FLOAT) < CAST(-73.94856 AS FLOAT) AND CAST(column06 AS FLOAT) > CAST(40.744587 AS FLOAT) AND CAST(column06 AS FLOAT) < CAST(40.76961 AS FLOAT) AND column12 >= 0.0 AND column12 <= 400.0 AND column04 <= 1000.0;",0.1,"{null={12=Stats{sum=707660491.2018397, avg=11.368113067422756}, 17=Stats{sum=851633636.6642063, avg=13.680949542875878}, 4=Stats{sum=152305152.50561243, avg=2.446684838225666}, 3=Stats{sum=105214880.0, avg=1.6902097362874622}}}","{12=707660491.2018397, 17=851633636.6642063, 4=152305152.50561243, 3=105214880.0}"
/data-nonraid/maroulis/data/taxi_data/yellow_tripdata_2014_cleaned.csv,92,0.6083714962005615,"SELECT sum(CAST(column12 AS FLOAT)) as sum_column12, avg(CAST(column12 AS FLOAT)) as avg_column12, sum(CAST(column17 AS FLOAT)) as sum_column17, avg(CAST(column17 AS FLOAT)) as avg_column17, sum(CAST(column04 AS FLOAT)) as sum_column04, avg(CAST(column04 AS FLOAT)) as avg_column04, sum(CAST(column03 AS FLOAT)) as sum_column03, avg(CAST(column03 AS FLOAT)) as avg_column03 FROM query_table WHERE CAST(column05 AS FLOAT) > CAST(-73.99455 AS FLOAT) AND CAST(column05 AS FLOAT) < CAST(-73.944565 AS FLOAT) AND CAST(column06 AS FLOAT) > CAST(40.744587 AS FLOAT) AND CAST(column06 AS FLOAT) < CAST(40.76961 AS FLOAT) AND column12 >= 0.0 AND column12 <= 400.0 AND column04 <= 1000.0;",0.1,"{null={12=Stats{sum=669054849.0118096, avg=11.37585478371087}, 17=Stats{sum=806731739.7935024, avg=13.716757504793632}, 4=Stats{sum=144077417.80207133, avg=2.4497300706350202}, 3=Stats{sum=99886658.4158416, avg=1.6983601907183672}}}","{12=669054849.0118096, 17=806731739.7935024, 4=144077417.80207133, 3=99886658.4158416}"
/data-nonraid/maroulis/data/taxi_data/yellow_tripdata_2014_cleaned.csv,93,0.5818312168121338,"SELECT sum(CAST(column12 AS FLOAT)) as sum_column12, avg(CAST(column12 AS FLOAT)) as avg_column12, sum(CAST(column17 AS FLOAT)) as sum_column17, avg(CAST(column17 AS FLOAT)) as avg_column17, sum(CAST(column04 AS FLOAT)) as sum_column04, avg(CAST(column04 AS FLOAT)) as avg_column04, sum(CAST(column03 AS FLOAT)) as sum_column03, avg(CAST(column03 AS FLOAT)) as avg_column03 FROM query_table WHERE CAST(column05 AS FLOAT) > CAST(-73.99455 AS FLOAT) AND CAST(column05 AS FLOAT) < CAST(-73.944565 AS FLOAT) AND CAST(column06 AS FLOAT) > CAST(40.746838 AS FLOAT) AND CAST(column06 AS FLOAT) < CAST(40.771862 AS FLOAT) AND column12 >= 0.0 AND column12 <= 400.0 AND column04 <= 1000.0;",0.1,"{null={12=Stats{sum=658389087.8401624, avg=11.337136279482726}, 17=Stats{sum=792358939.6898397, avg=13.644031238426262}, 4=Stats{sum=141442942.6477444, avg=2.4355779070230192}, 3=Stats{sum=98456718.14671814, avg=1.6953762628747404}}}","{12=658389087.8401624, 17=792358939.6898397, 4=141442942.6477444, 3=98456718.14671814}"
/data-nonraid/maroulis/data/taxi_data/yellow_tripdata_2014_cleaned.csv,94,0.438732385635376,"SELECT sum(CAST(column12 AS FLOAT)) as sum_column12, avg(CAST(column12 AS FLOAT)) as avg_column12, sum(CAST(column17 AS FLOAT)) as sum_column17, avg(CAST(column17 AS FLOAT)) as avg_column17, sum(CAST(column04 AS FLOAT)) as sum_column04, avg(CAST(column04 AS FLOAT)) as avg_column04, sum(CAST(column03 AS FLOAT)) as sum_column03, avg(CAST(column03 AS FLOAT)) as avg_column03 FROM query_table WHERE CAST(column05 AS FLOAT) > CAST(-73.99955 AS FLOAT) AND CAST(column05 AS FLOAT) < CAST(-73.94956 AS FLOAT) AND CAST(column06 AS FLOAT) > CAST(40.74934 AS FLOAT) AND CAST(column06 AS FLOAT) < CAST(40.774364 AS FLOAT) AND column12 >= 0.0 AND column12 <= 400.0 AND column04 <= 1000.0;",0.1,"{null={12=Stats{sum=707514881.9137188, avg=11.328410031248188}, 17=Stats{sum=849865600.1977953, avg=13.607665699486375}, 4=Stats{sum=151809879.16087165, avg=2.430711497229422}, 3=Stats{sum=105903481.22866893, avg=1.695678903389148}}}","{12=707514881.9137188, 17=849865600.1977953, 4=151809879.16087165, 3=105903481.22866893}"
/data-nonraid/maroulis/data/taxi_data/yellow_tripdata_2014_cleaned.csv,95,0.5598700046539307,"SELECT sum(CAST(column12 AS FLOAT)) as sum_column12, avg(CAST(column12 AS FLOAT)) as avg_column12, sum(CAST(column17 AS FLOAT)) as sum_column17, avg(CAST(column17 AS FLOAT)) as avg_column17, sum(CAST(column04 AS FLOAT)) as sum_column04, avg(CAST(column04 AS FLOAT)) as avg_column04, sum(CAST(column03 AS FLOAT)) as sum_column03, avg(CAST(column03 AS FLOAT)) as avg_column03 FROM query_table WHERE CAST(column05 AS FLOAT) > CAST(-73.99955 AS FLOAT) AND CAST(column05 AS FLOAT) < CAST(-73.94956 AS FLOAT) AND CAST(column06 AS FLOAT) > CAST(40.75159 AS FLOAT) AND CAST(column06 AS FLOAT) < CAST(40.776615 AS FLOAT) AND column12 >= 0.0 AND column12 <= 400.0 AND column04 <= 1000.0;",0.1,"{null={12=Stats{sum=644782640.6204411, avg=11.249804003322323}, 17=Stats{sum=775376977.2009503, avg=13.528340362584318}, 4=Stats{sum=138504140.60069412, avg=2.416542160482306}, 3=Stats{sum=96499955.84988962, avg=1.6836768257220658}}}","{12=644782640.6204411, 17=775376977.2009503, 4=138504140.60069412, 3=96499955.84988962}"
/data-nonraid/maroulis/data/taxi_data/yellow_tripdata_2014_cleaned.csv,96,0.6824564933776855,"SELECT sum(CAST(column12 AS FLOAT)) as sum_column12, avg(CAST(column12 AS FLOAT)) as avg_column12, sum(CAST(column17 AS FLOAT)) as sum_column17, avg(CAST(column17 AS FLOAT)) as avg_column17, sum(CAST(column04 AS FLOAT)) as sum_column04, avg(CAST(column04 AS FLOAT)) as avg_column04, sum(CAST(column03 AS FLOAT)) as sum_column03, avg(CAST(column03 AS FLOAT)) as avg_column03 FROM query_table WHERE CAST(column05 AS FLOAT) > CAST(-73.99505 AS FLOAT) AND CAST(column05 AS FLOAT) < CAST(-73.94506 AS FLOAT) AND CAST(column06 AS FLOAT) > CAST(40.75384 AS FLOAT) AND CAST(column06 AS FLOAT) < CAST(40.778866 AS FLOAT) AND column12 >= 0.0 AND column12 <= 400.0 AND column04 <= 1000.0;",0.1,"{null={12=Stats{sum=610530840.090109, avg=11.211160752891676}, 17=Stats{sum=734190503.315103, avg=13.481919692537113}, 4=Stats{sum=131389784.71074025, avg=2.4127069444395817}, 3=Stats{sum=92573480.17621146, avg=1.6999242291461623}}}","{12=610530840.090109, 17=734190503.315103, 4=131389784.71074025, 3=92573480.17621146}"
/data-nonraid/maroulis/data/taxi_data/yellow_tripdata_2014_cleaned.csv,97,0.49985527992248535,"SELECT sum(CAST(column12 AS FLOAT)) as sum_column12, avg(CAST(column12 AS FLOAT)) as avg_column12, sum(CAST(column17 AS FLOAT)) as sum_column17, avg(CAST(column17 AS FLOAT)) as avg_column17, sum(CAST(column04 AS FLOAT)) as sum_column04, avg(CAST(column04 AS FLOAT)) as avg_column04, sum(CAST(column03 AS FLOAT)) as sum_column03, avg(CAST(column03 AS FLOAT)) as avg_column03 FROM query_table WHERE CAST(column05 AS FLOAT) > CAST(-73.98805 AS FLOAT) AND CAST(column05 AS FLOAT) < CAST(-73.938065 AS FLOAT) AND CAST(column06 AS FLOAT) > CAST(40.75384 AS FLOAT) AND CAST(column06 AS FLOAT) < CAST(40.778866 AS FLOAT) AND column12 >= 0.0 AND column12 <= 400.0 AND column04 <= 1000.0;",0.1,"{null={12=Stats{sum=549881678.4495733, avg=11.191346777172429}, 17=Stats{sum=663095127.2239151, avg=13.49549876973513}, 4=Stats{sum=117754579.86184424, avg=2.396574371326313}, 3=Stats{sum=82630977.01149426, avg=1.6817289146268573}}}","{12=549881678.4495733, 17=663095127.2239151, 4=117754579.86184424, 3=82630977.01149426}"
/data-nonraid/maroulis/data/taxi_data/yellow_tripdata_2014_cleaned.csv,98,0.5987548828125,"SELECT sum(CAST(column12 AS FLOAT)) as sum_column12, avg(CAST(column12 AS FLOAT)) as avg_column12, sum(CAST(column17 AS FLOAT)) as sum_column17, avg(CAST(column17 AS FLOAT)) as avg_column17, sum(CAST(column04 AS FLOAT)) as sum_column04, avg(CAST(column04 AS FLOAT)) as avg_column04, sum(CAST(column03 AS FLOAT)) as sum_column03, avg(CAST(column03 AS FLOAT)) as avg_column03 FROM query_table WHERE CAST(column05 AS FLOAT) > CAST(-73.98805 AS FLOAT) AND CAST(column05 AS FLOAT) < CAST(-73.938065 AS FLOAT) AND CAST(column06 AS FLOAT) > CAST(40.75184 AS FLOAT) AND CAST(column06 AS FLOAT) < CAST(40.776863 AS FLOAT) AND column12 >= 0.0 AND column12 <= 400.0 AND column04 <= 1000.0;",0.1,"{null={12=Stats{sum=529719127.2977605, avg=11.174450554752527}, 17=Stats{sum=637122747.2986131, avg=13.440135102001895}, 4=Stats{sum=113574287.48259753, avg=2.395855075575068}, 3=Stats{sum=80265535.71428572, avg=1.6932053495320343}}}","{12=529719127.2977605, 17=637122747.2986131, 4=113574287.48259753, 3=80265535.71428572}"
/data-nonraid/maroulis/data/taxi_data/yellow_tripdata_2014_cleaned.csv,99,0.4148585796356201,"SELECT sum(CAST(column12 AS FLOAT)) as sum_column12, avg(CAST(column12 AS FLOAT)) as avg_column12, sum(CAST(column17 AS FLOAT)) as sum_column17, avg(CAST(column17 AS FLOAT)) as avg_column17, sum(CAST(column04 AS FLOAT)) as sum_column04, avg(CAST(column04 AS FLOAT)) as avg_column04, sum(CAST(column03 AS FLOAT)) as sum_column03, avg(CAST(column03 AS FLOAT)) as avg_column03 FROM query_table WHERE CAST(column05 AS FLOAT) > CAST(-73.99205 AS FLOAT) AND CAST(column05 AS FLOAT) < CAST(-73.94206 AS FLOAT) AND CAST(column06 AS FLOAT) > CAST(40.75384 AS FLOAT) AND CAST(column06 AS FLOAT) < CAST(40.778866 AS FLOAT) AND column12 >= 0.0 AND column12 <= 400.0 AND column04 <= 1000.0;",0.1,"{null={12=Stats{sum=609110257.8963152, avg=11.194071114797039}, 17=Stats{sum=732007625.4177094, avg=13.452647216613425}, 4=Stats{sum=130934463.84388031, avg=2.40627978374272}, 3=Stats{sum=92375298.24561404, avg=1.69764939008466}}}","{12=609110257.8963152, 17=732007625.4177094, 4=130934463.84388031, 3=92375298.24561404}"
