csv,i,Time (sec),Query,errorBound,Query Result,Query Result Sum
/data-nonraid/maroulis/data/taxi_data/yellow_tripdata_2014_cleaned.csv,0,430.03148770332336,"SELECT sum(CAST(column12 AS FLOAT)) as sum_column12, avg(CAST(column12 AS FLOAT)) as avg_column12, sum(CAST(column17 AS FLOAT)) as sum_column17, avg(CAST(column17 AS FLOAT)) as avg_column17, sum(CAST(column04 AS FLOAT)) as sum_column04, avg(CAST(column04 AS FLOAT)) as avg_column04, sum(CAST(column03 AS FLOAT)) as sum_column03, avg(CAST(column03 AS FLOAT)) as avg_column03 FROM query_table WHERE CAST(column05 AS FLOAT) > CAST(-73.99 AS FLOAT) AND CAST(column05 AS FLOAT) < CAST(-73.94 AS FLOAT) AND CAST(column06 AS FLOAT) > CAST(40.745 AS FLOAT) AND CAST(column06 AS FLOAT) < CAST(40.77 AS FLOAT) AND column12 >= 0.0 AND column12 <= 400.0 AND column04 <= 1000.0;",0.1,"{null={12=Stats{sum=593383594.1190037, avg=11.336119037923405}, 17=Stats{sum=715192223.0004566, avg=13.663175482577076}, 4=Stats{sum=128016385.92854343, avg=2.4456506787069507}, 3=Stats{sum=88502058.82352942, avg=1.6907610588971258}}}","{12=593383594.1190037, 17=715192223.0004566, 4=128016385.92854343, 3=88502058.82352942}"
/data-nonraid/maroulis/data/taxi_data/yellow_tripdata_2014_cleaned.csv,1,1.0623691082000732,"SELECT sum(CAST(column12 AS FLOAT)) as sum_column12, avg(CAST(column12 AS FLOAT)) as avg_column12, sum(CAST(column17 AS FLOAT)) as sum_column17, avg(CAST(column17 AS FLOAT)) as avg_column17, sum(CAST(column04 AS FLOAT)) as sum_column04, avg(CAST(column04 AS FLOAT)) as avg_column04, sum(CAST(column03 AS FLOAT)) as sum_column03, avg(CAST(column03 AS FLOAT)) as avg_column03 FROM query_table WHERE CAST(column05 AS FLOAT) > CAST(-73.9965 AS FLOAT) AND CAST(column05 AS FLOAT) < CAST(-73.9465 AS FLOAT) AND CAST(column06 AS FLOAT) > CAST(40.74825 AS FLOAT) AND CAST(column06 AS FLOAT) < CAST(40.77325 AS FLOAT) AND column12 >= 0.0 AND column12 <= 400.0 AND column04 <= 1000.0;",0.1,"{null={12=Stats{sum=671914295.331699, avg=11.348464044894309}, 17=Stats{sum=807673232.5650004, avg=13.64139846922386}, 4=Stats{sum=144740998.43287683, avg=2.4446391867979558}, 3=Stats{sum=100152023.34630351, avg=1.6915425730120206}}}","{12=671914295.331699, 17=807673232.5650004, 4=144740998.43287683, 3=100152023.34630351}"
/data-nonraid/maroulis/data/taxi_data/yellow_tripdata_2014_cleaned.csv,2,1.4035184383392334,"SELECT sum(CAST(column12 AS FLOAT)) as sum_column12, avg(CAST(column12 AS FLOAT)) as avg_column12, sum(CAST(column17 AS FLOAT)) as sum_column17, avg(CAST(column17 AS FLOAT)) as avg_column17, sum(CAST(column04 AS FLOAT)) as sum_column04, avg(CAST(column04 AS FLOAT)) as avg_column04, sum(CAST(column03 AS FLOAT)) as sum_column03, avg(CAST(column03 AS FLOAT)) as avg_column03 FROM query_table WHERE CAST(column05 AS FLOAT) > CAST(-73.9895 AS FLOAT) AND CAST(column05 AS FLOAT) < CAST(-73.93951 AS FLOAT) AND CAST(column06 AS FLOAT) > CAST(40.75175 AS FLOAT) AND CAST(column06 AS FLOAT) < CAST(40.776752 AS FLOAT) AND column12 >= 0.0 AND column12 <= 400.0 AND column04 <= 1000.0;",0.1,"{null={12=Stats{sum=562176000.9388458, avg=11.204265729476452}, 17=Stats{sum=676628343.8506116, avg=13.485320881605015}, 4=Stats{sum=120808585.69200002, avg=2.4077361791234457}, 3=Stats{sum=85043231.8501171, avg=1.6949264403868414}}}","{12=562176000.9388458, 17=676628343.8506116, 4=120808585.69200002, 3=85043231.8501171}"
/data-nonraid/maroulis/data/taxi_data/yellow_tripdata_2014_cleaned.csv,3,2.0098586082458496,"SELECT sum(CAST(column12 AS FLOAT)) as sum_column12, avg(CAST(column12 AS FLOAT)) as avg_column12, sum(CAST(column17 AS FLOAT)) as sum_column17, avg(CAST(column17 AS FLOAT)) as avg_column17, sum(CAST(column04 AS FLOAT)) as sum_column04, avg(CAST(column04 AS FLOAT)) as avg_column04, sum(CAST(column03 AS FLOAT)) as sum_column03, avg(CAST(column03 AS FLOAT)) as avg_column03 FROM query_table WHERE CAST(column05 AS FLOAT) > CAST(-73.9895 AS FLOAT) AND CAST(column05 AS FLOAT) < CAST(-73.93951 AS FLOAT) AND CAST(column06 AS FLOAT) > CAST(40.7495 AS FLOAT) AND CAST(column06 AS FLOAT) < CAST(40.7745 AS FLOAT) AND column12 >= 0.0 AND column12 <= 400.0 AND column04 <= 1000.0;",0.1,"{null={12=Stats{sum=579338478.1332495, avg=11.289698755946999}, 17=Stats{sum=697773930.9927326, avg=13.597676967779478}, 4=Stats{sum=124777355.33618164, avg=2.4315642866470224}, 3=Stats{sum=86996514.80637814, avg=1.695320580373036}}}","{12=579338478.1332495, 17=697773930.9927326, 4=124777355.33618164, 3=86996514.80637814}"
/data-nonraid/maroulis/data/taxi_data/yellow_tripdata_2014_cleaned.csv,4,1.4714031219482422,"SELECT sum(CAST(column12 AS FLOAT)) as sum_column12, avg(CAST(column12 AS FLOAT)) as avg_column12, sum(CAST(column17 AS FLOAT)) as sum_column17, avg(CAST(column17 AS FLOAT)) as avg_column17, sum(CAST(column04 AS FLOAT)) as sum_column04, avg(CAST(column04 AS FLOAT)) as avg_column04, sum(CAST(column03 AS FLOAT)) as sum_column03, avg(CAST(column03 AS FLOAT)) as avg_column03 FROM query_table WHERE CAST(column05 AS FLOAT) > CAST(-73.983505 AS FLOAT) AND CAST(column05 AS FLOAT) < CAST(-73.93351 AS FLOAT) AND CAST(column06 AS FLOAT) > CAST(40.7525 AS FLOAT) AND CAST(column06 AS FLOAT) < CAST(40.7775 AS FLOAT) AND column12 >= 0.0 AND column12 <= 400.0 AND column04 <= 1000.0;",0.1,"{null={12=Stats{sum=452314141.86729205, avg=11.070422124795243}, 17=Stats{sum=545059669.233361, avg=13.340375776676359}, 4=Stats{sum=96391246.63326052, avg=2.3591829009815144}, 3=Stats{sum=68358397.12918662, avg=1.6730768329956789}}}","{12=452314141.86729205, 17=545059669.233361, 4=96391246.63326052, 3=68358397.12918662}"
/data-nonraid/maroulis/data/taxi_data/yellow_tripdata_2014_cleaned.csv,5,1.497654676437378,"SELECT sum(CAST(column12 AS FLOAT)) as sum_column12, avg(CAST(column12 AS FLOAT)) as avg_column12, sum(CAST(column17 AS FLOAT)) as sum_column17, avg(CAST(column17 AS FLOAT)) as avg_column17, sum(CAST(column04 AS FLOAT)) as sum_column04, avg(CAST(column04 AS FLOAT)) as avg_column04, sum(CAST(column03 AS FLOAT)) as sum_column03, avg(CAST(column03 AS FLOAT)) as avg_column03 FROM query_table WHERE CAST(column05 AS FLOAT) > CAST(-73.977005 AS FLOAT) AND CAST(column05 AS FLOAT) < CAST(-73.92701 AS FLOAT) AND CAST(column06 AS FLOAT) > CAST(40.74925 AS FLOAT) AND CAST(column06 AS FLOAT) < CAST(40.77425 AS FLOAT) AND column12 >= 0.0 AND column12 <= 400.0 AND column04 <= 1000.0;",0.1,"{null={12=Stats{sum=325148408.4790429, avg=11.010069276593908}, 17=Stats{sum=391443250.99097145, avg=13.254923594508437}, 4=Stats{sum=69380793.68285596, avg=2.3493497891826487}, 3=Stats{sum=49718891.30434783, avg=1.683564868660874}}}","{12=325148408.4790429, 17=391443250.99097145, 4=69380793.68285596, 3=49718891.30434783}"
/data-nonraid/maroulis/data/taxi_data/yellow_tripdata_2014_cleaned.csv,6,1.5689294338226318,"SELECT sum(CAST(column12 AS FLOAT)) as sum_column12, avg(CAST(column12 AS FLOAT)) as avg_column12, sum(CAST(column17 AS FLOAT)) as sum_column17, avg(CAST(column17 AS FLOAT)) as avg_column17, sum(CAST(column04 AS FLOAT)) as sum_column04, avg(CAST(column04 AS FLOAT)) as avg_column04, sum(CAST(column03 AS FLOAT)) as sum_column03, avg(CAST(column03 AS FLOAT)) as avg_column03 FROM query_table WHERE CAST(column05 AS FLOAT) > CAST(-73.981 AS FLOAT) AND CAST(column05 AS FLOAT) < CAST(-73.95601 AS FLOAT) AND CAST(column06 AS FLOAT) > CAST(40.753624 AS FLOAT) AND CAST(column06 AS FLOAT) < CAST(40.766125 AS FLOAT) AND column12 >= 0.0 AND column12 <= 400.0 AND column04 <= 1000.0;",0.1,"{null={12=Stats{sum=227139142.97606993, avg=11.141327949062076}, 17=Stats{sum=274070548.2641593, avg=13.443344988371049}, 4=Stats{sum=48457154.81289691, avg=2.376856081145972}, 3=Stats{sum=34574765.840220384, avg=1.695915551766027}}}","{12=227139142.97606993, 17=274070548.2641593, 4=48457154.81289691, 3=34574765.840220384}"
/data-nonraid/maroulis/data/taxi_data/yellow_tripdata_2014_cleaned.csv,7,1.384608268737793,"SELECT sum(CAST(column12 AS FLOAT)) as sum_column12, avg(CAST(column12 AS FLOAT)) as avg_column12, sum(CAST(column17 AS FLOAT)) as sum_column17, avg(CAST(column17 AS FLOAT)) as avg_column17, sum(CAST(column04 AS FLOAT)) as sum_column04, avg(CAST(column04 AS FLOAT)) as avg_column04, sum(CAST(column03 AS FLOAT)) as sum_column03, avg(CAST(column03 AS FLOAT)) as avg_column03 FROM query_table WHERE CAST(column05 AS FLOAT) > CAST(-73.983 AS FLOAT) AND CAST(column05 AS FLOAT) < CAST(-73.970505 AS FLOAT) AND CAST(column06 AS FLOAT) > CAST(40.755814 AS FLOAT) AND CAST(column06 AS FLOAT) < CAST(40.762062 AS FLOAT) AND column12 >= 0.0 AND column12 <= 400.0 AND column04 <= 1000.0;",0.1,"{null={12=Stats{sum=78546263.71259274, avg=11.727772154396533}, 17=Stats{sum=95351937.06610529, avg=14.237033558763112}, 4=Stats{sum=16877975.08093108, avg=2.520056802460072}, 3=Stats{sum=11488026.75585284, avg=1.7152815923776803}}}","{12=78546263.71259274, 17=95351937.06610529, 4=16877975.08093108, 3=11488026.75585284}"
/data-nonraid/maroulis/data/taxi_data/yellow_tripdata_2014_cleaned.csv,8,1.5320467948913574,"SELECT sum(CAST(column12 AS FLOAT)) as sum_column12, avg(CAST(column12 AS FLOAT)) as avg_column12, sum(CAST(column17 AS FLOAT)) as sum_column17, avg(CAST(column17 AS FLOAT)) as avg_column17, sum(CAST(column04 AS FLOAT)) as sum_column04, avg(CAST(column04 AS FLOAT)) as avg_column04, sum(CAST(column03 AS FLOAT)) as sum_column03, avg(CAST(column03 AS FLOAT)) as avg_column03 FROM query_table WHERE CAST(column05 AS FLOAT) > CAST(-73.984 AS FLOAT) AND CAST(column05 AS FLOAT) < CAST(-73.97775 AS FLOAT) AND CAST(column06 AS FLOAT) > CAST(40.756905 AS FLOAT) AND CAST(column06 AS FLOAT) < CAST(40.760033 AS FLOAT) AND column12 >= 0.0 AND column12 <= 400.0 AND column04 <= 1000.0;",0.1,"{null={12=Stats{sum=13372756.746842107, avg=11.735435699522418}, 17=Stats{sum=16147356.790385712, avg=14.170321865427379}, 4=Stats{sum=2851332.9017924597, avg=2.502224078428693}, 3=Stats{sum=2006358.595194085, avg=1.760705943420711}}}","{12=13372756.746842107, 17=16147356.790385712, 4=2851332.9017924597, 3=2006358.595194085}"
/data-nonraid/maroulis/data/taxi_data/yellow_tripdata_2014_cleaned.csv,9,1.6822001934051514,"SELECT sum(CAST(column12 AS FLOAT)) as sum_column12, avg(CAST(column12 AS FLOAT)) as avg_column12, sum(CAST(column17 AS FLOAT)) as sum_column17, avg(CAST(column17 AS FLOAT)) as avg_column17, sum(CAST(column04 AS FLOAT)) as sum_column04, avg(CAST(column04 AS FLOAT)) as avg_column04, sum(CAST(column03 AS FLOAT)) as sum_column03, avg(CAST(column03 AS FLOAT)) as avg_column03 FROM query_table WHERE CAST(column05 AS FLOAT) > CAST(-73.98325 AS FLOAT) AND CAST(column05 AS FLOAT) < CAST(-73.977005 AS FLOAT) AND CAST(column06 AS FLOAT) > CAST(40.75728 AS FLOAT) AND CAST(column06 AS FLOAT) < CAST(40.760406 AS FLOAT) AND column12 >= 0.0 AND column12 <= 400.0 AND column04 <= 1000.0;",0.1,"{null={12=Stats{sum=14859104.604391742, avg=11.399672925624246}, 17=Stats{sum=17911059.60632914, avg=13.741085125894132}, 4=Stats{sum=3086860.000114003, avg=2.368190769589951}, 3=Stats{sum=2254316.54676259, avg=1.7294764380567607}}}","{12=14859104.604391742, 17=17911059.60632914, 4=3086860.000114003, 3=2254316.54676259}"
/data-nonraid/maroulis/data/taxi_data/yellow_tripdata_2014_cleaned.csv,10,1.905121088027954,"SELECT sum(CAST(column12 AS FLOAT)) as sum_column12, avg(CAST(column12 AS FLOAT)) as avg_column12, sum(CAST(column17 AS FLOAT)) as sum_column17, avg(CAST(column17 AS FLOAT)) as avg_column17, sum(CAST(column04 AS FLOAT)) as sum_column04, avg(CAST(column04 AS FLOAT)) as avg_column04, sum(CAST(column03 AS FLOAT)) as sum_column03, avg(CAST(column03 AS FLOAT)) as avg_column03 FROM query_table WHERE CAST(column05 AS FLOAT) > CAST(-73.984 AS FLOAT) AND CAST(column05 AS FLOAT) < CAST(-73.97775 AS FLOAT) AND CAST(column06 AS FLOAT) > CAST(40.75728 AS FLOAT) AND CAST(column06 AS FLOAT) < CAST(40.760406 AS FLOAT) AND column12 >= 0.0 AND column12 <= 400.0 AND column04 <= 1000.0;",0.1,"{null={12=Stats{sum=13731200.795131521, avg=11.710957220849318}, 17=Stats{sum=16577454.460054742, avg=14.138447387726755}, 4=Stats{sum=2907807.420416597, avg=2.479987643836709}, 3=Stats{sum=2040282.6855123676, avg=1.7401000542462781}}}","{12=13731200.795131521, 17=16577454.460054742, 4=2907807.420416597, 3=2040282.6855123676}"
/data-nonraid/maroulis/data/taxi_data/yellow_tripdata_2014_cleaned.csv,11,1.8453025817871094,"SELECT sum(CAST(column12 AS FLOAT)) as sum_column12, avg(CAST(column12 AS FLOAT)) as avg_column12, sum(CAST(column17 AS FLOAT)) as sum_column17, avg(CAST(column17 AS FLOAT)) as avg_column17, sum(CAST(column04 AS FLOAT)) as sum_column04, avg(CAST(column04 AS FLOAT)) as avg_column04, sum(CAST(column03 AS FLOAT)) as sum_column03, avg(CAST(column03 AS FLOAT)) as avg_column03 FROM query_table WHERE CAST(column05 AS FLOAT) > CAST(-73.984 AS FLOAT) AND CAST(column05 AS FLOAT) < CAST(-73.97775 AS FLOAT) AND CAST(column06 AS FLOAT) > CAST(40.75678 AS FLOAT) AND CAST(column06 AS FLOAT) < CAST(40.759907 AS FLOAT) AND column12 >= 0.0 AND column12 <= 400.0 AND column04 <= 1000.0;",0.1,"{null={12=Stats{sum=13449649.175925132, avg=11.731874925201291}, 17=Stats{sum=16227344.551820021, avg=14.154806133595974}, 4=Stats{sum=2873967.124096343, avg=2.50690723586993}, 3=Stats{sum=2002042.1245421243, avg=1.7463435285847797}}}","{12=13449649.175925132, 17=16227344.551820021, 4=2873967.124096343, 3=2002042.1245421243}"
/data-nonraid/maroulis/data/taxi_data/yellow_tripdata_2014_cleaned.csv,12,1.397465705871582,"SELECT sum(CAST(column12 AS FLOAT)) as sum_column12, avg(CAST(column12 AS FLOAT)) as avg_column12, sum(CAST(column17 AS FLOAT)) as sum_column17, avg(CAST(column17 AS FLOAT)) as avg_column17, sum(CAST(column04 AS FLOAT)) as sum_column04, avg(CAST(column04 AS FLOAT)) as avg_column04, sum(CAST(column03 AS FLOAT)) as sum_column03, avg(CAST(column03 AS FLOAT)) as avg_column03 FROM query_table WHERE CAST(column05 AS FLOAT) > CAST(-73.98475 AS FLOAT) AND CAST(column05 AS FLOAT) < CAST(-73.9785 AS FLOAT) AND CAST(column06 AS FLOAT) > CAST(40.75678 AS FLOAT) AND CAST(column06 AS FLOAT) < CAST(40.759907 AS FLOAT) AND column12 >= 0.0 AND column12 <= 400.0 AND column04 <= 1000.0;",0.1,"{null={12=Stats{sum=14364922.04152621, avg=12.133960564385056}, 17=Stats{sum=17323000.207060188, avg=14.63263084628408}, 4=Stats{sum=3140354.5849983026, avg=2.652638043032966}, 3=Stats{sum=2091331.3609467458, avg=1.7665346311961914}}}","{12=14364922.04152621, 17=17323000.207060188, 4=3140354.5849983026, 3=2091331.3609467458}"
/data-nonraid/maroulis/data/taxi_data/yellow_tripdata_2014_cleaned.csv,13,1.17081618309021,"SELECT sum(CAST(column12 AS FLOAT)) as sum_column12, avg(CAST(column12 AS FLOAT)) as avg_column12, sum(CAST(column17 AS FLOAT)) as sum_column17, avg(CAST(column17 AS FLOAT)) as avg_column17, sum(CAST(column04 AS FLOAT)) as sum_column04, avg(CAST(column04 AS FLOAT)) as avg_column04, sum(CAST(column03 AS FLOAT)) as sum_column03, avg(CAST(column03 AS FLOAT)) as avg_column03 FROM query_table WHERE CAST(column05 AS FLOAT) > CAST(-73.98412 AS FLOAT) AND CAST(column05 AS FLOAT) < CAST(-73.977875 AS FLOAT) AND CAST(column06 AS FLOAT) > CAST(40.756466 AS FLOAT) AND CAST(column06 AS FLOAT) < CAST(40.759594 AS FLOAT) AND column12 >= 0.0 AND column12 <= 400.0 AND column04 <= 1000.0;",0.1,"{null={12=Stats{sum=13512606.229516327, avg=11.848052033929797}, 17=Stats{sum=16297213.328596022, avg=14.289636525001542}, 4=Stats{sum=2896551.9671437987, avg=2.53973939910553}, 3=Stats{sum=1996557.3770491804, avg=1.7506108955009343}}}","{12=13512606.229516327, 17=16297213.328596022, 4=2896551.9671437987, 3=1996557.3770491804}"
/data-nonraid/maroulis/data/taxi_data/yellow_tripdata_2014_cleaned.csv,14,1.217911958694458,"SELECT sum(CAST(column12 AS FLOAT)) as sum_column12, avg(CAST(column12 AS FLOAT)) as avg_column12, sum(CAST(column17 AS FLOAT)) as sum_column17, avg(CAST(column17 AS FLOAT)) as avg_column17, sum(CAST(column04 AS FLOAT)) as sum_column04, avg(CAST(column04 AS FLOAT)) as avg_column04, sum(CAST(column03 AS FLOAT)) as sum_column03, avg(CAST(column03 AS FLOAT)) as avg_column03 FROM query_table WHERE CAST(column05 AS FLOAT) > CAST(-73.983376 AS FLOAT) AND CAST(column05 AS FLOAT) < CAST(-73.97713 AS FLOAT) AND CAST(column06 AS FLOAT) > CAST(40.756466 AS FLOAT) AND CAST(column06 AS FLOAT) < CAST(40.759594 AS FLOAT) AND column12 >= 0.0 AND column12 <= 400.0 AND column04 <= 1000.0;",0.1,"{null={12=Stats{sum=14648688.820738172, avg=11.385063780702419}, 17=Stats{sum=17650717.12106979, avg=13.718261249022103}, 4=Stats{sum=3085755.8970391084, avg=2.398271144222348}, 3=Stats{sum=2244029.484029484, avg=1.7440754673744916}}}","{12=14648688.820738172, 17=17650717.12106979, 4=3085755.8970391084, 3=2244029.484029484}"
/data-nonraid/maroulis/data/taxi_data/yellow_tripdata_2014_cleaned.csv,15,0.7453131675720215,"SELECT sum(CAST(column12 AS FLOAT)) as sum_column12, avg(CAST(column12 AS FLOAT)) as avg_column12, sum(CAST(column17 AS FLOAT)) as sum_column17, avg(CAST(column17 AS FLOAT)) as avg_column17, sum(CAST(column04 AS FLOAT)) as sum_column04, avg(CAST(column04 AS FLOAT)) as avg_column04, sum(CAST(column03 AS FLOAT)) as sum_column03, avg(CAST(column03 AS FLOAT)) as avg_column03 FROM query_table WHERE CAST(column05 AS FLOAT) > CAST(-73.98412 AS FLOAT) AND CAST(column05 AS FLOAT) < CAST(-73.977875 AS FLOAT) AND CAST(column06 AS FLOAT) > CAST(40.756466 AS FLOAT) AND CAST(column06 AS FLOAT) < CAST(40.759594 AS FLOAT) AND column12 >= 0.0 AND column12 <= 400.0 AND column04 <= 1000.0;",0.1,"{null={12=Stats{sum=13941555.05057537, avg=11.847330042978212}, 17=Stats{sum=16815950.808802035, avg=14.289949614346796}, 4=Stats{sum=3003236.8683550656, avg=2.552106866670828}, 3=Stats{sum=2053257.5757575757, avg=1.7448283261802575}}}","{12=13941555.05057537, 17=16815950.808802035, 4=3003236.8683550656, 3=2053257.5757575757}"
/data-nonraid/maroulis/data/taxi_data/yellow_tripdata_2014_cleaned.csv,16,0.7116146087646484,"SELECT sum(CAST(column12 AS FLOAT)) as sum_column12, avg(CAST(column12 AS FLOAT)) as avg_column12, sum(CAST(column17 AS FLOAT)) as sum_column17, avg(CAST(column17 AS FLOAT)) as avg_column17, sum(CAST(column04 AS FLOAT)) as sum_column04, avg(CAST(column04 AS FLOAT)) as avg_column04, sum(CAST(column03 AS FLOAT)) as sum_column03, avg(CAST(column03 AS FLOAT)) as avg_column03 FROM query_table WHERE CAST(column05 AS FLOAT) > CAST(-73.98487 AS FLOAT) AND CAST(column05 AS FLOAT) < CAST(-73.97862 AS FLOAT) AND CAST(column06 AS FLOAT) > CAST(40.756466 AS FLOAT) AND CAST(column06 AS FLOAT) < CAST(40.759594 AS FLOAT) AND column12 >= 0.0 AND column12 <= 400.0 AND column04 <= 1000.0;",0.1,"{null={12=Stats{sum=14283632.266227836, avg=12.208746737028424}, 17=Stats{sum=17199812.377309565, avg=14.701313316184596}, 4=Stats{sum=3131863.7930233898, avg=2.6769193683526233}, 3=Stats{sum=2054334.9753694583, avg=1.7559157894736843}}}","{12=14283632.266227836, 17=17199812.377309565, 4=3131863.7930233898, 3=2054334.9753694583}"
/data-nonraid/maroulis/data/taxi_data/yellow_tripdata_2014_cleaned.csv,17,0.8714103698730469,"SELECT sum(CAST(column12 AS FLOAT)) as sum_column12, avg(CAST(column12 AS FLOAT)) as avg_column12, sum(CAST(column17 AS FLOAT)) as sum_column17, avg(CAST(column17 AS FLOAT)) as avg_column17, sum(CAST(column04 AS FLOAT)) as sum_column04, avg(CAST(column04 AS FLOAT)) as avg_column04, sum(CAST(column03 AS FLOAT)) as sum_column03, avg(CAST(column03 AS FLOAT)) as avg_column03 FROM query_table WHERE CAST(column05 AS FLOAT) > CAST(-73.98393 AS FLOAT) AND CAST(column05 AS FLOAT) < CAST(-73.977684 AS FLOAT) AND CAST(column06 AS FLOAT) > CAST(40.756466 AS FLOAT) AND CAST(column06 AS FLOAT) < CAST(40.759594 AS FLOAT) AND column12 >= 0.0 AND column12 <= 400.0 AND column04 <= 1000.0;",0.1,"{null={12=Stats{sum=13954994.736902338, avg=11.667234308495459}, 17=Stats{sum=16819722.992259577, avg=14.062323408531874}, 4=Stats{sum=2986947.7883138154, avg=2.497272150260609}, 3=Stats{sum=2102589.4736842103, avg=1.7578941810117226}}}","{12=13954994.736902338, 17=16819722.992259577, 4=2986947.7883138154, 3=2102589.4736842103}"
/data-nonraid/maroulis/data/taxi_data/yellow_tripdata_2014_cleaned.csv,18,0.74161696434021,"SELECT sum(CAST(column12 AS FLOAT)) as sum_column12, avg(CAST(column12 AS FLOAT)) as avg_column12, sum(CAST(column17 AS FLOAT)) as sum_column17, avg(CAST(column17 AS FLOAT)) as avg_column17, sum(CAST(column04 AS FLOAT)) as sum_column04, avg(CAST(column04 AS FLOAT)) as avg_column04, sum(CAST(column03 AS FLOAT)) as sum_column03, avg(CAST(column03 AS FLOAT)) as avg_column03 FROM query_table WHERE CAST(column05 AS FLOAT) > CAST(-73.98393 AS FLOAT) AND CAST(column05 AS FLOAT) < CAST(-73.977684 AS FLOAT) AND CAST(column06 AS FLOAT) > CAST(40.756092 AS FLOAT) AND CAST(column06 AS FLOAT) < CAST(40.75922 AS FLOAT) AND column12 >= 0.0 AND column12 <= 400.0 AND column04 <= 1000.0;",0.1,"{null={12=Stats{sum=13857009.843361191, avg=11.71059194975224}, 17=Stats{sum=16710307.205720771, avg=14.12192033153193}, 4=Stats{sum=2973424.383745398, avg=2.5128480130342252}, 3=Stats{sum=2049619.686800895, avg=1.73213846822831}}}","{12=13857009.843361191, 17=16710307.205720771, 4=2973424.383745398, 3=2049619.686800895}"
/data-nonraid/maroulis/data/taxi_data/yellow_tripdata_2014_cleaned.csv,19,0.8645219802856445,"SELECT sum(CAST(column12 AS FLOAT)) as sum_column12, avg(CAST(column12 AS FLOAT)) as avg_column12, sum(CAST(column17 AS FLOAT)) as sum_column17, avg(CAST(column17 AS FLOAT)) as avg_column17, sum(CAST(column04 AS FLOAT)) as sum_column04, avg(CAST(column04 AS FLOAT)) as avg_column04, sum(CAST(column03 AS FLOAT)) as sum_column03, avg(CAST(column03 AS FLOAT)) as avg_column03 FROM query_table WHERE CAST(column05 AS FLOAT) > CAST(-73.98462 AS FLOAT) AND CAST(column05 AS FLOAT) < CAST(-73.97837 AS FLOAT) AND CAST(column06 AS FLOAT) > CAST(40.75575 AS FLOAT) AND CAST(column06 AS FLOAT) < CAST(40.758877 AS FLOAT) AND column12 >= 0.0 AND column12 <= 400.0 AND column04 <= 1000.0;",0.1,"{null={12=Stats{sum=13511518.936949316, avg=12.100647733592417}, 17=Stats{sum=16307690.092467787, avg=14.60484302900312}, 4=Stats{sum=2969035.7136520003, avg=2.6590093569057918}, 3=Stats{sum=1956661.1295681065, avg=1.7523468067064372}}}","{12=13511518.936949316, 17=16307690.092467787, 4=2969035.7136520003, 3=1956661.1295681065}"
/data-nonraid/maroulis/data/taxi_data/yellow_tripdata_2014_cleaned.csv,20,0.9796278476715088,"SELECT sum(CAST(column12 AS FLOAT)) as sum_column12, avg(CAST(column12 AS FLOAT)) as avg_column12, sum(CAST(column17 AS FLOAT)) as sum_column17, avg(CAST(column17 AS FLOAT)) as avg_column17, sum(CAST(column04 AS FLOAT)) as sum_column04, avg(CAST(column04 AS FLOAT)) as avg_column04, sum(CAST(column03 AS FLOAT)) as sum_column03, avg(CAST(column03 AS FLOAT)) as avg_column03 FROM query_table WHERE CAST(column05 AS FLOAT) > CAST(-73.98362 AS FLOAT) AND CAST(column05 AS FLOAT) < CAST(-73.97737 AS FLOAT) AND CAST(column06 AS FLOAT) > CAST(40.75525 AS FLOAT) AND CAST(column06 AS FLOAT) < CAST(40.758377 AS FLOAT) AND column12 >= 0.0 AND column12 <= 400.0 AND column04 <= 1000.0;",0.1,"{null={12=Stats{sum=15748887.938856168, avg=11.566431126255301}, 17=Stats{sum=18984909.990740187, avg=13.943057738335844}, 4=Stats{sum=3383251.603323312, avg=2.484756181170342}, 3=Stats{sum=2371954.198473282, avg=1.7420306105286762}}}","{12=15748887.938856168, 17=18984909.990740187, 4=3383251.603323312, 3=2371954.198473282}"
/data-nonraid/maroulis/data/taxi_data/yellow_tripdata_2014_cleaned.csv,21,0.9177818298339844,"SELECT sum(CAST(column12 AS FLOAT)) as sum_column12, avg(CAST(column12 AS FLOAT)) as avg_column12, sum(CAST(column17 AS FLOAT)) as sum_column17, avg(CAST(column17 AS FLOAT)) as avg_column17, sum(CAST(column04 AS FLOAT)) as sum_column04, avg(CAST(column04 AS FLOAT)) as avg_column04, sum(CAST(column03 AS FLOAT)) as sum_column03, avg(CAST(column03 AS FLOAT)) as avg_column03 FROM query_table WHERE CAST(column05 AS FLOAT) > CAST(-73.98456 AS FLOAT) AND CAST(column05 AS FLOAT) < CAST(-73.97831 AS FLOAT) AND CAST(column06 AS FLOAT) > CAST(40.75525 AS FLOAT) AND CAST(column06 AS FLOAT) < CAST(40.758377 AS FLOAT) AND column12 >= 0.0 AND column12 <= 400.0 AND column04 <= 1000.0;",0.1,"{null={12=Stats{sum=14950882.608934958, avg=12.020635050297276}, 17=Stats{sum=18037713.320220724, avg=14.502472839608833}, 4=Stats{sum=3293403.10560979, avg=2.647923727418731}, 3=Stats{sum=2183312.629399586, avg=1.7554016712720977}}}","{12=14950882.608934958, 17=18037713.320220724, 4=3293403.10560979, 3=2183312.629399586}"
/data-nonraid/maroulis/data/taxi_data/yellow_tripdata_2014_cleaned.csv,22,0.7282640933990479,"SELECT sum(CAST(column12 AS FLOAT)) as sum_column12, avg(CAST(column12 AS FLOAT)) as avg_column12, sum(CAST(column17 AS FLOAT)) as sum_column17, avg(CAST(column17 AS FLOAT)) as avg_column17, sum(CAST(column04 AS FLOAT)) as sum_column04, avg(CAST(column04 AS FLOAT)) as avg_column04, sum(CAST(column03 AS FLOAT)) as sum_column03, avg(CAST(column03 AS FLOAT)) as avg_column03 FROM query_table WHERE CAST(column05 AS FLOAT) > CAST(-73.98575 AS FLOAT) AND CAST(column05 AS FLOAT) < CAST(-73.9795 AS FLOAT) AND CAST(column06 AS FLOAT) > CAST(40.754654 AS FLOAT) AND CAST(column06 AS FLOAT) < CAST(40.757782 AS FLOAT) AND column12 >= 0.0 AND column12 <= 400.0 AND column04 <= 1000.0;",0.1,"{null={12=Stats{sum=15843726.757421516, avg=12.153140436970167}, 17=Stats{sum=19180939.982780796, avg=14.712994038138055}, 4=Stats{sum=3541577.324533197, avg=2.716613789951889}, 3=Stats{sum=2276054.4217687077, avg=1.7458776873304112}}}","{12=15843726.757421516, 17=19180939.982780796, 4=3541577.324533197, 3=2276054.4217687077}"
/data-nonraid/maroulis/data/taxi_data/yellow_tripdata_2014_cleaned.csv,23,0.6463475227355957,"SELECT sum(CAST(column12 AS FLOAT)) as sum_column12, avg(CAST(column12 AS FLOAT)) as avg_column12, sum(CAST(column17 AS FLOAT)) as sum_column17, avg(CAST(column17 AS FLOAT)) as avg_column17, sum(CAST(column04 AS FLOAT)) as sum_column04, avg(CAST(column04 AS FLOAT)) as avg_column04, sum(CAST(column03 AS FLOAT)) as sum_column03, avg(CAST(column03 AS FLOAT)) as avg_column03 FROM query_table WHERE CAST(column05 AS FLOAT) > CAST(-73.98575 AS FLOAT) AND CAST(column05 AS FLOAT) < CAST(-73.9795 AS FLOAT) AND CAST(column06 AS FLOAT) > CAST(40.75403 AS FLOAT) AND CAST(column06 AS FLOAT) < CAST(40.757156 AS FLOAT) AND column12 >= 0.0 AND column12 <= 400.0 AND column04 <= 1000.0;",0.1,"{null={12=Stats{sum=15636519.791632893, avg=11.907396184482272}, 17=Stats{sum=19001973.767299205, avg=14.470229497963144}, 4=Stats{sum=3465795.833064816, avg=2.6392448338097196}, 3=Stats{sum=2244687.5, avg=1.7093562844564312}}}","{12=15636519.791632893, 17=19001973.767299205, 4=3465795.833064816, 3=2244687.5}"
/data-nonraid/maroulis/data/taxi_data/yellow_tripdata_2014_cleaned.csv,24,0.7350430488586426,"SELECT sum(CAST(column12 AS FLOAT)) as sum_column12, avg(CAST(column12 AS FLOAT)) as avg_column12, sum(CAST(column17 AS FLOAT)) as sum_column17, avg(CAST(column17 AS FLOAT)) as avg_column17, sum(CAST(column04 AS FLOAT)) as sum_column04, avg(CAST(column04 AS FLOAT)) as avg_column04, sum(CAST(column03 AS FLOAT)) as sum_column03, avg(CAST(column03 AS FLOAT)) as avg_column03 FROM query_table WHERE CAST(column05 AS FLOAT) > CAST(-73.987 AS FLOAT) AND CAST(column05 AS FLOAT) < CAST(-73.98075 AS FLOAT) AND CAST(column06 AS FLOAT) > CAST(40.75403 AS FLOAT) AND CAST(column06 AS FLOAT) < CAST(40.757156 AS FLOAT) AND column12 >= 0.0 AND column12 <= 400.0 AND column04 <= 1000.0;",0.1,"{null={12=Stats{sum=16575264.484248463, avg=11.837461457888718}, 17=Stats{sum=20098780.033474877, avg=14.353830324875783}, 4=Stats{sum=3721173.4115377082, avg=2.657529047518853}, 3=Stats{sum=2455496.0317460317, avg=1.753627500991895}}}","{12=16575264.484248463, 17=20098780.033474877, 4=3721173.4115377082, 3=2455496.0317460317}"
/data-nonraid/maroulis/data/taxi_data/yellow_tripdata_2014_cleaned.csv,25,0.987208366394043,"SELECT sum(CAST(column12 AS FLOAT)) as sum_column12, avg(CAST(column12 AS FLOAT)) as avg_column12, sum(CAST(column17 AS FLOAT)) as sum_column17, avg(CAST(column17 AS FLOAT)) as avg_column17, sum(CAST(column04 AS FLOAT)) as sum_column04, avg(CAST(column04 AS FLOAT)) as avg_column04, sum(CAST(column03 AS FLOAT)) as sum_column03, avg(CAST(column03 AS FLOAT)) as avg_column03 FROM query_table WHERE CAST(column05 AS FLOAT) > CAST(-73.987 AS FLOAT) AND CAST(column05 AS FLOAT) < CAST(-73.98075 AS FLOAT) AND CAST(column06 AS FLOAT) > CAST(40.753498 AS FLOAT) AND CAST(column06 AS FLOAT) < CAST(40.756626 AS FLOAT) AND column12 >= 0.0 AND column12 <= 400.0 AND column04 <= 1000.0;",0.1,"{null={12=Stats{sum=15168578.407169443, avg=11.817932955571278}, 17=Stats{sum=18492036.519113895, avg=14.407259660639765}, 4=Stats{sum=3378722.8322396036, avg=2.632383789372959}, 3=Stats{sum=2218690.2654867256, avg=1.728595264689254}}}","{12=15168578.407169443, 17=18492036.519113895, 4=3378722.8322396036, 3=2218690.2654867256}"
/data-nonraid/maroulis/data/taxi_data/yellow_tripdata_2014_cleaned.csv,26,0.5799553394317627,"SELECT sum(CAST(column12 AS FLOAT)) as sum_column12, avg(CAST(column12 AS FLOAT)) as avg_column12, sum(CAST(column17 AS FLOAT)) as sum_column17, avg(CAST(column17 AS FLOAT)) as avg_column17, sum(CAST(column04 AS FLOAT)) as sum_column04, avg(CAST(column04 AS FLOAT)) as avg_column04, sum(CAST(column03 AS FLOAT)) as sum_column03, avg(CAST(column03 AS FLOAT)) as avg_column03 FROM query_table WHERE CAST(column05 AS FLOAT) > CAST(-73.98594 AS FLOAT) AND CAST(column05 AS FLOAT) < CAST(-73.97969 AS FLOAT) AND CAST(column06 AS FLOAT) > CAST(40.753498 AS FLOAT) AND CAST(column06 AS FLOAT) < CAST(40.756626 AS FLOAT) AND column12 >= 0.0 AND column12 <= 400.0 AND column04 <= 1000.0;",0.1,"{null={12=Stats{sum=14712373.195989026, avg=11.713865222120459}, 17=Stats{sum=17923884.943113293, avg=14.270843301994496}, 4=Stats{sum=3255150.5152603346, avg=2.591722892393109}, 3=Stats{sum=2150446.735395189, avg=1.7121672275575255}}}","{12=14712373.195989026, 17=17923884.943113293, 4=3255150.5152603346, 3=2150446.735395189}"
/data-nonraid/maroulis/data/taxi_data/yellow_tripdata_2014_cleaned.csv,27,1.018139123916626,"SELECT sum(CAST(column12 AS FLOAT)) as sum_column12, avg(CAST(column12 AS FLOAT)) as avg_column12, sum(CAST(column17 AS FLOAT)) as sum_column17, avg(CAST(column17 AS FLOAT)) as avg_column17, sum(CAST(column04 AS FLOAT)) as sum_column04, avg(CAST(column04 AS FLOAT)) as avg_column04, sum(CAST(column03 AS FLOAT)) as sum_column03, avg(CAST(column03 AS FLOAT)) as avg_column03 FROM query_table WHERE CAST(column05 AS FLOAT) > CAST(-73.98475 AS FLOAT) AND CAST(column05 AS FLOAT) < CAST(-73.9785 AS FLOAT) AND CAST(column06 AS FLOAT) > CAST(40.753498 AS FLOAT) AND CAST(column06 AS FLOAT) < CAST(40.756626 AS FLOAT) AND column12 >= 0.0 AND column12 <= 400.0 AND column04 <= 1000.0;",0.1,"{null={12=Stats{sum=16001802.549985982, avg=11.458077701726104}, 17=Stats{sum=19483269.019058168, avg=13.950978935444805}, 4=Stats{sum=3485534.922624432, avg=2.4958144465759338}, 3=Stats{sum=2394656.3192904657, avg=1.7146917098651255}}}","{12=16001802.549985982, 17=19483269.019058168, 4=3485534.922624432, 3=2394656.3192904657}"
/data-nonraid/maroulis/data/taxi_data/yellow_tripdata_2014_cleaned.csv,28,1.2045390605926514,"SELECT sum(CAST(column12 AS FLOAT)) as sum_column12, avg(CAST(column12 AS FLOAT)) as avg_column12, sum(CAST(column17 AS FLOAT)) as sum_column17, avg(CAST(column17 AS FLOAT)) as avg_column17, sum(CAST(column04 AS FLOAT)) as sum_column04, avg(CAST(column04 AS FLOAT)) as avg_column04, sum(CAST(column03 AS FLOAT)) as sum_column03, avg(CAST(column03 AS FLOAT)) as avg_column03 FROM query_table WHERE CAST(column05 AS FLOAT) > CAST(-73.986 AS FLOAT) AND CAST(column05 AS FLOAT) < CAST(-73.97975 AS FLOAT) AND CAST(column06 AS FLOAT) > CAST(40.753498 AS FLOAT) AND CAST(column06 AS FLOAT) < CAST(40.756626 AS FLOAT) AND column12 >= 0.0 AND column12 <= 400.0 AND column04 <= 1000.0;",0.1,"{null={12=Stats{sum=15087987.595208084, avg=11.752854720280805}, 17=Stats{sum=18392093.98869321, avg=14.326603020240626}, 4=Stats{sum=3341913.670328575, avg=2.603198445600953}, 3=Stats{sum=2188544.3037974685, avg=1.7047762724565658}}}","{12=15087987.595208084, 17=18392093.98869321, 4=3341913.670328575, 3=2188544.3037974685}"
/data-nonraid/maroulis/data/taxi_data/yellow_tripdata_2014_cleaned.csv,29,1.1392567157745361,"SELECT sum(CAST(column12 AS FLOAT)) as sum_column12, avg(CAST(column12 AS FLOAT)) as avg_column12, sum(CAST(column17 AS FLOAT)) as sum_column17, avg(CAST(column17 AS FLOAT)) as avg_column17, sum(CAST(column04 AS FLOAT)) as sum_column04, avg(CAST(column04 AS FLOAT)) as avg_column04, sum(CAST(column03 AS FLOAT)) as sum_column03, avg(CAST(column03 AS FLOAT)) as avg_column03 FROM query_table WHERE CAST(column05 AS FLOAT) > CAST(-73.98512 AS FLOAT) AND CAST(column05 AS FLOAT) < CAST(-73.978874 AS FLOAT) AND CAST(column06 AS FLOAT) > CAST(40.753498 AS FLOAT) AND CAST(column06 AS FLOAT) < CAST(40.756626 AS FLOAT) AND column12 >= 0.0 AND column12 <= 400.0 AND column04 <= 1000.0;",0.1,"{null={12=Stats{sum=15930862.631789424, avg=11.527396983928671}, 17=Stats{sum=19418168.13551334, avg=14.050772891109506}, 4=Stats{sum=3489333.508648534, avg=2.5248433492391706}, 3=Stats{sum=2363122.807017544, avg=1.7099296722268769}}}","{12=15930862.631789424, 17=19418168.13551334, 4=3489333.508648534, 3=2363122.807017544}"
/data-nonraid/maroulis/data/taxi_data/yellow_tripdata_2014_cleaned.csv,30,0.6575603485107422,"SELECT sum(CAST(column12 AS FLOAT)) as sum_column12, avg(CAST(column12 AS FLOAT)) as avg_column12, sum(CAST(column17 AS FLOAT)) as sum_column17, avg(CAST(column17 AS FLOAT)) as avg_column17, sum(CAST(column04 AS FLOAT)) as sum_column04, avg(CAST(column04 AS FLOAT)) as avg_column04, sum(CAST(column03 AS FLOAT)) as sum_column03, avg(CAST(column03 AS FLOAT)) as avg_column03 FROM query_table WHERE CAST(column05 AS FLOAT) > CAST(-73.984436 AS FLOAT) AND CAST(column05 AS FLOAT) < CAST(-73.97819 AS FLOAT) AND CAST(column06 AS FLOAT) > CAST(40.753498 AS FLOAT) AND CAST(column06 AS FLOAT) < CAST(40.756626 AS FLOAT) AND column12 >= 0.0 AND column12 <= 400.0 AND column04 <= 1000.0;",0.1,"{null={12=Stats{sum=15484537.17656977, avg=11.421257028882597}, 17=Stats{sum=18833655.59232936, avg=13.891537012738596}, 4=Stats{sum=3356532.4701323225, avg=2.4757485244814945}, 3=Stats{sum=2315505.882352941, avg=1.707896563693162}}}","{12=15484537.17656977, 17=18833655.59232936, 4=3356532.4701323225, 3=2315505.882352941}"
/data-nonraid/maroulis/data/taxi_data/yellow_tripdata_2014_cleaned.csv,31,0.8743016719818115,"SELECT sum(CAST(column12 AS FLOAT)) as sum_column12, avg(CAST(column12 AS FLOAT)) as avg_column12, sum(CAST(column17 AS FLOAT)) as sum_column17, avg(CAST(column17 AS FLOAT)) as avg_column17, sum(CAST(column04 AS FLOAT)) as sum_column04, avg(CAST(column04 AS FLOAT)) as avg_column04, sum(CAST(column03 AS FLOAT)) as sum_column03, avg(CAST(column03 AS FLOAT)) as avg_column03 FROM query_table WHERE CAST(column05 AS FLOAT) > CAST(-73.985435 AS FLOAT) AND CAST(column05 AS FLOAT) < CAST(-73.97919 AS FLOAT) AND CAST(column06 AS FLOAT) > CAST(40.753498 AS FLOAT) AND CAST(column06 AS FLOAT) < CAST(40.756626 AS FLOAT) AND column12 >= 0.0 AND column12 <= 400.0 AND column04 <= 1000.0;",0.1,"{null={12=Stats{sum=15221542.195668556, avg=11.53431911833678}, 17=Stats{sum=18535266.099638637, avg=14.045335971105352}, 4=Stats{sum=3337133.1053419523, avg=2.528755475797546}, 3=Stats{sum=2260428.816466552, avg=1.7128689707163003}}}","{12=15221542.195668556, 17=18535266.099638637, 4=3337133.1053419523, 3=2260428.816466552}"
/data-nonraid/maroulis/data/taxi_data/yellow_tripdata_2014_cleaned.csv,32,0.7400145530700684,"SELECT sum(CAST(column12 AS FLOAT)) as sum_column12, avg(CAST(column12 AS FLOAT)) as avg_column12, sum(CAST(column17 AS FLOAT)) as sum_column17, avg(CAST(column17 AS FLOAT)) as avg_column17, sum(CAST(column04 AS FLOAT)) as sum_column04, avg(CAST(column04 AS FLOAT)) as avg_column04, sum(CAST(column03 AS FLOAT)) as sum_column03, avg(CAST(column03 AS FLOAT)) as avg_column03 FROM query_table WHERE CAST(column05 AS FLOAT) > CAST(-73.98463 AS FLOAT) AND CAST(column05 AS FLOAT) < CAST(-73.97838 AS FLOAT) AND CAST(column06 AS FLOAT) > CAST(40.753498 AS FLOAT) AND CAST(column06 AS FLOAT) < CAST(40.756626 AS FLOAT) AND column12 >= 0.0 AND column12 <= 400.0 AND column04 <= 1000.0;",0.1,"{null={12=Stats{sum=15708201.456312994, avg=11.454678843875032}, 17=Stats{sum=19065823.60691237, avg=13.903112136582767}, 4=Stats{sum=3408855.824463377, avg=2.4857937302941844}, 3=Stats{sum=2338543.6893203883, avg=1.7053045186640472}}}","{12=15708201.456312994, 17=19065823.60691237, 4=3408855.824463377, 3=2338543.6893203883}"
/data-nonraid/maroulis/data/taxi_data/yellow_tripdata_2014_cleaned.csv,33,0.9753983020782471,"SELECT sum(CAST(column12 AS FLOAT)) as sum_column12, avg(CAST(column12 AS FLOAT)) as avg_column12, sum(CAST(column17 AS FLOAT)) as sum_column17, avg(CAST(column17 AS FLOAT)) as avg_column17, sum(CAST(column04 AS FLOAT)) as sum_column04, avg(CAST(column04 AS FLOAT)) as avg_column04, sum(CAST(column03 AS FLOAT)) as sum_column03, avg(CAST(column03 AS FLOAT)) as avg_column03 FROM query_table WHERE CAST(column05 AS FLOAT) > CAST(-73.985504 AS FLOAT) AND CAST(column05 AS FLOAT) < CAST(-73.979256 AS FLOAT) AND CAST(column06 AS FLOAT) > CAST(40.753498 AS FLOAT) AND CAST(column06 AS FLOAT) < CAST(40.756626 AS FLOAT) AND column12 >= 0.0 AND column12 <= 400.0 AND column04 <= 1000.0;",0.1,"{null={12=Stats{sum=15208257.62725627, avg=11.653621040042374}, 17=Stats{sum=18499318.947766077, avg=14.175460318989543}, 4=Stats{sum=3347659.4427338922, avg=2.5652086828685885}, 3=Stats{sum=2254164.6489104116, avg=1.7272971844705227}}}","{12=15208257.62725627, 17=18499318.947766077, 4=3347659.4427338922, 3=2254164.6489104116}"
/data-nonraid/maroulis/data/taxi_data/yellow_tripdata_2014_cleaned.csv,34,0.9384441375732422,"SELECT sum(CAST(column12 AS FLOAT)) as sum_column12, avg(CAST(column12 AS FLOAT)) as avg_column12, sum(CAST(column17 AS FLOAT)) as sum_column17, avg(CAST(column17 AS FLOAT)) as avg_column17, sum(CAST(column04 AS FLOAT)) as sum_column04, avg(CAST(column04 AS FLOAT)) as avg_column04, sum(CAST(column03 AS FLOAT)) as sum_column03, avg(CAST(column03 AS FLOAT)) as avg_column03 FROM query_table WHERE CAST(column05 AS FLOAT) > CAST(-73.98482 AS FLOAT) AND CAST(column05 AS FLOAT) < CAST(-73.97857 AS FLOAT) AND CAST(column06 AS FLOAT) > CAST(40.753498 AS FLOAT) AND CAST(column06 AS FLOAT) < CAST(40.756626 AS FLOAT) AND column12 >= 0.0 AND column12 <= 400.0 AND column04 <= 1000.0;",0.1,"{null={12=Stats{sum=15888933.043645775, avg=11.48056317096768}, 17=Stats{sum=19298926.585874695, avg=13.944457138335556}, 4=Stats{sum=3461546.087171801, avg=2.501143306087798}, 3=Stats{sum=2358507.2463768115, avg=1.704141578093094}}}","{12=15888933.043645775, 17=19298926.585874695, 4=3461546.087171801, 3=2358507.2463768115}"
/data-nonraid/maroulis/data/taxi_data/yellow_tripdata_2014_cleaned.csv,35,1.0566492080688477,"SELECT sum(CAST(column12 AS FLOAT)) as sum_column12, avg(CAST(column12 AS FLOAT)) as avg_column12, sum(CAST(column17 AS FLOAT)) as sum_column17, avg(CAST(column17 AS FLOAT)) as avg_column17, sum(CAST(column04 AS FLOAT)) as sum_column04, avg(CAST(column04 AS FLOAT)) as avg_column04, sum(CAST(column03 AS FLOAT)) as sum_column03, avg(CAST(column03 AS FLOAT)) as avg_column03 FROM query_table WHERE CAST(column05 AS FLOAT) > CAST(-73.98419 AS FLOAT) AND CAST(column05 AS FLOAT) < CAST(-73.97794 AS FLOAT) AND CAST(column06 AS FLOAT) > CAST(40.753498 AS FLOAT) AND CAST(column06 AS FLOAT) < CAST(40.756626 AS FLOAT) AND column12 >= 0.0 AND column12 <= 400.0 AND column04 <= 1000.0;",0.1,"{null={12=Stats{sum=15158718.242281508, avg=11.352659223130495}, 17=Stats{sum=18435089.942072555, avg=13.806397778168005}, 4=Stats{sum=3272707.792865684, avg=2.4509945838069545}, 3=Stats{sum=2284228.855721393, avg=1.7107034626658055}}}","{12=15158718.242281508, 17=18435089.942072555, 4=3272707.792865684, 3=2284228.855721393}"
/data-nonraid/maroulis/data/taxi_data/yellow_tripdata_2014_cleaned.csv,36,1.1801378726959229,"SELECT sum(CAST(column12 AS FLOAT)) as sum_column12, avg(CAST(column12 AS FLOAT)) as avg_column12, sum(CAST(column17 AS FLOAT)) as sum_column17, avg(CAST(column17 AS FLOAT)) as avg_column17, sum(CAST(column04 AS FLOAT)) as sum_column04, avg(CAST(column04 AS FLOAT)) as avg_column04, sum(CAST(column03 AS FLOAT)) as sum_column03, avg(CAST(column03 AS FLOAT)) as avg_column03 FROM query_table WHERE CAST(column05 AS FLOAT) > CAST(-73.983505 AS FLOAT) AND CAST(column05 AS FLOAT) < CAST(-73.97726 AS FLOAT) AND CAST(column06 AS FLOAT) > CAST(40.75384 AS FLOAT) AND CAST(column06 AS FLOAT) < CAST(40.75697 AS FLOAT) AND column12 >= 0.0 AND column12 <= 400.0 AND column04 <= 1000.0;",0.1,"{null={12=Stats{sum=14487332.07850226, avg=11.52212114330862}, 17=Stats{sum=17524763.31293238, avg=13.93786273450927}, 4=Stats{sum=3129435.8437349573, avg=2.4889150539478866}, 3=Stats{sum=2160828.313253012, avg=1.718558355691836}}}","{12=14487332.07850226, 17=17524763.31293238, 4=3129435.8437349573, 3=2160828.313253012}"
/data-nonraid/maroulis/data/taxi_data/yellow_tripdata_2014_cleaned.csv,37,0.8759677410125732,"SELECT sum(CAST(column12 AS FLOAT)) as sum_column12, avg(CAST(column12 AS FLOAT)) as avg_column12, sum(CAST(column17 AS FLOAT)) as sum_column17, avg(CAST(column17 AS FLOAT)) as avg_column17, sum(CAST(column04 AS FLOAT)) as sum_column04, avg(CAST(column04 AS FLOAT)) as avg_column04, sum(CAST(column03 AS FLOAT)) as sum_column03, avg(CAST(column03 AS FLOAT)) as avg_column03 FROM query_table WHERE CAST(column05 AS FLOAT) > CAST(-73.983505 AS FLOAT) AND CAST(column05 AS FLOAT) < CAST(-73.97726 AS FLOAT) AND CAST(column06 AS FLOAT) > CAST(40.753216 AS FLOAT) AND CAST(column06 AS FLOAT) < CAST(40.756344 AS FLOAT) AND column12 >= 0.0 AND column12 <= 400.0 AND column04 <= 1000.0;",0.1,"{null={12=Stats{sum=15612883.088220568, avg=11.302993492397148}, 17=Stats{sum=18919559.799625594, avg=13.696872005371521}, 4=Stats{sum=3340430.331814637, avg=2.418314547605449}, 3=Stats{sum=2358437.5, avg=1.7073978946808086}}}","{12=15612883.088220568, 17=18919559.799625594, 4=3340430.331814637, 3=2358437.5}"
/data-nonraid/maroulis/data/taxi_data/yellow_tripdata_2014_cleaned.csv,38,0.6325662136077881,"SELECT sum(CAST(column12 AS FLOAT)) as sum_column12, avg(CAST(column12 AS FLOAT)) as avg_column12, sum(CAST(column17 AS FLOAT)) as sum_column17, avg(CAST(column17 AS FLOAT)) as avg_column17, sum(CAST(column04 AS FLOAT)) as sum_column04, avg(CAST(column04 AS FLOAT)) as avg_column04, sum(CAST(column03 AS FLOAT)) as sum_column03, avg(CAST(column03 AS FLOAT)) as avg_column03 FROM query_table WHERE CAST(column05 AS FLOAT) > CAST(-73.98419 AS FLOAT) AND CAST(column05 AS FLOAT) < CAST(-73.97794 AS FLOAT) AND CAST(column06 AS FLOAT) > CAST(40.753216 AS FLOAT) AND CAST(column06 AS FLOAT) < CAST(40.756344 AS FLOAT) AND column12 >= 0.0 AND column12 <= 400.0 AND column04 <= 1000.0;",0.1,"{null={12=Stats{sum=15881103.773579763, avg=11.31858515031811}, 17=Stats{sum=19281420.277816586, avg=13.742016949514847}, 4=Stats{sum=3436273.3154219254, avg=2.4490584958630954}, 3=Stats{sum=2383584.9056603773, avg=1.6987993468446836}}}","{12=15881103.773579763, 17=19281420.277816586, 4=3436273.3154219254, 3=2383584.9056603773}"
/data-nonraid/maroulis/data/taxi_data/yellow_tripdata_2014_cleaned.csv,39,0.8425936698913574,"SELECT sum(CAST(column12 AS FLOAT)) as sum_column12, avg(CAST(column12 AS FLOAT)) as avg_column12, sum(CAST(column17 AS FLOAT)) as sum_column17, avg(CAST(column17 AS FLOAT)) as avg_column17, sum(CAST(column04 AS FLOAT)) as sum_column04, avg(CAST(column04 AS FLOAT)) as avg_column04, sum(CAST(column03 AS FLOAT)) as sum_column03, avg(CAST(column03 AS FLOAT)) as avg_column03 FROM query_table WHERE CAST(column05 AS FLOAT) > CAST(-73.98419 AS FLOAT) AND CAST(column05 AS FLOAT) < CAST(-73.97794 AS FLOAT) AND CAST(column06 AS FLOAT) > CAST(40.752747 AS FLOAT) AND CAST(column06 AS FLOAT) < CAST(40.755875 AS FLOAT) AND column12 >= 0.0 AND column12 <= 400.0 AND column04 <= 1000.0;",0.1,"{null={12=Stats{sum=15012517.602492353, avg=11.244257217985368}, 17=Stats{sum=18330499.289449383, avg=13.72939931876905}, 4=Stats{sum=3236091.0716045136, avg=2.4238066760971573}, 3=Stats{sum=2259260.2040816327, avg=1.6921680646578903}}}","{12=15012517.602492353, 17=18330499.289449383, 4=3236091.0716045136, 3=2259260.2040816327}"
/data-nonraid/maroulis/data/taxi_data/yellow_tripdata_2014_cleaned.csv,40,0.9879469871520996,"SELECT sum(CAST(column12 AS FLOAT)) as sum_column12, avg(CAST(column12 AS FLOAT)) as avg_column12, sum(CAST(column17 AS FLOAT)) as sum_column17, avg(CAST(column17 AS FLOAT)) as avg_column17, sum(CAST(column04 AS FLOAT)) as sum_column04, avg(CAST(column04 AS FLOAT)) as avg_column04, sum(CAST(column03 AS FLOAT)) as sum_column03, avg(CAST(column03 AS FLOAT)) as avg_column03 FROM query_table WHERE CAST(column05 AS FLOAT) > CAST(-73.98419 AS FLOAT) AND CAST(column05 AS FLOAT) < CAST(-73.97794 AS FLOAT) AND CAST(column06 AS FLOAT) > CAST(40.752308 AS FLOAT) AND CAST(column06 AS FLOAT) < CAST(40.755436 AS FLOAT) AND column12 >= 0.0 AND column12 <= 400.0 AND column04 <= 1000.0;",0.1,"{null={12=Stats{sum=16505156.167441206, avg=11.205498414909542}, 17=Stats{sum=20112440.582393024, avg=13.65451612693868}, 4=Stats{sum=3563898.2362837205, avg=2.4195624465737664}, 3=Stats{sum=2520462.5550660794, avg=1.7111646129919846}}}","{12=16505156.167441206, 17=20112440.582393024, 4=3563898.2362837205, 3=2520462.5550660794}"
/data-nonraid/maroulis/data/taxi_data/yellow_tripdata_2014_cleaned.csv,41,1.080263376235962,"SELECT sum(CAST(column12 AS FLOAT)) as sum_column12, avg(CAST(column12 AS FLOAT)) as avg_column12, sum(CAST(column17 AS FLOAT)) as sum_column17, avg(CAST(column17 AS FLOAT)) as avg_column17, sum(CAST(column04 AS FLOAT)) as sum_column04, avg(CAST(column04 AS FLOAT)) as avg_column04, sum(CAST(column03 AS FLOAT)) as sum_column03, avg(CAST(column03 AS FLOAT)) as avg_column03 FROM query_table WHERE CAST(column05 AS FLOAT) > CAST(-73.98419 AS FLOAT) AND CAST(column05 AS FLOAT) < CAST(-73.97794 AS FLOAT) AND CAST(column06 AS FLOAT) > CAST(40.752716 AS FLOAT) AND CAST(column06 AS FLOAT) < CAST(40.755844 AS FLOAT) AND column12 >= 0.0 AND column12 <= 400.0 AND column04 <= 1000.0;",0.1,"{null={12=Stats{sum=15251565.051449904, avg=11.255462623851171}, 17=Stats{sum=18591400.05475099, avg=13.720218727416528}, 4=Stats{sum=3299802.9370879466, avg=2.435212943666845}, 3=Stats{sum=2311306.901615272, avg=1.7057153384338628}}}","{12=15251565.051449904, 17=18591400.05475099, 4=3299802.9370879466, 3=2311306.901615272}"
/data-nonraid/maroulis/data/taxi_data/yellow_tripdata_2014_cleaned.csv,42,0.5750477313995361,"SELECT sum(CAST(column12 AS FLOAT)) as sum_column12, avg(CAST(column12 AS FLOAT)) as avg_column12, sum(CAST(column17 AS FLOAT)) as sum_column17, avg(CAST(column17 AS FLOAT)) as avg_column17, sum(CAST(column04 AS FLOAT)) as sum_column04, avg(CAST(column04 AS FLOAT)) as avg_column04, sum(CAST(column03 AS FLOAT)) as sum_column03, avg(CAST(column03 AS FLOAT)) as avg_column03 FROM query_table WHERE CAST(column05 AS FLOAT) > CAST(-73.98494 AS FLOAT) AND CAST(column05 AS FLOAT) < CAST(-73.97869 AS FLOAT) AND CAST(column06 AS FLOAT) > CAST(40.752716 AS FLOAT) AND CAST(column06 AS FLOAT) < CAST(40.755844 AS FLOAT) AND column12 >= 0.0 AND column12 <= 400.0 AND column04 <= 1000.0;",0.1,"{null={12=Stats{sum=14781297.452404238, avg=11.213644358673427}, 17=Stats{sum=18054325.849539153, avg=13.6966859549536}, 4=Stats{sum=3219181.5289687123, avg=2.442191350800135}, 3=Stats{sum=2247866.2420382164, avg=1.7053152935491664}}}","{12=14781297.452404238, 17=18054325.849539153, 4=3219181.5289687123, 3=2247866.2420382164}"
/data-nonraid/maroulis/data/taxi_data/yellow_tripdata_2014_cleaned.csv,43,0.754749059677124,"SELECT sum(CAST(column12 AS FLOAT)) as sum_column12, avg(CAST(column12 AS FLOAT)) as avg_column12, sum(CAST(column17 AS FLOAT)) as sum_column17, avg(CAST(column17 AS FLOAT)) as avg_column17, sum(CAST(column04 AS FLOAT)) as sum_column04, avg(CAST(column04 AS FLOAT)) as avg_column04, sum(CAST(column03 AS FLOAT)) as sum_column03, avg(CAST(column03 AS FLOAT)) as avg_column03 FROM query_table WHERE CAST(column05 AS FLOAT) > CAST(-73.98569 AS FLOAT) AND CAST(column05 AS FLOAT) < CAST(-73.97944 AS FLOAT) AND CAST(column06 AS FLOAT) > CAST(40.752716 AS FLOAT) AND CAST(column06 AS FLOAT) < CAST(40.755844 AS FLOAT) AND column12 >= 0.0 AND column12 <= 400.0 AND column04 <= 1000.0;",0.1,"{null={12=Stats{sum=14161132.142893355, avg=11.371484656864446}, 17=Stats{sum=17303436.893731132, avg=13.894776573130914}, 4=Stats{sum=3111336.6540487423, avg=2.4984243256010186}, 3=Stats{sum=2112387.2180451127, avg=1.696261188510362}}}","{12=14161132.142893355, 17=17303436.893731132, 4=3111336.6540487423, 3=2112387.2180451127}"
/data-nonraid/maroulis/data/taxi_data/yellow_tripdata_2014_cleaned.csv,44,0.970832109451294,"SELECT sum(CAST(column12 AS FLOAT)) as sum_column12, avg(CAST(column12 AS FLOAT)) as avg_column12, sum(CAST(column17 AS FLOAT)) as sum_column17, avg(CAST(column17 AS FLOAT)) as avg_column17, sum(CAST(column04 AS FLOAT)) as sum_column04, avg(CAST(column04 AS FLOAT)) as avg_column04, sum(CAST(column03 AS FLOAT)) as sum_column03, avg(CAST(column03 AS FLOAT)) as avg_column03 FROM query_table WHERE CAST(column05 AS FLOAT) > CAST(-73.984566 AS FLOAT) AND CAST(column05 AS FLOAT) < CAST(-73.97832 AS FLOAT) AND CAST(column06 AS FLOAT) > CAST(40.752716 AS FLOAT) AND CAST(column06 AS FLOAT) < CAST(40.755844 AS FLOAT) AND column12 >= 0.0 AND column12 <= 400.0 AND column04 <= 1000.0;",0.1,"{null={12=Stats{sum=14918772.815521223, avg=11.220216620547454}, 17=Stats{sum=18183657.87173809, avg=13.675694562662738}, 4=Stats{sum=3231944.228101244, avg=2.430703570141942}, 3=Stats{sum=2264336.569579288, avg=1.7029783298311658}}}","{12=14918772.815521223, 17=18183657.87173809, 4=3231944.228101244, 3=2264336.569579288}"
/data-nonraid/maroulis/data/taxi_data/yellow_tripdata_2014_cleaned.csv,45,1.0316765308380127,"SELECT sum(CAST(column12 AS FLOAT)) as sum_column12, avg(CAST(column12 AS FLOAT)) as avg_column12, sum(CAST(column17 AS FLOAT)) as sum_column17, avg(CAST(column17 AS FLOAT)) as avg_column17, sum(CAST(column04 AS FLOAT)) as sum_column04, avg(CAST(column04 AS FLOAT)) as avg_column04, sum(CAST(column03 AS FLOAT)) as sum_column03, avg(CAST(column03 AS FLOAT)) as avg_column03 FROM query_table WHERE CAST(column05 AS FLOAT) > CAST(-73.984566 AS FLOAT) AND CAST(column05 AS FLOAT) < CAST(-73.97832 AS FLOAT) AND CAST(column06 AS FLOAT) > CAST(40.752403 AS FLOAT) AND CAST(column06 AS FLOAT) < CAST(40.75553 AS FLOAT) AND column12 >= 0.0 AND column12 <= 400.0 AND column04 <= 1000.0;",0.1,"{null={12=Stats{sum=14666253.827753251, avg=11.203797836179792}, 17=Stats{sum=17930032.945372272, avg=13.697053567684508}, 4=Stats{sum=3200208.85109086, avg=2.4446933362988035}, 3=Stats{sum=2210275.119617225, avg=1.688466318213385}}}","{12=14666253.827753251, 17=17930032.945372272, 4=3200208.85109086, 3=2210275.119617225}"
/data-nonraid/maroulis/data/taxi_data/yellow_tripdata_2014_cleaned.csv,46,1.3718085289001465,"SELECT sum(CAST(column12 AS FLOAT)) as sum_column12, avg(CAST(column12 AS FLOAT)) as avg_column12, sum(CAST(column17 AS FLOAT)) as sum_column17, avg(CAST(column17 AS FLOAT)) as avg_column17, sum(CAST(column04 AS FLOAT)) as sum_column04, avg(CAST(column04 AS FLOAT)) as avg_column04, sum(CAST(column03 AS FLOAT)) as sum_column03, avg(CAST(column03 AS FLOAT)) as avg_column03 FROM query_table WHERE CAST(column05 AS FLOAT) > CAST(-73.98525 AS FLOAT) AND CAST(column05 AS FLOAT) < CAST(-73.979004 AS FLOAT) AND CAST(column06 AS FLOAT) > CAST(40.752403 AS FLOAT) AND CAST(column06 AS FLOAT) < CAST(40.75553 AS FLOAT) AND column12 >= 0.0 AND column12 <= 400.0 AND column04 <= 1000.0;",0.1,"{null={12=Stats{sum=14344726.238474011, avg=11.291144874952463}, 17=Stats{sum=17584533.26240592, avg=13.841289776009512}, 4=Stats{sum=3144454.8627586197, avg=2.4750904839807735}, 3=Stats{sum=2154073.3944954127, avg=1.6955328644261183}}}","{12=14344726.238474011, 17=17584533.26240592, 4=3144454.8627586197, 3=2154073.3944954127}"
/data-nonraid/maroulis/data/taxi_data/yellow_tripdata_2014_cleaned.csv,47,1.166504144668579,"SELECT sum(CAST(column12 AS FLOAT)) as sum_column12, avg(CAST(column12 AS FLOAT)) as avg_column12, sum(CAST(column17 AS FLOAT)) as sum_column17, avg(CAST(column17 AS FLOAT)) as avg_column17, sum(CAST(column04 AS FLOAT)) as sum_column04, avg(CAST(column04 AS FLOAT)) as avg_column04, sum(CAST(column03 AS FLOAT)) as sum_column03, avg(CAST(column03 AS FLOAT)) as avg_column03 FROM query_table WHERE CAST(column05 AS FLOAT) > CAST(-73.986 AS FLOAT) AND CAST(column05 AS FLOAT) < CAST(-73.97975 AS FLOAT) AND CAST(column06 AS FLOAT) > CAST(40.752403 AS FLOAT) AND CAST(column06 AS FLOAT) < CAST(40.75553 AS FLOAT) AND column12 >= 0.0 AND column12 <= 400.0 AND column04 <= 1000.0;",0.1,"{null={12=Stats{sum=13485421.250159089, avg=11.361797928289675}, 17=Stats{sum=16491339.36831355, avg=13.894357617298487}, 4=Stats{sum=2972871.022965716, avg=2.5047167013344733}, 3=Stats{sum=2034477.2727272725, avg=1.7140969669117647}}}","{12=13485421.250159089, 17=16491339.36831355, 4=2972871.022965716, 3=2034477.2727272725}"
/data-nonraid/maroulis/data/taxi_data/yellow_tripdata_2014_cleaned.csv,48,0.772266149520874,"SELECT sum(CAST(column12 AS FLOAT)) as sum_column12, avg(CAST(column12 AS FLOAT)) as avg_column12, sum(CAST(column17 AS FLOAT)) as sum_column17, avg(CAST(column17 AS FLOAT)) as avg_column17, sum(CAST(column04 AS FLOAT)) as sum_column04, avg(CAST(column04 AS FLOAT)) as avg_column04, sum(CAST(column03 AS FLOAT)) as sum_column03, avg(CAST(column03 AS FLOAT)) as avg_column03 FROM query_table WHERE CAST(column05 AS FLOAT) > CAST(-73.98694 AS FLOAT) AND CAST(column05 AS FLOAT) < CAST(-73.98069 AS FLOAT) AND CAST(column06 AS FLOAT) > CAST(40.752403 AS FLOAT) AND CAST(column06 AS FLOAT) < CAST(40.75553 AS FLOAT) AND column12 >= 0.0 AND column12 <= 400.0 AND column04 <= 1000.0;",0.1,"{null={12=Stats{sum=12113134.077262687, avg=11.445444457395169}, 17=Stats{sum=14804589.501239708, avg=13.988543821126909}, 4=Stats{sum=2694256.795231125, avg=2.5457463202410002}, 3=Stats{sum=1831237.3225152132, avg=1.730297454768476}}}","{12=12113134.077262687, 17=14804589.501239708, 4=2694256.795231125, 3=1831237.3225152132}"
/data-nonraid/maroulis/data/taxi_data/yellow_tripdata_2014_cleaned.csv,49,0.8467605113983154,"SELECT sum(CAST(column12 AS FLOAT)) as sum_column12, avg(CAST(column12 AS FLOAT)) as avg_column12, sum(CAST(column17 AS FLOAT)) as sum_column17, avg(CAST(column17 AS FLOAT)) as avg_column17, sum(CAST(column04 AS FLOAT)) as sum_column04, avg(CAST(column04 AS FLOAT)) as avg_column04, sum(CAST(column03 AS FLOAT)) as sum_column03, avg(CAST(column03 AS FLOAT)) as avg_column03 FROM query_table WHERE CAST(column05 AS FLOAT) > CAST(-73.987625 AS FLOAT) AND CAST(column05 AS FLOAT) < CAST(-73.98138 AS FLOAT) AND CAST(column06 AS FLOAT) > CAST(40.752403 AS FLOAT) AND CAST(column06 AS FLOAT) < CAST(40.75553 AS FLOAT) AND column12 >= 0.0 AND column12 <= 400.0 AND column04 <= 1000.0;",0.1,"{null={12=Stats{sum=11940930.630738312, avg=11.454212588321642}, 17=Stats{sum=14585605.8984082, avg=13.991089627451913}, 4=Stats{sum=2632240.090071092, avg=2.524948725316646}, 3=Stats{sum=1775375.3753753752, avg=1.7030102261270343}}}","{12=11940930.630738312, 17=14585605.8984082, 4=2632240.090071092, 3=1775375.3753753752}"
/data-nonraid/maroulis/data/taxi_data/yellow_tripdata_2014_cleaned.csv,50,1.0689563751220703,"SELECT sum(CAST(column12 AS FLOAT)) as sum_column12, avg(CAST(column12 AS FLOAT)) as avg_column12, sum(CAST(column17 AS FLOAT)) as sum_column17, avg(CAST(column17 AS FLOAT)) as avg_column17, sum(CAST(column04 AS FLOAT)) as sum_column04, avg(CAST(column04 AS FLOAT)) as avg_column04, sum(CAST(column03 AS FLOAT)) as sum_column03, avg(CAST(column03 AS FLOAT)) as avg_column03 FROM query_table WHERE CAST(column05 AS FLOAT) > CAST(-73.988625 AS FLOAT) AND CAST(column05 AS FLOAT) < CAST(-73.982376 AS FLOAT) AND CAST(column06 AS FLOAT) > CAST(40.751904 AS FLOAT) AND CAST(column06 AS FLOAT) < CAST(40.75503 AS FLOAT) AND column12 >= 0.0 AND column12 <= 400.0 AND column04 <= 1000.0;",0.1,"{null={12=Stats{sum=11758196.091232548, avg=11.366657325067756}, 17=Stats{sum=14361523.982865024, avg=13.883296426795443}, 4=Stats{sum=2593278.827293251, avg=2.5069246633992854}, 3=Stats{sum=1770537.4592833875, avg=1.7115799417460442}}}","{12=11758196.091232548, 17=14361523.982865024, 4=2593278.827293251, 3=1770537.4592833875}"
/data-nonraid/maroulis/data/taxi_data/yellow_tripdata_2014_cleaned.csv,51,1.1929998397827148,"SELECT sum(CAST(column12 AS FLOAT)) as sum_column12, avg(CAST(column12 AS FLOAT)) as avg_column12, sum(CAST(column17 AS FLOAT)) as sum_column17, avg(CAST(column17 AS FLOAT)) as avg_column17, sum(CAST(column04 AS FLOAT)) as sum_column04, avg(CAST(column04 AS FLOAT)) as avg_column04, sum(CAST(column03 AS FLOAT)) as sum_column03, avg(CAST(column03 AS FLOAT)) as avg_column03 FROM query_table WHERE CAST(column05 AS FLOAT) > CAST(-73.98937 AS FLOAT) AND CAST(column05 AS FLOAT) < CAST(-73.98312 AS FLOAT) AND CAST(column06 AS FLOAT) > CAST(40.751904 AS FLOAT) AND CAST(column06 AS FLOAT) < CAST(40.75503 AS FLOAT) AND column12 >= 0.0 AND column12 <= 400.0 AND column04 <= 1000.0;",0.1,"{null={12=Stats{sum=12431778.855498152, avg=11.110211275764168}, 17=Stats{sum=15146414.508614898, avg=13.53626598550591}, 4=Stats{sum=2704849.9207406505, avg=2.4173092554145503}, 3=Stats{sum=1911255.9618441972, avg=1.7080787701400926}}}","{12=12431778.855498152, 17=15146414.508614898, 4=2704849.9207406505, 3=1911255.9618441972}"
/data-nonraid/maroulis/data/taxi_data/yellow_tripdata_2014_cleaned.csv,52,1.058398723602295,"SELECT sum(CAST(column12 AS FLOAT)) as sum_column12, avg(CAST(column12 AS FLOAT)) as avg_column12, sum(CAST(column17 AS FLOAT)) as sum_column17, avg(CAST(column17 AS FLOAT)) as avg_column17, sum(CAST(column04 AS FLOAT)) as sum_column04, avg(CAST(column04 AS FLOAT)) as avg_column04, sum(CAST(column03 AS FLOAT)) as sum_column03, avg(CAST(column03 AS FLOAT)) as avg_column03 FROM query_table WHERE CAST(column05 AS FLOAT) > CAST(-73.99049 AS FLOAT) AND CAST(column05 AS FLOAT) < CAST(-73.984245 AS FLOAT) AND CAST(column06 AS FLOAT) > CAST(40.751904 AS FLOAT) AND CAST(column06 AS FLOAT) < CAST(40.75503 AS FLOAT) AND column12 >= 0.0 AND column12 <= 400.0 AND column04 <= 1000.0;",0.1,"{null={12=Stats{sum=12173312.567337625, avg=11.079305718965779}, 17=Stats{sum=14810984.599913472, avg=13.479932062339548}, 4=Stats{sum=2620918.4921882157, avg=2.385378431615745}, 3=Stats{sum=1868904.8473967684, avg=1.7009477124183006}}}","{12=12173312.567337625, 17=14810984.599913472, 4=2620918.4921882157, 3=1868904.8473967684}"
/data-nonraid/maroulis/data/taxi_data/yellow_tripdata_2014_cleaned.csv,53,0.6973271369934082,"SELECT sum(CAST(column12 AS FLOAT)) as sum_column12, avg(CAST(column12 AS FLOAT)) as avg_column12, sum(CAST(column17 AS FLOAT)) as sum_column17, avg(CAST(column17 AS FLOAT)) as avg_column17, sum(CAST(column04 AS FLOAT)) as sum_column04, avg(CAST(column04 AS FLOAT)) as avg_column04, sum(CAST(column03 AS FLOAT)) as sum_column03, avg(CAST(column03 AS FLOAT)) as avg_column03 FROM query_table WHERE CAST(column05 AS FLOAT) > CAST(-73.99143 AS FLOAT) AND CAST(column05 AS FLOAT) < CAST(-73.98518 AS FLOAT) AND CAST(column06 AS FLOAT) > CAST(40.751904 AS FLOAT) AND CAST(column06 AS FLOAT) < CAST(40.75503 AS FLOAT) AND column12 >= 0.0 AND column12 <= 400.0 AND column04 <= 1000.0;",0.1,"{null={12=Stats{sum=10797032.084364524, avg=11.093463991009532}, 17=Stats{sum=13149777.084591798, avg=13.510803472462516}, 4=Stats{sum=2305718.7353472384, avg=2.369022113124162}, 3=Stats{sum=1661100.7025761127, avg=1.7067061286363965}}}","{12=10797032.084364524, 17=13149777.084591798, 4=2305718.7353472384, 3=1661100.7025761127}"
/data-nonraid/maroulis/data/taxi_data/yellow_tripdata_2014_cleaned.csv,54,0.8932535648345947,"SELECT sum(CAST(column12 AS FLOAT)) as sum_column12, avg(CAST(column12 AS FLOAT)) as avg_column12, sum(CAST(column17 AS FLOAT)) as sum_column17, avg(CAST(column17 AS FLOAT)) as avg_column17, sum(CAST(column04 AS FLOAT)) as sum_column04, avg(CAST(column04 AS FLOAT)) as avg_column04, sum(CAST(column03 AS FLOAT)) as sum_column03, avg(CAST(column03 AS FLOAT)) as avg_column03 FROM query_table WHERE CAST(column05 AS FLOAT) > CAST(-73.99081 AS FLOAT) AND CAST(column05 AS FLOAT) < CAST(-73.98456 AS FLOAT) AND CAST(column06 AS FLOAT) > CAST(40.751904 AS FLOAT) AND CAST(column06 AS FLOAT) < CAST(40.75503 AS FLOAT) AND column12 >= 0.0 AND column12 <= 400.0 AND column04 <= 1000.0;",0.1,"{null={12=Stats{sum=11674239.3939471, avg=11.069127111833534}, 17=Stats{sum=14186926.704782428, avg=13.451573993156538}, 4=Stats{sum=2520905.4549690145, avg=2.3902390533840214}, 3=Stats{sum=1811232.3232323232, avg=1.717350496111558}}}","{12=11674239.3939471, 17=14186926.704782428, 4=2520905.4549690145, 3=1811232.3232323232}"
/data-nonraid/maroulis/data/taxi_data/yellow_tripdata_2014_cleaned.csv,55,1.0920500755310059,"SELECT sum(CAST(column12 AS FLOAT)) as sum_column12, avg(CAST(column12 AS FLOAT)) as avg_column12, sum(CAST(column17 AS FLOAT)) as sum_column17, avg(CAST(column17 AS FLOAT)) as avg_column17, sum(CAST(column04 AS FLOAT)) as sum_column04, avg(CAST(column04 AS FLOAT)) as avg_column04, sum(CAST(column03 AS FLOAT)) as sum_column03, avg(CAST(column03 AS FLOAT)) as avg_column03 FROM query_table WHERE CAST(column05 AS FLOAT) > CAST(-73.991615 AS FLOAT) AND CAST(column05 AS FLOAT) < CAST(-73.98537 AS FLOAT) AND CAST(column06 AS FLOAT) > CAST(40.751904 AS FLOAT) AND CAST(column06 AS FLOAT) < CAST(40.75503 AS FLOAT) AND column12 >= 0.0 AND column12 <= 400.0 AND column04 <= 1000.0;",0.1,"{null={12=Stats{sum=10707307.024869053, avg=11.013219680625943}, 17=Stats{sum=12990929.37251162, avg=13.362086162530334}, 4=Stats{sum=2273445.206680066, avg=2.3383985753728607}, 3=Stats{sum=1655925.6198347108, avg=1.70323617167776}}}","{12=10707307.024869053, 17=12990929.37251162, 4=2273445.206680066, 3=1655925.6198347108}"
/data-nonraid/maroulis/data/taxi_data/yellow_tripdata_2014_cleaned.csv,56,1.015472650527954,"SELECT sum(CAST(column12 AS FLOAT)) as sum_column12, avg(CAST(column12 AS FLOAT)) as avg_column12, sum(CAST(column17 AS FLOAT)) as sum_column17, avg(CAST(column17 AS FLOAT)) as avg_column17, sum(CAST(column04 AS FLOAT)) as sum_column04, avg(CAST(column04 AS FLOAT)) as avg_column04, sum(CAST(column03 AS FLOAT)) as sum_column03, avg(CAST(column03 AS FLOAT)) as avg_column03 FROM query_table WHERE CAST(column05 AS FLOAT) > CAST(-73.990616 AS FLOAT) AND CAST(column05 AS FLOAT) < CAST(-73.98437 AS FLOAT) AND CAST(column06 AS FLOAT) > CAST(40.751404 AS FLOAT) AND CAST(column06 AS FLOAT) < CAST(40.75453 AS FLOAT) AND column12 >= 0.0 AND column12 <= 400.0 AND column04 <= 1000.0;",0.1,"{null={12=Stats{sum=12566188.616275318, avg=11.154425812507775}, 17=Stats{sum=15253866.578730095, avg=13.540153526421394}, 4=Stats{sum=2696346.81085322, avg=2.3934226506436853}, 3=Stats{sum=1935927.379784102, avg=1.7184334085385506}}}","{12=12566188.616275318, 17=15253866.578730095, 4=2696346.81085322, 3=1935927.379784102}"
/data-nonraid/maroulis/data/taxi_data/yellow_tripdata_2014_cleaned.csv,57,0.7055709362030029,"SELECT sum(CAST(column12 AS FLOAT)) as sum_column12, avg(CAST(column12 AS FLOAT)) as avg_column12, sum(CAST(column17 AS FLOAT)) as sum_column17, avg(CAST(column17 AS FLOAT)) as avg_column17, sum(CAST(column04 AS FLOAT)) as sum_column04, avg(CAST(column04 AS FLOAT)) as avg_column04, sum(CAST(column03 AS FLOAT)) as sum_column03, avg(CAST(column03 AS FLOAT)) as avg_column03 FROM query_table WHERE CAST(column05 AS FLOAT) > CAST(-73.991806 AS FLOAT) AND CAST(column05 AS FLOAT) < CAST(-73.98556 AS FLOAT) AND CAST(column06 AS FLOAT) > CAST(40.751404 AS FLOAT) AND CAST(column06 AS FLOAT) < CAST(40.75453 AS FLOAT) AND column12 >= 0.0 AND column12 <= 400.0 AND column04 <= 1000.0;",0.1,"{null={12=Stats{sum=10472143.049325643, avg=10.99476412429199}, 17=Stats{sum=12681618.191960681, avg=13.31450497555194}, 4=Stats{sum=2204688.788538782, avg=2.314715630151358}, 3=Stats{sum=1633587.4439461883, avg=1.7151129943502825}}}","{12=10472143.049325643, 17=12681618.191960681, 4=2204688.788538782, 3=1633587.4439461883}"
/data-nonraid/maroulis/data/taxi_data/yellow_tripdata_2014_cleaned.csv,58,0.7692952156066895,"SELECT sum(CAST(column12 AS FLOAT)) as sum_column12, avg(CAST(column12 AS FLOAT)) as avg_column12, sum(CAST(column17 AS FLOAT)) as sum_column17, avg(CAST(column17 AS FLOAT)) as avg_column17, sum(CAST(column04 AS FLOAT)) as sum_column04, avg(CAST(column04 AS FLOAT)) as avg_column04, sum(CAST(column03 AS FLOAT)) as sum_column03, avg(CAST(column03 AS FLOAT)) as avg_column03 FROM query_table WHERE CAST(column05 AS FLOAT) > CAST(-73.991806 AS FLOAT) AND CAST(column05 AS FLOAT) < CAST(-73.98556 AS FLOAT) AND CAST(column06 AS FLOAT) > CAST(40.750935 AS FLOAT) AND CAST(column06 AS FLOAT) < CAST(40.754063 AS FLOAT) AND column12 >= 0.0 AND column12 <= 400.0 AND column04 <= 1000.0;",0.1,"{null={12=Stats{sum=12243499.266090743, avg=10.902225471806968}, 17=Stats{sum=14741087.190028725, avg=13.126202954931223}, 4=Stats{sum=2557402.0192796076, avg=2.2772389518950837}, 3=Stats{sum=1914880.7339449541, avg=1.7051057920104566}}}","{12=12243499.266090743, 17=14741087.190028725, 4=2557402.0192796076, 3=1914880.7339449541}"
/data-nonraid/maroulis/data/taxi_data/yellow_tripdata_2014_cleaned.csv,59,0.887639045715332,"SELECT sum(CAST(column12 AS FLOAT)) as sum_column12, avg(CAST(column12 AS FLOAT)) as avg_column12, sum(CAST(column17 AS FLOAT)) as sum_column17, avg(CAST(column17 AS FLOAT)) as avg_column17, sum(CAST(column04 AS FLOAT)) as sum_column04, avg(CAST(column04 AS FLOAT)) as avg_column04, sum(CAST(column03 AS FLOAT)) as sum_column03, avg(CAST(column03 AS FLOAT)) as avg_column03 FROM query_table WHERE CAST(column05 AS FLOAT) > CAST(-73.992615 AS FLOAT) AND CAST(column05 AS FLOAT) < CAST(-73.98637 AS FLOAT) AND CAST(column06 AS FLOAT) > CAST(40.750935 AS FLOAT) AND CAST(column06 AS FLOAT) < CAST(40.754063 AS FLOAT) AND column12 >= 0.0 AND column12 <= 400.0 AND column04 <= 1000.0;",0.1,"{null={12=Stats{sum=11483200.668858046, avg=10.864058347008466}, 17=Stats{sum=13796382.800815096, avg=13.052520115946445}, 4=Stats{sum=2367733.2781068976, avg=2.2400716686304345}, 3=Stats{sum=1778595.3177257522, avg=1.6826983926085306}}}","{12=11483200.668858046, 17=13796382.800815096, 4=2367733.2781068976, 3=1778595.3177257522}"
/data-nonraid/maroulis/data/taxi_data/yellow_tripdata_2014_cleaned.csv,60,0.8220336437225342,"SELECT sum(CAST(column12 AS FLOAT)) as sum_column12, avg(CAST(column12 AS FLOAT)) as avg_column12, sum(CAST(column17 AS FLOAT)) as sum_column17, avg(CAST(column17 AS FLOAT)) as avg_column17, sum(CAST(column04 AS FLOAT)) as sum_column04, avg(CAST(column04 AS FLOAT)) as avg_column04, sum(CAST(column03 AS FLOAT)) as sum_column03, avg(CAST(column03 AS FLOAT)) as avg_column03 FROM query_table WHERE CAST(column05 AS FLOAT) > CAST(-73.993805 AS FLOAT) AND CAST(column05 AS FLOAT) < CAST(-73.98756 AS FLOAT) AND CAST(column06 AS FLOAT) > CAST(40.750935 AS FLOAT) AND CAST(column06 AS FLOAT) < CAST(40.754063 AS FLOAT) AND column12 >= 0.0 AND column12 <= 400.0 AND column04 <= 1000.0;",0.1,"{null={12=Stats{sum=14189199.135064254, avg=11.157549962678917}, 17=Stats{sum=16987780.658695526, avg=13.358189539114363}, 4=Stats{sum=2944875.778649808, avg=2.3156767567642866}, 3=Stats{sum=2166747.4048442906, avg=1.7038024624175225}}}","{12=14189199.135064254, 17=16987780.658695526, 4=2944875.778649808, 3=2166747.4048442906}"
/data-nonraid/maroulis/data/taxi_data/yellow_tripdata_2014_cleaned.csv,61,0.8075664043426514,"SELECT sum(CAST(column12 AS FLOAT)) as sum_column12, avg(CAST(column12 AS FLOAT)) as avg_column12, sum(CAST(column17 AS FLOAT)) as sum_column17, avg(CAST(column17 AS FLOAT)) as avg_column17, sum(CAST(column04 AS FLOAT)) as sum_column04, avg(CAST(column04 AS FLOAT)) as avg_column04, sum(CAST(column03 AS FLOAT)) as sum_column03, avg(CAST(column03 AS FLOAT)) as avg_column03 FROM query_table WHERE CAST(column05 AS FLOAT) > CAST(-73.993805 AS FLOAT) AND CAST(column05 AS FLOAT) < CAST(-73.98756 AS FLOAT) AND CAST(column06 AS FLOAT) > CAST(40.75031 AS FLOAT) AND CAST(column06 AS FLOAT) < CAST(40.753437 AS FLOAT) AND column12 >= 0.0 AND column12 <= 400.0 AND column04 <= 1000.0;",0.1,"{null={12=Stats{sum=17433412.08328326, avg=11.133039486956475}, 17=Stats{sum=20730794.625813957, avg=13.238759805745701}, 4=Stats{sum=3595088.5413003075, avg=2.2958364374223668}, 3=Stats{sum=2647770.8333333335, avg=1.6908759512532596}}}","{12=17433412.08328326, 17=20730794.625813957, 4=3595088.5413003075, 3=2647770.8333333335}"
/data-nonraid/maroulis/data/taxi_data/yellow_tripdata_2014_cleaned.csv,62,0.6336047649383545,"SELECT sum(CAST(column12 AS FLOAT)) as sum_column12, avg(CAST(column12 AS FLOAT)) as avg_column12, sum(CAST(column17 AS FLOAT)) as sum_column17, avg(CAST(column17 AS FLOAT)) as avg_column17, sum(CAST(column04 AS FLOAT)) as sum_column04, avg(CAST(column04 AS FLOAT)) as avg_column04, sum(CAST(column03 AS FLOAT)) as sum_column03, avg(CAST(column03 AS FLOAT)) as avg_column03 FROM query_table WHERE CAST(column05 AS FLOAT) > CAST(-73.99312 AS FLOAT) AND CAST(column05 AS FLOAT) < CAST(-73.98687 AS FLOAT) AND CAST(column06 AS FLOAT) > CAST(40.75031 AS FLOAT) AND CAST(column06 AS FLOAT) < CAST(40.753437 AS FLOAT) AND column12 >= 0.0 AND column12 <= 400.0 AND column04 <= 1000.0;",0.1,"{null={12=Stats{sum=16493911.082474226, avg=11.008992620116633}, 17=Stats{sum=19659493.85619655, avg=13.121886112752682}, 4=Stats{sum=3399103.09184189, avg=2.2687584931183937}, 3=Stats{sum=2564587.628865979, avg=1.71175448555848}}}","{12=16493911.082474226, 17=19659493.85619655, 4=3399103.09184189, 3=2564587.628865979}"
/data-nonraid/maroulis/data/taxi_data/yellow_tripdata_2014_cleaned.csv,63,0.4976325035095215,"SELECT sum(CAST(column12 AS FLOAT)) as sum_column12, avg(CAST(column12 AS FLOAT)) as avg_column12, sum(CAST(column17 AS FLOAT)) as sum_column17, avg(CAST(column17 AS FLOAT)) as avg_column17, sum(CAST(column04 AS FLOAT)) as sum_column04, avg(CAST(column04 AS FLOAT)) as avg_column04, sum(CAST(column03 AS FLOAT)) as sum_column03, avg(CAST(column03 AS FLOAT)) as avg_column03 FROM query_table WHERE CAST(column05 AS FLOAT) > CAST(-73.993744 AS FLOAT) AND CAST(column05 AS FLOAT) < CAST(-73.987495 AS FLOAT) AND CAST(column06 AS FLOAT) > CAST(40.749996 AS FLOAT) AND CAST(column06 AS FLOAT) < CAST(40.753124 AS FLOAT) AND column12 >= 0.0 AND column12 <= 400.0 AND column04 <= 1000.0;",0.1,"{null={12=Stats{sum=23519109.310347456, avg=11.160906710740722}, 17=Stats{sum=27859897.298007175, avg=13.220811664711887}, 4=Stats{sum=4829340.689326989, avg=2.2917458393821524}, 3=Stats{sum=3520896.5517241377, avg=1.6708284924154408}}}","{12=23519109.310347456, 17=27859897.298007175, 4=4829340.689326989, 3=3520896.5517241377}"
/data-nonraid/maroulis/data/taxi_data/yellow_tripdata_2014_cleaned.csv,64,0.5791909694671631,"SELECT sum(CAST(column12 AS FLOAT)) as sum_column12, avg(CAST(column12 AS FLOAT)) as avg_column12, sum(CAST(column17 AS FLOAT)) as sum_column17, avg(CAST(column17 AS FLOAT)) as avg_column17, sum(CAST(column04 AS FLOAT)) as sum_column04, avg(CAST(column04 AS FLOAT)) as avg_column04, sum(CAST(column03 AS FLOAT)) as sum_column03, avg(CAST(column03 AS FLOAT)) as avg_column03 FROM query_table WHERE CAST(column05 AS FLOAT) > CAST(-73.992935 AS FLOAT) AND CAST(column05 AS FLOAT) < CAST(-73.98669 AS FLOAT) AND CAST(column06 AS FLOAT) > CAST(40.749996 AS FLOAT) AND CAST(column06 AS FLOAT) < CAST(40.753124 AS FLOAT) AND column12 >= 0.0 AND column12 <= 400.0 AND column04 <= 1000.0;",0.1,"{null={12=Stats{sum=22070796.894494053, avg=11.078404676581581}, 17=Stats{sum=26152571.48058518, avg=13.127245544424675}, 4=Stats{sum=4519739.129154231, avg=2.2686765387181023}, 3=Stats{sum=3400527.950310559, avg=1.7068901013250195}}}","{12=22070796.894494053, 17=26152571.48058518, 4=4519739.129154231, 3=3400527.950310559}"
/data-nonraid/maroulis/data/taxi_data/yellow_tripdata_2014_cleaned.csv,65,0.8473861217498779,"SELECT sum(CAST(column12 AS FLOAT)) as sum_column12, avg(CAST(column12 AS FLOAT)) as avg_column12, sum(CAST(column17 AS FLOAT)) as sum_column17, avg(CAST(column17 AS FLOAT)) as avg_column17, sum(CAST(column04 AS FLOAT)) as sum_column04, avg(CAST(column04 AS FLOAT)) as avg_column04, sum(CAST(column03 AS FLOAT)) as sum_column03, avg(CAST(column03 AS FLOAT)) as avg_column03 FROM query_table WHERE CAST(column05 AS FLOAT) > CAST(-73.993935 AS FLOAT) AND CAST(column05 AS FLOAT) < CAST(-73.987686 AS FLOAT) AND CAST(column06 AS FLOAT) > CAST(40.749996 AS FLOAT) AND CAST(column06 AS FLOAT) < CAST(40.753124 AS FLOAT) AND column12 >= 0.0 AND column12 <= 400.0 AND column04 <= 1000.0;",0.1,"{null={12=Stats{sum=23178950.368637536, avg=11.197826391486316}, 17=Stats{sum=27420317.494523615, avg=13.246844659478807}, 4=Stats{sum=4741805.896292365, avg=2.290781867355505}, 3=Stats{sum=3458206.3882063883, avg=1.6706707657245956}}}","{12=23178950.368637536, 17=27420317.494523615, 4=4741805.896292365, 3=3458206.3882063883}"
/data-nonraid/maroulis/data/taxi_data/yellow_tripdata_2014_cleaned.csv,66,0.9995548725128174,"SELECT sum(CAST(column12 AS FLOAT)) as sum_column12, avg(CAST(column12 AS FLOAT)) as avg_column12, sum(CAST(column17 AS FLOAT)) as sum_column17, avg(CAST(column17 AS FLOAT)) as avg_column17, sum(CAST(column04 AS FLOAT)) as sum_column04, avg(CAST(column04 AS FLOAT)) as avg_column04, sum(CAST(column03 AS FLOAT)) as sum_column03, avg(CAST(column03 AS FLOAT)) as avg_column03 FROM query_table WHERE CAST(column05 AS FLOAT) > CAST(-73.992744 AS FLOAT) AND CAST(column05 AS FLOAT) < CAST(-73.986496 AS FLOAT) AND CAST(column06 AS FLOAT) > CAST(40.75059 AS FLOAT) AND CAST(column06 AS FLOAT) < CAST(40.75372 AS FLOAT) AND column12 >= 0.0 AND column12 <= 400.0 AND column04 <= 1000.0;",0.1,"{null={12=Stats{sum=13657921.410005335, avg=10.922344626052187}, 17=Stats{sum=16343667.269359991, avg=13.070156212694842}, 4=Stats{sum=2825516.8411545893, avg=2.2595875140412542}, 3=Stats{sum=2153172.323759791, avg=1.7219084407788277}}}","{12=13657921.410005335, 17=16343667.269359991, 4=2825516.8411545893, 3=2153172.323759791}"
/data-nonraid/maroulis/data/taxi_data/yellow_tripdata_2014_cleaned.csv,67,0.6795341968536377,"SELECT sum(CAST(column12 AS FLOAT)) as sum_column12, avg(CAST(column12 AS FLOAT)) as avg_column12, sum(CAST(column17 AS FLOAT)) as sum_column17, avg(CAST(column17 AS FLOAT)) as avg_column17, sum(CAST(column04 AS FLOAT)) as sum_column04, avg(CAST(column04 AS FLOAT)) as avg_column04, sum(CAST(column03 AS FLOAT)) as sum_column03, avg(CAST(column03 AS FLOAT)) as avg_column03 FROM query_table WHERE CAST(column05 AS FLOAT) > CAST(-73.992744 AS FLOAT) AND CAST(column05 AS FLOAT) < CAST(-73.986496 AS FLOAT) AND CAST(column06 AS FLOAT) > CAST(40.750248 AS FLOAT) AND CAST(column06 AS FLOAT) < CAST(40.753376 AS FLOAT) AND column12 >= 0.0 AND column12 <= 400.0 AND column04 <= 1000.0;",0.1,"{null={12=Stats{sum=16575586.20687776, avg=10.964868431759463}, 17=Stats{sum=19719631.07383897, avg=13.044676522979426}, 4=Stats{sum=3419829.0632959697, avg=2.2622413029705313}, 3=Stats{sum=2596527.0935960594, avg=1.7176211812627291}}}","{12=16575586.20687776, 17=19719631.07383897, 4=3419829.0632959697, 3=2596527.0935960594}"
/data-nonraid/maroulis/data/taxi_data/yellow_tripdata_2014_cleaned.csv,68,0.6184248924255371,"SELECT sum(CAST(column12 AS FLOAT)) as sum_column12, avg(CAST(column12 AS FLOAT)) as avg_column12, sum(CAST(column17 AS FLOAT)) as sum_column17, avg(CAST(column17 AS FLOAT)) as avg_column17, sum(CAST(column04 AS FLOAT)) as sum_column04, avg(CAST(column04 AS FLOAT)) as avg_column04, sum(CAST(column03 AS FLOAT)) as sum_column03, avg(CAST(column03 AS FLOAT)) as avg_column03 FROM query_table WHERE CAST(column05 AS FLOAT) > CAST(-73.991684 AS FLOAT) AND CAST(column05 AS FLOAT) < CAST(-73.985435 AS FLOAT) AND CAST(column06 AS FLOAT) > CAST(40.75078 AS FLOAT) AND CAST(column06 AS FLOAT) < CAST(40.753906 AS FLOAT) AND column12 >= 0.0 AND column12 <= 400.0 AND column04 <= 1000.0;",0.1,"{null={12=Stats{sum=13899885.00002811, avg=10.917869943592635}, 17=Stats{sum=16723690.823943991, avg=13.13586992930552}, 4=Stats{sum=2910845.000002337, avg=2.2863661919446208}, 3=Stats{sum=2170342.1052631577, avg=1.704727257694454}}}","{12=13899885.00002811, 17=16723690.823943991, 4=2910845.000002337, 3=2170342.1052631577}"
/data-nonraid/maroulis/data/taxi_data/yellow_tripdata_2014_cleaned.csv,69,0.7375349998474121,"SELECT sum(CAST(column12 AS FLOAT)) as sum_column12, avg(CAST(column12 AS FLOAT)) as avg_column12, sum(CAST(column17 AS FLOAT)) as sum_column17, avg(CAST(column17 AS FLOAT)) as avg_column17, sum(CAST(column04 AS FLOAT)) as sum_column04, avg(CAST(column04 AS FLOAT)) as avg_column04, sum(CAST(column03 AS FLOAT)) as sum_column03, avg(CAST(column03 AS FLOAT)) as avg_column03 FROM query_table WHERE CAST(column05 AS FLOAT) > CAST(-73.994804 AS FLOAT) AND CAST(column05 AS FLOAT) < CAST(-73.98231 AS FLOAT) AND CAST(column06 AS FLOAT) > CAST(40.749214 AS FLOAT) AND CAST(column06 AS FLOAT) < CAST(40.75547 AS FLOAT) AND column12 >= 0.0 AND column12 <= 400.0 AND column04 <= 1000.0;",0.1,"{null={12=Stats{sum=84256556.5448037, avg=11.42680808465018}, 17=Stats{sum=100645961.22478965, avg=13.649526287004925}, 4=Stats{sum=17601931.41152078, avg=2.3871601262469113}, 3=Stats{sum=12571047.120418848, avg=1.7048755462933707}}}","{12=84256556.5448037, 17=100645961.22478965, 4=17601931.41152078, 3=12571047.120418848}"
/data-nonraid/maroulis/data/taxi_data/yellow_tripdata_2014_cleaned.csv,70,0.6534466743469238,"SELECT sum(CAST(column12 AS FLOAT)) as sum_column12, avg(CAST(column12 AS FLOAT)) as avg_column12, sum(CAST(column17 AS FLOAT)) as sum_column17, avg(CAST(column17 AS FLOAT)) as avg_column17, sum(CAST(column04 AS FLOAT)) as sum_column04, avg(CAST(column04 AS FLOAT)) as avg_column04, sum(CAST(column03 AS FLOAT)) as sum_column03, avg(CAST(column03 AS FLOAT)) as avg_column03 FROM query_table WHERE CAST(column05 AS FLOAT) > CAST(-74.00105 AS FLOAT) AND CAST(column05 AS FLOAT) < CAST(-73.97606 AS FLOAT) AND CAST(column06 AS FLOAT) > CAST(40.746086 AS FLOAT) AND CAST(column06 AS FLOAT) < CAST(40.7586 AS FLOAT) AND column12 >= 0.0 AND column12 <= 400.0 AND column04 <= 1000.0;",0.1,"{null={12=Stats{sum=256294061.90532786, avg=11.419492919049047}, 17=Stats{sum=308558521.86018956, avg=13.748199350776401}, 4=Stats{sum=54488189.97019173, avg=2.4277874208659878}, 3=Stats{sum=38149373.43358395, avg=1.6997916243252358}}}","{12=256294061.90532786, 17=308558521.86018956, 4=54488189.97019173, 3=38149373.43358395}"
/data-nonraid/maroulis/data/taxi_data/yellow_tripdata_2014_cleaned.csv,71,0.5494790077209473,"SELECT sum(CAST(column12 AS FLOAT)) as sum_column12, avg(CAST(column12 AS FLOAT)) as avg_column12, sum(CAST(column17 AS FLOAT)) as sum_column17, avg(CAST(column17 AS FLOAT)) as avg_column17, sum(CAST(column04 AS FLOAT)) as sum_column04, avg(CAST(column04 AS FLOAT)) as avg_column04, sum(CAST(column03 AS FLOAT)) as sum_column03, avg(CAST(column03 AS FLOAT)) as avg_column03 FROM query_table WHERE CAST(column05 AS FLOAT) > CAST(-74.01355 AS FLOAT) AND CAST(column05 AS FLOAT) < CAST(-73.96356 AS FLOAT) AND CAST(column06 AS FLOAT) > CAST(40.73983 AS FLOAT) AND CAST(column06 AS FLOAT) < CAST(40.764854 AS FLOAT) AND column12 >= 0.0 AND column12 <= 400.0 AND column04 <= 1000.0;",0.1,"{null={12=Stats{sum=734962112.4571062, avg=11.367775998186433}, 17=Stats{sum=890577987.4166903, avg=13.774711509988865}, 4=Stats{sum=158095194.48357958, avg=2.4452835415838385}, 3=Stats{sum=108895238.09523809, avg=1.6842999835696844}}}","{12=734962112.4571062, 17=890577987.4166903, 4=158095194.48357958, 3=108895238.09523809}"
/data-nonraid/maroulis/data/taxi_data/yellow_tripdata_2014_cleaned.csv,72,0.6701910495758057,"SELECT sum(CAST(column12 AS FLOAT)) as sum_column12, avg(CAST(column12 AS FLOAT)) as avg_column12, sum(CAST(column17 AS FLOAT)) as sum_column17, avg(CAST(column17 AS FLOAT)) as avg_column17, sum(CAST(column04 AS FLOAT)) as sum_column04, avg(CAST(column04 AS FLOAT)) as avg_column04, sum(CAST(column03 AS FLOAT)) as sum_column03, avg(CAST(column03 AS FLOAT)) as avg_column03 FROM query_table WHERE CAST(column05 AS FLOAT) > CAST(-74.01755 AS FLOAT) AND CAST(column05 AS FLOAT) < CAST(-73.96756 AS FLOAT) AND CAST(column06 AS FLOAT) > CAST(40.741833 AS FLOAT) AND CAST(column06 AS FLOAT) < CAST(40.766857 AS FLOAT) AND column12 >= 0.0 AND column12 <= 400.0 AND column04 <= 1000.0;",0.1,"{null={12=Stats{sum=679351306.2678125, avg=11.404357804010367}, 17=Stats{sum=819319135.6287028, avg=13.754015767946028}, 4=Stats{sum=146108192.45791948, avg=2.4527370294485733}, 3=Stats{sum=101902180.45112781, avg=1.7106450170206338}}}","{12=679351306.2678125, 17=819319135.6287028, 4=146108192.45791948, 3=101902180.45112781}"
/data-nonraid/maroulis/data/taxi_data/yellow_tripdata_2014_cleaned.csv,73,0.6009924411773682,"SELECT sum(CAST(column12 AS FLOAT)) as sum_column12, avg(CAST(column12 AS FLOAT)) as avg_column12, sum(CAST(column17 AS FLOAT)) as sum_column17, avg(CAST(column17 AS FLOAT)) as avg_column17, sum(CAST(column04 AS FLOAT)) as sum_column04, avg(CAST(column04 AS FLOAT)) as avg_column04, sum(CAST(column03 AS FLOAT)) as sum_column03, avg(CAST(column03 AS FLOAT)) as avg_column03 FROM query_table WHERE CAST(column05 AS FLOAT) > CAST(-74.01305 AS FLOAT) AND CAST(column05 AS FLOAT) < CAST(-73.96306 AS FLOAT) AND CAST(column06 AS FLOAT) > CAST(40.744083 AS FLOAT) AND CAST(column06 AS FLOAT) < CAST(40.769108 AS FLOAT) AND column12 >= 0.0 AND column12 <= 400.0 AND column04 <= 1000.0;",0.1,"{null={12=Stats{sum=690326291.2558604, avg=11.3519714482233}, 17=Stats{sum=832079059.7376252, avg=13.683004469700938}, 4=Stats{sum=148134962.0776557, avg=2.435984086496159}, 3=Stats{sum=103380233.23615159, avg=1.7000213824573718}}}","{12=690326291.2558604, 17=832079059.7376252, 4=148134962.0776557, 3=103380233.23615159}"
/data-nonraid/maroulis/data/taxi_data/yellow_tripdata_2014_cleaned.csv,74,0.4893918037414551,"SELECT sum(CAST(column12 AS FLOAT)) as sum_column12, avg(CAST(column12 AS FLOAT)) as avg_column12, sum(CAST(column17 AS FLOAT)) as sum_column17, avg(CAST(column17 AS FLOAT)) as avg_column17, sum(CAST(column04 AS FLOAT)) as sum_column04, avg(CAST(column04 AS FLOAT)) as avg_column04, sum(CAST(column03 AS FLOAT)) as sum_column03, avg(CAST(column03 AS FLOAT)) as avg_column03 FROM query_table WHERE CAST(column05 AS FLOAT) > CAST(-74.01305 AS FLOAT) AND CAST(column05 AS FLOAT) < CAST(-73.96306 AS FLOAT) AND CAST(column06 AS FLOAT) > CAST(40.74158 AS FLOAT) AND CAST(column06 AS FLOAT) < CAST(40.766605 AS FLOAT) AND column12 >= 0.0 AND column12 <= 400.0 AND column04 <= 1000.0;",0.1,"{null={12=Stats{sum=733676781.5361123, avg=11.352835269952786}, 17=Stats{sum=885284882.9705458, avg=13.698802655715966}, 4=Stats{sum=157115640.04836726, avg=2.4311904433826146}, 3=Stats{sum=110860243.90243903, avg=1.7154394396617958}}}","{12=733676781.5361123, 17=885284882.9705458, 4=157115640.04836726, 3=110860243.90243903}"
/data-nonraid/maroulis/data/taxi_data/yellow_tripdata_2014_cleaned.csv,75,0.48316073417663574,"SELECT sum(CAST(column12 AS FLOAT)) as sum_column12, avg(CAST(column12 AS FLOAT)) as avg_column12, sum(CAST(column17 AS FLOAT)) as sum_column17, avg(CAST(column17 AS FLOAT)) as avg_column17, sum(CAST(column04 AS FLOAT)) as sum_column04, avg(CAST(column04 AS FLOAT)) as avg_column04, sum(CAST(column03 AS FLOAT)) as sum_column03, avg(CAST(column03 AS FLOAT)) as avg_column03 FROM query_table WHERE CAST(column05 AS FLOAT) > CAST(-74.007545 AS FLOAT) AND CAST(column05 AS FLOAT) < CAST(-73.95756 AS FLOAT) AND CAST(column06 AS FLOAT) > CAST(40.744335 AS FLOAT) AND CAST(column06 AS FLOAT) < CAST(40.76936 AS FLOAT) AND column12 >= 0.0 AND column12 <= 400.0 AND column04 <= 1000.0;",0.1,"{null={12=Stats{sum=722885286.4796838, avg=11.343809764518472}, 17=Stats{sum=872810218.4083371, avg=13.696492740041757}, 4=Stats{sum=155244143.03233337, avg=2.4361541983936603}, 3=Stats{sum=107236014.23487544, avg=1.682791126251274}}}","{12=722885286.4796838, 17=872810218.4083371, 4=155244143.03233337, 3=107236014.23487544}"
/data-nonraid/maroulis/data/taxi_data/yellow_tripdata_2014_cleaned.csv,76,0.42503952980041504,"SELECT sum(CAST(column12 AS FLOAT)) as sum_column12, avg(CAST(column12 AS FLOAT)) as avg_column12, sum(CAST(column17 AS FLOAT)) as sum_column17, avg(CAST(column17 AS FLOAT)) as avg_column17, sum(CAST(column04 AS FLOAT)) as sum_column04, avg(CAST(column04 AS FLOAT)) as avg_column04, sum(CAST(column03 AS FLOAT)) as sum_column03, avg(CAST(column03 AS FLOAT)) as avg_column03 FROM query_table WHERE CAST(column05 AS FLOAT) > CAST(-74.00255 AS FLOAT) AND CAST(column05 AS FLOAT) < CAST(-73.95256 AS FLOAT) AND CAST(column06 AS FLOAT) > CAST(40.741833 AS FLOAT) AND CAST(column06 AS FLOAT) < CAST(40.766857 AS FLOAT) AND column12 >= 0.0 AND column12 <= 400.0 AND column04 <= 1000.0;",0.1,"{null={12=Stats{sum=710027959.6587521, avg=11.352854097962238}, 17=Stats{sum=856747513.1981468, avg=13.69879789072704}, 4=Stats{sum=152507760.49204442, avg=2.438493203148339}, 3=Stats{sum=106299442.06008583, avg=1.6996542741541452}}}","{12=710027959.6587521, 17=856747513.1981468, 4=152507760.49204442, 3=106299442.06008583}"
/data-nonraid/maroulis/data/taxi_data/yellow_tripdata_2014_cleaned.csv,77,0.6412131786346436,"SELECT sum(CAST(column12 AS FLOAT)) as sum_column12, avg(CAST(column12 AS FLOAT)) as avg_column12, sum(CAST(column17 AS FLOAT)) as sum_column17, avg(CAST(column17 AS FLOAT)) as avg_column17, sum(CAST(column04 AS FLOAT)) as sum_column04, avg(CAST(column04 AS FLOAT)) as avg_column04, sum(CAST(column03 AS FLOAT)) as sum_column03, avg(CAST(column03 AS FLOAT)) as avg_column03 FROM query_table WHERE CAST(column05 AS FLOAT) > CAST(-73.99855 AS FLOAT) AND CAST(column05 AS FLOAT) < CAST(-73.94856 AS FLOAT) AND CAST(column06 AS FLOAT) > CAST(40.741833 AS FLOAT) AND CAST(column06 AS FLOAT) < CAST(40.766857 AS FLOAT) AND column12 >= 0.0 AND column12 <= 400.0 AND column04 <= 1000.0;",0.1,"{null={12=Stats{sum=696787694.9654897, avg=11.369929012431113}, 17=Stats{sum=840494725.0744168, avg=13.714888234201993}, 4=Stats{sum=149783233.79009318, avg=2.4441085107424}, 3=Stats{sum=104055431.65467626, avg=1.697938812381213}}}","{12=696787694.9654897, 17=840494725.0744168, 4=149783233.79009318, 3=104055431.65467626}"
/data-nonraid/maroulis/data/taxi_data/yellow_tripdata_2014_cleaned.csv,78,0.6099705696105957,"SELECT sum(CAST(column12 AS FLOAT)) as sum_column12, avg(CAST(column12 AS FLOAT)) as avg_column12, sum(CAST(column17 AS FLOAT)) as sum_column17, avg(CAST(column17 AS FLOAT)) as avg_column17, sum(CAST(column04 AS FLOAT)) as sum_column04, avg(CAST(column04 AS FLOAT)) as avg_column04, sum(CAST(column03 AS FLOAT)) as sum_column03, avg(CAST(column03 AS FLOAT)) as avg_column03 FROM query_table WHERE CAST(column05 AS FLOAT) > CAST(-73.99205 AS FLOAT) AND CAST(column05 AS FLOAT) < CAST(-73.94206 AS FLOAT) AND CAST(column06 AS FLOAT) > CAST(40.745087 AS FLOAT) AND CAST(column06 AS FLOAT) < CAST(40.77011 AS FLOAT) AND column12 >= 0.0 AND column12 <= 400.0 AND column04 <= 1000.0;",0.1,"{null={12=Stats{sum=628689909.816231, avg=11.339723463534456}, 17=Stats{sum=757594793.3544911, avg=13.664789779375694}, 4=Stats{sum=135358503.16570738, avg=2.4414707002148983}, 3=Stats{sum=94776631.29973476, avg=1.7094926655630722}}}","{12=628689909.816231, 17=757594793.3544911, 4=135358503.16570738, 3=94776631.29973476}"
/data-nonraid/maroulis/data/taxi_data/yellow_tripdata_2014_cleaned.csv,79,0.6485395431518555,"SELECT sum(CAST(column12 AS FLOAT)) as sum_column12, avg(CAST(column12 AS FLOAT)) as avg_column12, sum(CAST(column17 AS FLOAT)) as sum_column17, avg(CAST(column17 AS FLOAT)) as avg_column17, sum(CAST(column04 AS FLOAT)) as sum_column04, avg(CAST(column04 AS FLOAT)) as avg_column04, sum(CAST(column03 AS FLOAT)) as sum_column03, avg(CAST(column03 AS FLOAT)) as avg_column03 FROM query_table WHERE CAST(column05 AS FLOAT) > CAST(-73.98805 AS FLOAT) AND CAST(column05 AS FLOAT) < CAST(-73.938065 AS FLOAT) AND CAST(column06 AS FLOAT) > CAST(40.74709 AS FLOAT) AND CAST(column06 AS FLOAT) < CAST(40.772114 AS FLOAT) AND column12 >= 0.0 AND column12 <= 400.0 AND column04 <= 1000.0;",0.1,"{null={12=Stats{sum=545954351.7496426, avg=11.29900760588654}, 17=Stats{sum=659716827.1831312, avg=13.653422532827014}, 4=Stats{sum=117584546.36453795, avg=2.4335160612784743}, 3=Stats{sum=81574009.32400933, avg=1.6882461854930058}}}","{12=545954351.7496426, 17=659716827.1831312, 4=117584546.36453795, 3=81574009.32400933}"
/data-nonraid/maroulis/data/taxi_data/yellow_tripdata_2014_cleaned.csv,80,0.5474331378936768,"SELECT sum(CAST(column12 AS FLOAT)) as sum_column12, avg(CAST(column12 AS FLOAT)) as avg_column12, sum(CAST(column17 AS FLOAT)) as sum_column17, avg(CAST(column17 AS FLOAT)) as avg_column17, sum(CAST(column04 AS FLOAT)) as sum_column04, avg(CAST(column04 AS FLOAT)) as avg_column04, sum(CAST(column03 AS FLOAT)) as sum_column03, avg(CAST(column03 AS FLOAT)) as avg_column03 FROM query_table WHERE CAST(column05 AS FLOAT) > CAST(-73.98155 AS FLOAT) AND CAST(column05 AS FLOAT) < CAST(-73.931564 AS FLOAT) AND CAST(column06 AS FLOAT) > CAST(40.74709 AS FLOAT) AND CAST(column06 AS FLOAT) < CAST(40.772114 AS FLOAT) AND column12 >= 0.0 AND column12 <= 400.0 AND column04 <= 1000.0;",0.1,"{null={12=Stats{sum=423033069.6003437, avg=11.122754841052844}, 17=Stats{sum=510652289.1266346, avg=13.426515866345822}, 4=Stats{sum=90476537.98492268, avg=2.3788881371005766}, 3=Stats{sum=63689960.0, avg=1.6745920397800653}}}","{12=423033069.6003437, 17=510652289.1266346, 4=90476537.98492268, 3=63689960.0}"
/data-nonraid/maroulis/data/taxi_data/yellow_tripdata_2014_cleaned.csv,81,0.6490161418914795,"SELECT sum(CAST(column12 AS FLOAT)) as sum_column12, avg(CAST(column12 AS FLOAT)) as avg_column12, sum(CAST(column17 AS FLOAT)) as sum_column17, avg(CAST(column17 AS FLOAT)) as avg_column17, sum(CAST(column04 AS FLOAT)) as sum_column04, avg(CAST(column04 AS FLOAT)) as avg_column04, sum(CAST(column03 AS FLOAT)) as sum_column03, avg(CAST(column03 AS FLOAT)) as avg_column03 FROM query_table WHERE CAST(column05 AS FLOAT) > CAST(-73.98155 AS FLOAT) AND CAST(column05 AS FLOAT) < CAST(-73.931564 AS FLOAT) AND CAST(column06 AS FLOAT) > CAST(40.744587 AS FLOAT) AND CAST(column06 AS FLOAT) < CAST(40.76961 AS FLOAT) AND column12 >= 0.0 AND column12 <= 400.0 AND column04 <= 1000.0;",0.1,"{null={12=Stats{sum=387199367.4011612, avg=11.17188303091954}, 17=Stats{sum=467011426.8620062, avg=13.474704439792228}, 4=Stats{sum=82957654.78959791, avg=2.393581430799648}, 3=Stats{sum=58369360.0, avg=1.6841341112885253}}}","{12=387199367.4011612, 17=467011426.8620062, 4=82957654.78959791, 3=58369360.0}"
/data-nonraid/maroulis/data/taxi_data/yellow_tripdata_2014_cleaned.csv,82,0.46489429473876953,"SELECT sum(CAST(column12 AS FLOAT)) as sum_column12, avg(CAST(column12 AS FLOAT)) as avg_column12, sum(CAST(column17 AS FLOAT)) as sum_column17, avg(CAST(column17 AS FLOAT)) as avg_column17, sum(CAST(column04 AS FLOAT)) as sum_column04, avg(CAST(column04 AS FLOAT)) as avg_column04, sum(CAST(column03 AS FLOAT)) as sum_column03, avg(CAST(column03 AS FLOAT)) as avg_column03 FROM query_table WHERE CAST(column05 AS FLOAT) > CAST(-73.98855 AS FLOAT) AND CAST(column05 AS FLOAT) < CAST(-73.93856 AS FLOAT) AND CAST(column06 AS FLOAT) > CAST(40.741085 AS FLOAT) AND CAST(column06 AS FLOAT) < CAST(40.76611 AS FLOAT) AND column12 >= 0.0 AND column12 <= 400.0 AND column04 <= 1000.0;",0.1,"{null={12=Stats{sum=509434262.3099092, avg=11.349999760115066}, 17=Stats{sum=615035161.1809826, avg=13.702747240074471}, 4=Stats{sum=109930773.82896762, avg=2.4492154315074544}, 3=Stats{sum=76916807.6923077, avg=1.7136769421398372}}}","{12=509434262.3099092, 17=615035161.1809826, 4=109930773.82896762, 3=76916807.6923077}"
/data-nonraid/maroulis/data/taxi_data/yellow_tripdata_2014_cleaned.csv,83,0.61934494972229,"SELECT sum(CAST(column12 AS FLOAT)) as sum_column12, avg(CAST(column12 AS FLOAT)) as avg_column12, sum(CAST(column17 AS FLOAT)) as sum_column17, avg(CAST(column17 AS FLOAT)) as avg_column17, sum(CAST(column04 AS FLOAT)) as sum_column04, avg(CAST(column04 AS FLOAT)) as avg_column04, sum(CAST(column03 AS FLOAT)) as sum_column03, avg(CAST(column03 AS FLOAT)) as avg_column03 FROM query_table WHERE CAST(column05 AS FLOAT) > CAST(-73.98355 AS FLOAT) AND CAST(column05 AS FLOAT) < CAST(-73.93356 AS FLOAT) AND CAST(column06 AS FLOAT) > CAST(40.738583 AS FLOAT) AND CAST(column06 AS FLOAT) < CAST(40.763607 AS FLOAT) AND column12 >= 0.0 AND column12 <= 400.0 AND column04 <= 1000.0;",0.1,"{null={12=Stats{sum=349319661.3991659, avg=11.318325958596137}, 17=Stats{sum=423940310.4954143, avg=13.736113798909718}, 4=Stats{sum=75412791.17913124, avg=2.4434540804091966}, 3=Stats{sum=51963130.69908815, avg=1.683660314812207}}}","{12=349319661.3991659, 17=423940310.4954143, 4=75412791.17913124, 3=51963130.69908815}"
/data-nonraid/maroulis/data/taxi_data/yellow_tripdata_2014_cleaned.csv,84,0.5007221698760986,"SELECT sum(CAST(column12 AS FLOAT)) as sum_column12, avg(CAST(column12 AS FLOAT)) as avg_column12, sum(CAST(column17 AS FLOAT)) as sum_column17, avg(CAST(column17 AS FLOAT)) as avg_column17, sum(CAST(column04 AS FLOAT)) as sum_column04, avg(CAST(column04 AS FLOAT)) as avg_column04, sum(CAST(column03 AS FLOAT)) as sum_column03, avg(CAST(column03 AS FLOAT)) as avg_column03 FROM query_table WHERE CAST(column05 AS FLOAT) > CAST(-73.98955 AS FLOAT) AND CAST(column05 AS FLOAT) < CAST(-73.93956 AS FLOAT) AND CAST(column06 AS FLOAT) > CAST(40.741585 AS FLOAT) AND CAST(column06 AS FLOAT) < CAST(40.76661 AS FLOAT) AND column12 >= 0.0 AND column12 <= 400.0 AND column04 <= 1000.0;",0.1,"{null={12=Stats{sum=528274737.2273024, avg=11.392964957829957}, 17=Stats{sum=639902141.0445489, avg=13.800362113897663}, 4=Stats{sum=114339986.48693459, avg=2.465897699673441}, 3=Stats{sum=79206934.30656934, avg=1.7082055290173845}}}","{12=528274737.2273024, 17=639902141.0445489, 4=114339986.48693459, 3=79206934.30656934}"
/data-nonraid/maroulis/data/taxi_data/yellow_tripdata_2014_cleaned.csv,85,0.541323184967041,"SELECT sum(CAST(column12 AS FLOAT)) as sum_column12, avg(CAST(column12 AS FLOAT)) as avg_column12, sum(CAST(column17 AS FLOAT)) as sum_column17, avg(CAST(column17 AS FLOAT)) as avg_column17, sum(CAST(column04 AS FLOAT)) as sum_column04, avg(CAST(column04 AS FLOAT)) as avg_column04, sum(CAST(column03 AS FLOAT)) as sum_column03, avg(CAST(column03 AS FLOAT)) as avg_column03 FROM query_table WHERE CAST(column05 AS FLOAT) > CAST(-73.996544 AS FLOAT) AND CAST(column05 AS FLOAT) < CAST(-73.946556 AS FLOAT) AND CAST(column06 AS FLOAT) > CAST(40.738083 AS FLOAT) AND CAST(column06 AS FLOAT) < CAST(40.763107 AS FLOAT) AND column12 >= 0.0 AND column12 <= 400.0 AND column04 <= 1000.0;",0.1,"{null={12=Stats{sum=616857722.5830649, avg=11.354205798165227}, 17=Stats{sum=746404402.2200526, avg=13.73870972381604}, 4=Stats{sum=132436888.5156547, avg=2.437702621568332}, 3=Stats{sum=91838243.72759856, avg=1.6904227364759887}}}","{12=616857722.5830649, 17=746404402.2200526, 4=132436888.5156547, 3=91838243.72759856}"
/data-nonraid/maroulis/data/taxi_data/yellow_tripdata_2014_cleaned.csv,86,1.1031811237335205,"SELECT sum(CAST(column12 AS FLOAT)) as sum_column12, avg(CAST(column12 AS FLOAT)) as avg_column12, sum(CAST(column17 AS FLOAT)) as sum_column17, avg(CAST(column17 AS FLOAT)) as avg_column17, sum(CAST(column04 AS FLOAT)) as sum_column04, avg(CAST(column04 AS FLOAT)) as avg_column04, sum(CAST(column03 AS FLOAT)) as sum_column03, avg(CAST(column03 AS FLOAT)) as avg_column03 FROM query_table WHERE CAST(column05 AS FLOAT) > CAST(-74.00404 AS FLOAT) AND CAST(column05 AS FLOAT) < CAST(-73.954056 AS FLOAT) AND CAST(column06 AS FLOAT) > CAST(40.738083 AS FLOAT) AND CAST(column06 AS FLOAT) < CAST(40.763107 AS FLOAT) AND column12 >= 0.0 AND column12 <= 400.0 AND column04 <= 1000.0;",0.1,"{null={12=Stats{sum=703187968.8572925, avg=11.290348092403098}, 17=Stats{sum=851110305.0421064, avg=13.665381142075423}, 4=Stats{sum=151193021.8624652, avg=2.427547002465813}, 3=Stats{sum=105236548.82154882, avg=1.68967235057969}}}","{12=703187968.8572925, 17=851110305.0421064, 4=151193021.8624652, 3=105236548.82154882}"
/data-nonraid/maroulis/data/taxi_data/yellow_tripdata_2014_cleaned.csv,87,0.7369434833526611,"SELECT sum(CAST(column12 AS FLOAT)) as sum_column12, avg(CAST(column12 AS FLOAT)) as avg_column12, sum(CAST(column17 AS FLOAT)) as sum_column17, avg(CAST(column17 AS FLOAT)) as avg_column17, sum(CAST(column04 AS FLOAT)) as sum_column04, avg(CAST(column04 AS FLOAT)) as avg_column04, sum(CAST(column03 AS FLOAT)) as sum_column03, avg(CAST(column03 AS FLOAT)) as avg_column03 FROM query_table WHERE CAST(column05 AS FLOAT) > CAST(-74.01154 AS FLOAT) AND CAST(column05 AS FLOAT) < CAST(-73.961555 AS FLOAT) AND CAST(column06 AS FLOAT) > CAST(40.741837 AS FLOAT) AND CAST(column06 AS FLOAT) < CAST(40.76686 AS FLOAT) AND column12 >= 0.0 AND column12 <= 400.0 AND column04 <= 1000.0;",0.1,"{null={12=Stats{sum=738059360.7618127, avg=11.352602259781559}, 17=Stats{sum=890804835.598915, avg=13.702086210526696}, 4=Stats{sum=158901043.5546211, avg=2.444167016969803}, 3=Stats{sum=110818806.50994575, avg=1.7045808238412343}}}","{12=738059360.7618127, 17=890804835.598915, 4=158901043.5546211, 3=110818806.50994575}"
/data-nonraid/maroulis/data/taxi_data/yellow_tripdata_2014_cleaned.csv,88,0.9007959365844727,"SELECT sum(CAST(column12 AS FLOAT)) as sum_column12, avg(CAST(column12 AS FLOAT)) as avg_column12, sum(CAST(column17 AS FLOAT)) as sum_column17, avg(CAST(column17 AS FLOAT)) as avg_column17, sum(CAST(column04 AS FLOAT)) as sum_column04, avg(CAST(column04 AS FLOAT)) as avg_column04, sum(CAST(column03 AS FLOAT)) as sum_column03, avg(CAST(column03 AS FLOAT)) as avg_column03 FROM query_table WHERE CAST(column05 AS FLOAT) > CAST(-74.01154 AS FLOAT) AND CAST(column05 AS FLOAT) < CAST(-73.961555 AS FLOAT) AND CAST(column06 AS FLOAT) > CAST(40.738583 AS FLOAT) AND CAST(column06 AS FLOAT) < CAST(40.763607 AS FLOAT) AND column12 >= 0.0 AND column12 <= 400.0 AND column04 <= 1000.0;",0.1,"{null={12=Stats{sum=734391244.6151296, avg=11.327567348531606}, 17=Stats{sum=887948946.6979014, avg=13.696107585064421}, 4=Stats{sum=157912089.76404655, avg=2.4357041904646293}, 3=Stats{sum=109564688.09073724, avg=1.6899730116187663}}}","{12=734391244.6151296, 17=887948946.6979014, 4=157912089.76404655, 3=109564688.09073724}"
/data-nonraid/maroulis/data/taxi_data/yellow_tripdata_2014_cleaned.csv,89,0.5483744144439697,"SELECT sum(CAST(column12 AS FLOAT)) as sum_column12, avg(CAST(column12 AS FLOAT)) as avg_column12, sum(CAST(column17 AS FLOAT)) as sum_column17, avg(CAST(column17 AS FLOAT)) as avg_column17, sum(CAST(column04 AS FLOAT)) as sum_column04, avg(CAST(column04 AS FLOAT)) as avg_column04, sum(CAST(column03 AS FLOAT)) as sum_column03, avg(CAST(column03 AS FLOAT)) as avg_column03 FROM query_table WHERE CAST(column05 AS FLOAT) > CAST(-74.00455 AS FLOAT) AND CAST(column05 AS FLOAT) < CAST(-73.95456 AS FLOAT) AND CAST(column06 AS FLOAT) > CAST(40.738583 AS FLOAT) AND CAST(column06 AS FLOAT) < CAST(40.763607 AS FLOAT) AND column12 >= 0.0 AND column12 <= 400.0 AND column04 <= 1000.0;",0.1,"{null={12=Stats{sum=718919166.9441156, avg=11.318740653593592}, 17=Stats{sum=868765235.1434369, avg=13.677933260904696}, 4=Stats{sum=154190682.62337154, avg=2.4275946838821265}, 3=Stats{sum=108292644.62809917, avg=1.7049710392997646}}}","{12=718919166.9441156, 17=868765235.1434369, 4=154190682.62337154, 3=108292644.62809917}"
/data-nonraid/maroulis/data/taxi_data/yellow_tripdata_2014_cleaned.csv,90,0.5652618408203125,"SELECT sum(CAST(column12 AS FLOAT)) as sum_column12, avg(CAST(column12 AS FLOAT)) as avg_column12, sum(CAST(column17 AS FLOAT)) as sum_column17, avg(CAST(column17 AS FLOAT)) as avg_column17, sum(CAST(column04 AS FLOAT)) as sum_column04, avg(CAST(column04 AS FLOAT)) as avg_column04, sum(CAST(column03 AS FLOAT)) as sum_column03, avg(CAST(column03 AS FLOAT)) as avg_column03 FROM query_table WHERE CAST(column05 AS FLOAT) > CAST(-74.00455 AS FLOAT) AND CAST(column05 AS FLOAT) < CAST(-73.95456 AS FLOAT) AND CAST(column06 AS FLOAT) > CAST(40.741585 AS FLOAT) AND CAST(column06 AS FLOAT) < CAST(40.76661 AS FLOAT) AND column12 >= 0.0 AND column12 <= 400.0 AND column04 <= 1000.0;",0.1,"{null={12=Stats{sum=729417809.2563685, avg=11.333791875312896}, 17=Stats{sum=881011463.8763114, avg=13.689274438635703}, 4=Stats{sum=156755099.67676705, avg=2.4356817897573064}, 3=Stats{sum=109084000.0, avg=1.694961841125128}}}","{12=729417809.2563685, 17=881011463.8763114, 4=156755099.67676705, 3=109084000.0}"
/data-nonraid/maroulis/data/taxi_data/yellow_tripdata_2014_cleaned.csv,91,0.6432864665985107,"SELECT sum(CAST(column12 AS FLOAT)) as sum_column12, avg(CAST(column12 AS FLOAT)) as avg_column12, sum(CAST(column17 AS FLOAT)) as sum_column17, avg(CAST(column17 AS FLOAT)) as avg_column17, sum(CAST(column04 AS FLOAT)) as sum_column04, avg(CAST(column04 AS FLOAT)) as avg_column04, sum(CAST(column03 AS FLOAT)) as sum_column03, avg(CAST(column03 AS FLOAT)) as avg_column03 FROM query_table WHERE CAST(column05 AS FLOAT) > CAST(-73.99855 AS FLOAT) AND CAST(column05 AS FLOAT) < CAST(-73.94856 AS FLOAT) AND CAST(column06 AS FLOAT) > CAST(40.744587 AS FLOAT) AND CAST(column06 AS FLOAT) < CAST(40.76961 AS FLOAT) AND column12 >= 0.0 AND column12 <= 400.0 AND column04 <= 1000.0;",0.1,"{null={12=Stats{sum=724426615.4643366, avg=11.357561363196302}, 17=Stats{sum=871204445.7277158, avg=13.658744365569312}, 4=Stats{sum=155401379.28697717, avg=2.4363830145112546}, 3=Stats{sum=107953990.02493766, avg=1.6925027876346315}}}","{12=724426615.4643366, 17=871204445.7277158, 4=155401379.28697717, 3=107953990.02493766}"
/data-nonraid/maroulis/data/taxi_data/yellow_tripdata_2014_cleaned.csv,92,1.0358481407165527,"SELECT sum(CAST(column12 AS FLOAT)) as sum_column12, avg(CAST(column12 AS FLOAT)) as avg_column12, sum(CAST(column17 AS FLOAT)) as sum_column17, avg(CAST(column17 AS FLOAT)) as avg_column17, sum(CAST(column04 AS FLOAT)) as sum_column04, avg(CAST(column04 AS FLOAT)) as avg_column04, sum(CAST(column03 AS FLOAT)) as sum_column03, avg(CAST(column03 AS FLOAT)) as avg_column03 FROM query_table WHERE CAST(column05 AS FLOAT) > CAST(-73.99455 AS FLOAT) AND CAST(column05 AS FLOAT) < CAST(-73.944565 AS FLOAT) AND CAST(column06 AS FLOAT) > CAST(40.744587 AS FLOAT) AND CAST(column06 AS FLOAT) < CAST(40.76961 AS FLOAT) AND column12 >= 0.0 AND column12 <= 400.0 AND column04 <= 1000.0;",0.1,"{null={12=Stats{sum=675306825.1786104, avg=11.380410950771473}, 17=Stats{sum=813364497.5772674, avg=13.706987535256822}, 4=Stats{sum=145191916.52517262, avg=2.4468043490446694}, 3=Stats{sum=100819886.84582745, avg=1.6990376841109662}}}","{12=675306825.1786104, 17=813364497.5772674, 4=145191916.52517262, 3=100819886.84582745}"
/data-nonraid/maroulis/data/taxi_data/yellow_tripdata_2014_cleaned.csv,93,0.7295088768005371,"SELECT sum(CAST(column12 AS FLOAT)) as sum_column12, avg(CAST(column12 AS FLOAT)) as avg_column12, sum(CAST(column17 AS FLOAT)) as sum_column17, avg(CAST(column17 AS FLOAT)) as avg_column17, sum(CAST(column04 AS FLOAT)) as sum_column04, avg(CAST(column04 AS FLOAT)) as avg_column04, sum(CAST(column03 AS FLOAT)) as sum_column03, avg(CAST(column03 AS FLOAT)) as avg_column03 FROM query_table WHERE CAST(column05 AS FLOAT) > CAST(-73.99455 AS FLOAT) AND CAST(column05 AS FLOAT) < CAST(-73.944565 AS FLOAT) AND CAST(column06 AS FLOAT) > CAST(40.746838 AS FLOAT) AND CAST(column06 AS FLOAT) < CAST(40.771862 AS FLOAT) AND column12 >= 0.0 AND column12 <= 400.0 AND column04 <= 1000.0;",0.1,"{null={12=Stats{sum=689569140.8802207, avg=11.384131328406571}, 17=Stats{sum=832222608.3785939, avg=13.739204535976556}, 4=Stats{sum=148374114.8467978, avg=2.4495156598740935}, 3=Stats{sum=103169290.54054053, avg=1.7032269615093734}}}","{12=689569140.8802207, 17=832222608.3785939, 4=148374114.8467978, 3=103169290.54054053}"
/data-nonraid/maroulis/data/taxi_data/yellow_tripdata_2014_cleaned.csv,94,0.5664546489715576,"SELECT sum(CAST(column12 AS FLOAT)) as sum_column12, avg(CAST(column12 AS FLOAT)) as avg_column12, sum(CAST(column17 AS FLOAT)) as sum_column17, avg(CAST(column17 AS FLOAT)) as avg_column17, sum(CAST(column04 AS FLOAT)) as sum_column04, avg(CAST(column04 AS FLOAT)) as avg_column04, sum(CAST(column03 AS FLOAT)) as sum_column03, avg(CAST(column03 AS FLOAT)) as avg_column03 FROM query_table WHERE CAST(column05 AS FLOAT) > CAST(-73.99955 AS FLOAT) AND CAST(column05 AS FLOAT) < CAST(-73.94956 AS FLOAT) AND CAST(column06 AS FLOAT) > CAST(40.74934 AS FLOAT) AND CAST(column06 AS FLOAT) < CAST(40.774364 AS FLOAT) AND column12 >= 0.0 AND column12 <= 400.0 AND column04 <= 1000.0;",0.1,"{null={12=Stats{sum=674826582.3000262, avg=11.32224558004274}, 17=Stats{sum=810261994.0701034, avg=13.59458195877369}, 4=Stats{sum=144795329.4851514, avg=2.4293771500323187}, 3=Stats{sum=101012857.14285715, avg=1.6947944928534546}}}","{12=674826582.3000262, 17=810261994.0701034, 4=144795329.4851514, 3=101012857.14285715}"
/data-nonraid/maroulis/data/taxi_data/yellow_tripdata_2014_cleaned.csv,95,0.43202686309814453,"SELECT sum(CAST(column12 AS FLOAT)) as sum_column12, avg(CAST(column12 AS FLOAT)) as avg_column12, sum(CAST(column17 AS FLOAT)) as sum_column17, avg(CAST(column17 AS FLOAT)) as avg_column17, sum(CAST(column04 AS FLOAT)) as sum_column04, avg(CAST(column04 AS FLOAT)) as avg_column04, sum(CAST(column03 AS FLOAT)) as sum_column03, avg(CAST(column03 AS FLOAT)) as avg_column03 FROM query_table WHERE CAST(column05 AS FLOAT) > CAST(-73.99955 AS FLOAT) AND CAST(column05 AS FLOAT) < CAST(-73.94956 AS FLOAT) AND CAST(column06 AS FLOAT) > CAST(40.75159 AS FLOAT) AND CAST(column06 AS FLOAT) < CAST(40.776615 AS FLOAT) AND column12 >= 0.0 AND column12 <= 400.0 AND column04 <= 1000.0;",0.1,"{null={12=Stats{sum=637734611.0688651, avg=11.246018796964307}, 17=Stats{sum=766681302.4720185, avg=13.519906539854317}, 4=Stats{sum=137396826.07063097, avg=2.422900155981495}, 3=Stats{sum=96159881.4229249, avg=1.6957145107485736}}}","{12=637734611.0688651, 17=766681302.4720185, 4=137396826.07063097, 3=96159881.4229249}"
/data-nonraid/maroulis/data/taxi_data/yellow_tripdata_2014_cleaned.csv,96,0.580531120300293,"SELECT sum(CAST(column12 AS FLOAT)) as sum_column12, avg(CAST(column12 AS FLOAT)) as avg_column12, sum(CAST(column17 AS FLOAT)) as sum_column17, avg(CAST(column17 AS FLOAT)) as avg_column17, sum(CAST(column04 AS FLOAT)) as sum_column04, avg(CAST(column04 AS FLOAT)) as avg_column04, sum(CAST(column03 AS FLOAT)) as sum_column03, avg(CAST(column03 AS FLOAT)) as avg_column03 FROM query_table WHERE CAST(column05 AS FLOAT) > CAST(-73.99505 AS FLOAT) AND CAST(column05 AS FLOAT) < CAST(-73.94506 AS FLOAT) AND CAST(column06 AS FLOAT) > CAST(40.75384 AS FLOAT) AND CAST(column06 AS FLOAT) < CAST(40.778866 AS FLOAT) AND column12 >= 0.0 AND column12 <= 400.0 AND column04 <= 1000.0;",0.1,"{null={12=Stats{sum=634764923.257297, avg=11.187190810409046}, 17=Stats{sum=762674210.8722146, avg=13.441482997237316}, 4=Stats{sum=136149784.03175616, avg=2.3995239134249515}, 3=Stats{sum=95630066.44518273, avg=1.685398422843706}}}","{12=634764923.257297, 17=762674210.8722146, 4=136149784.03175616, 3=95630066.44518273}"
/data-nonraid/maroulis/data/taxi_data/yellow_tripdata_2014_cleaned.csv,97,0.5089874267578125,"SELECT sum(CAST(column12 AS FLOAT)) as sum_column12, avg(CAST(column12 AS FLOAT)) as avg_column12, sum(CAST(column17 AS FLOAT)) as sum_column17, avg(CAST(column17 AS FLOAT)) as avg_column17, sum(CAST(column04 AS FLOAT)) as sum_column04, avg(CAST(column04 AS FLOAT)) as avg_column04, sum(CAST(column03 AS FLOAT)) as sum_column03, avg(CAST(column03 AS FLOAT)) as avg_column03 FROM query_table WHERE CAST(column05 AS FLOAT) > CAST(-73.98805 AS FLOAT) AND CAST(column05 AS FLOAT) < CAST(-73.938065 AS FLOAT) AND CAST(column06 AS FLOAT) > CAST(40.75384 AS FLOAT) AND CAST(column06 AS FLOAT) < CAST(40.778866 AS FLOAT) AND column12 >= 0.0 AND column12 <= 400.0 AND column04 <= 1000.0;",0.1,"{null={12=Stats{sum=550321772.9330959, avg=11.155423265782288}, 17=Stats{sum=662307875.4166553, avg=13.425463148869474}, 4=Stats{sum=118097785.31788386, avg=2.3939281467110827}, 3=Stats{sum=83551541.35338347, avg=1.6936506134181555}}}","{12=550321772.9330959, 17=662307875.4166553, 4=118097785.31788386, 3=83551541.35338347}"
/data-nonraid/maroulis/data/taxi_data/yellow_tripdata_2014_cleaned.csv,98,0.4797811508178711,"SELECT sum(CAST(column12 AS FLOAT)) as sum_column12, avg(CAST(column12 AS FLOAT)) as avg_column12, sum(CAST(column17 AS FLOAT)) as sum_column17, avg(CAST(column17 AS FLOAT)) as avg_column17, sum(CAST(column04 AS FLOAT)) as sum_column04, avg(CAST(column04 AS FLOAT)) as avg_column04, sum(CAST(column03 AS FLOAT)) as sum_column03, avg(CAST(column03 AS FLOAT)) as avg_column03 FROM query_table WHERE CAST(column05 AS FLOAT) > CAST(-73.98805 AS FLOAT) AND CAST(column05 AS FLOAT) < CAST(-73.938065 AS FLOAT) AND CAST(column06 AS FLOAT) > CAST(40.75184 AS FLOAT) AND CAST(column06 AS FLOAT) < CAST(40.776863 AS FLOAT) AND column12 >= 0.0 AND column12 <= 400.0 AND column04 <= 1000.0;",0.1,"{null={12=Stats{sum=550863349.5069574, avg=11.193796485607217}, 17=Stats{sum=661667448.9930598, avg=13.445386722148703}, 4=Stats{sum=117767192.3932839, avg=2.393083485244866}, 3=Stats{sum=83745742.57425743, avg=1.7017519857716543}}}","{12=550863349.5069574, 17=661667448.9930598, 4=117767192.3932839, 3=83745742.57425743}"
/data-nonraid/maroulis/data/taxi_data/yellow_tripdata_2014_cleaned.csv,99,0.4788334369659424,"SELECT sum(CAST(column12 AS FLOAT)) as sum_column12, avg(CAST(column12 AS FLOAT)) as avg_column12, sum(CAST(column17 AS FLOAT)) as sum_column17, avg(CAST(column17 AS FLOAT)) as avg_column17, sum(CAST(column04 AS FLOAT)) as sum_column04, avg(CAST(column04 AS FLOAT)) as avg_column04, sum(CAST(column03 AS FLOAT)) as sum_column03, avg(CAST(column03 AS FLOAT)) as avg_column03 FROM query_table WHERE CAST(column05 AS FLOAT) > CAST(-73.99205 AS FLOAT) AND CAST(column05 AS FLOAT) < CAST(-73.94206 AS FLOAT) AND CAST(column06 AS FLOAT) > CAST(40.75384 AS FLOAT) AND CAST(column06 AS FLOAT) < CAST(40.778866 AS FLOAT) AND column12 >= 0.0 AND column12 <= 400.0 AND column04 <= 1000.0;",0.1,"{null={12=Stats{sum=606784665.8474458, avg=11.220225626224453}, 17=Stats{sum=731793710.6773887, avg=13.531802973604893}, 4=Stats{sum=130564256.31439227, avg=2.4143003227045847}, 3=Stats{sum=90646443.66197182, avg=1.6761688410199114}}}","{12=606784665.8474458, 17=731793710.6773887, 4=130564256.31439227, 3=90646443.66197182}"
