csv,i,Time (sec),Query,errorBound,Query Result,Query Result Sum
/data-nonraid/maroulis/data/taxi_data/yellow_tripdata_2014_cleaned.csv,0,410.56972789764404,"SELECT sum(CAST(column12 AS FLOAT)) as sum_column12, avg(CAST(column12 AS FLOAT)) as avg_column12, sum(CAST(column17 AS FLOAT)) as sum_column17, avg(CAST(column17 AS FLOAT)) as avg_column17, sum(CAST(column04 AS FLOAT)) as sum_column04, avg(CAST(column04 AS FLOAT)) as avg_column04, sum(CAST(column03 AS FLOAT)) as sum_column03, avg(CAST(column03 AS FLOAT)) as avg_column03 FROM query_table WHERE CAST(column05 AS FLOAT) > CAST(-73.99 AS FLOAT) AND CAST(column05 AS FLOAT) < CAST(-73.94 AS FLOAT) AND CAST(column06 AS FLOAT) > CAST(40.745 AS FLOAT) AND CAST(column06 AS FLOAT) < CAST(40.77 AS FLOAT) AND column12 >= 0.0 AND column12 <= 400.0 AND column04 <= 1000.0;",0.1,"{null={12=Stats{sum=573813368.9673194, avg=11.345219230169699}, 17=Stats{sum=692997520.4341986, avg=13.701682847577171}, 4=Stats{sum=123474461.28514747, avg=2.44128998794185}, 3=Stats{sum=85606206.89655171, avg=1.6925732951334547}}}","{12=573813368.9673194, 17=692997520.4341986, 4=123474461.28514747, 3=85606206.89655171}"
/data-nonraid/maroulis/data/taxi_data/yellow_tripdata_2014_cleaned.csv,1,1.2450573444366455,"SELECT sum(CAST(column12 AS FLOAT)) as sum_column12, avg(CAST(column12 AS FLOAT)) as avg_column12, sum(CAST(column17 AS FLOAT)) as sum_column17, avg(CAST(column17 AS FLOAT)) as avg_column17, sum(CAST(column04 AS FLOAT)) as sum_column04, avg(CAST(column04 AS FLOAT)) as avg_column04, sum(CAST(column03 AS FLOAT)) as sum_column03, avg(CAST(column03 AS FLOAT)) as avg_column03 FROM query_table WHERE CAST(column05 AS FLOAT) > CAST(-73.9965 AS FLOAT) AND CAST(column05 AS FLOAT) < CAST(-73.9465 AS FLOAT) AND CAST(column06 AS FLOAT) > CAST(40.74825 AS FLOAT) AND CAST(column06 AS FLOAT) < CAST(40.77325 AS FLOAT) AND column12 >= 0.0 AND column12 <= 400.0 AND column04 <= 1000.0;",0.1,"{null={12=Stats{sum=706798543.0618049, avg=11.359802475974444}, 17=Stats{sum=851380433.1206667, avg=13.68355049271039}, 4=Stats{sum=151583809.6060432, avg=2.4362842178776165}, 3=Stats{sum=105496628.89518414, avg=1.6955621625067157}}}","{12=706798543.0618049, 17=851380433.1206667, 4=151583809.6060432, 3=105496628.89518414}"
/data-nonraid/maroulis/data/taxi_data/yellow_tripdata_2014_cleaned.csv,2,1.6132924556732178,"SELECT sum(CAST(column12 AS FLOAT)) as sum_column12, avg(CAST(column12 AS FLOAT)) as avg_column12, sum(CAST(column17 AS FLOAT)) as sum_column17, avg(CAST(column17 AS FLOAT)) as avg_column17, sum(CAST(column04 AS FLOAT)) as sum_column04, avg(CAST(column04 AS FLOAT)) as avg_column04, sum(CAST(column03 AS FLOAT)) as sum_column03, avg(CAST(column03 AS FLOAT)) as avg_column03 FROM query_table WHERE CAST(column05 AS FLOAT) > CAST(-73.9895 AS FLOAT) AND CAST(column05 AS FLOAT) < CAST(-73.93951 AS FLOAT) AND CAST(column06 AS FLOAT) > CAST(40.75175 AS FLOAT) AND CAST(column06 AS FLOAT) < CAST(40.776752 AS FLOAT) AND column12 >= 0.0 AND column12 <= 400.0 AND column04 <= 1000.0;",0.1,"{null={12=Stats{sum=566641955.6186041, avg=11.21822316672866}, 17=Stats{sum=681835413.2814701, avg=13.498791879644333}, 4=Stats{sum=121899716.92631805, avg=2.413337408006766}, 3=Stats{sum=85572283.60957643, avg=1.6941367734954}}}","{12=566641955.6186041, 17=681835413.2814701, 4=121899716.92631805, 3=85572283.60957643}"
/data-nonraid/maroulis/data/taxi_data/yellow_tripdata_2014_cleaned.csv,3,1.1650676727294922,"SELECT sum(CAST(column12 AS FLOAT)) as sum_column12, avg(CAST(column12 AS FLOAT)) as avg_column12, sum(CAST(column17 AS FLOAT)) as sum_column17, avg(CAST(column17 AS FLOAT)) as avg_column17, sum(CAST(column04 AS FLOAT)) as sum_column04, avg(CAST(column04 AS FLOAT)) as avg_column04, sum(CAST(column03 AS FLOAT)) as sum_column03, avg(CAST(column03 AS FLOAT)) as avg_column03 FROM query_table WHERE CAST(column05 AS FLOAT) > CAST(-73.9895 AS FLOAT) AND CAST(column05 AS FLOAT) < CAST(-73.93951 AS FLOAT) AND CAST(column06 AS FLOAT) > CAST(40.7495 AS FLOAT) AND CAST(column06 AS FLOAT) < CAST(40.7745 AS FLOAT) AND column12 >= 0.0 AND column12 <= 400.0 AND column04 <= 1000.0;",0.1,"{null={12=Stats{sum=582909748.7906934, avg=11.290832692735018}, 17=Stats{sum=704082499.8738115, avg=13.637922035873064}, 4=Stats{sum=125479108.29038982, avg=2.430502528186557}, 3=Stats{sum=87930865.05190311, avg=1.7032013753212938}}}","{12=582909748.7906934, 17=704082499.8738115, 4=125479108.29038982, 3=87930865.05190311}"
/data-nonraid/maroulis/data/taxi_data/yellow_tripdata_2014_cleaned.csv,4,1.204465389251709,"SELECT sum(CAST(column12 AS FLOAT)) as sum_column12, avg(CAST(column12 AS FLOAT)) as avg_column12, sum(CAST(column17 AS FLOAT)) as sum_column17, avg(CAST(column17 AS FLOAT)) as avg_column17, sum(CAST(column04 AS FLOAT)) as sum_column04, avg(CAST(column04 AS FLOAT)) as avg_column04, sum(CAST(column03 AS FLOAT)) as sum_column03, avg(CAST(column03 AS FLOAT)) as avg_column03 FROM query_table WHERE CAST(column05 AS FLOAT) > CAST(-73.983505 AS FLOAT) AND CAST(column05 AS FLOAT) < CAST(-73.93351 AS FLOAT) AND CAST(column06 AS FLOAT) > CAST(40.7525 AS FLOAT) AND CAST(column06 AS FLOAT) < CAST(40.7775 AS FLOAT) AND column12 >= 0.0 AND column12 <= 400.0 AND column04 <= 1000.0;",0.1,"{null={12=Stats{sum=479782893.4438893, avg=11.098024772564724}, 17=Stats{sum=577101420.5282009, avg=13.349133428520819}, 4=Stats{sum=102132221.61418365, avg=2.362455896281011}, 3=Stats{sum=72992655.73770492, avg=1.6884184756517921}}}","{12=479782893.4438893, 17=577101420.5282009, 4=102132221.61418365, 3=72992655.73770492}"
/data-nonraid/maroulis/data/taxi_data/yellow_tripdata_2014_cleaned.csv,5,1.3793671131134033,"SELECT sum(CAST(column12 AS FLOAT)) as sum_column12, avg(CAST(column12 AS FLOAT)) as avg_column12, sum(CAST(column17 AS FLOAT)) as sum_column17, avg(CAST(column17 AS FLOAT)) as avg_column17, sum(CAST(column04 AS FLOAT)) as sum_column04, avg(CAST(column04 AS FLOAT)) as avg_column04, sum(CAST(column03 AS FLOAT)) as sum_column03, avg(CAST(column03 AS FLOAT)) as avg_column03 FROM query_table WHERE CAST(column05 AS FLOAT) > CAST(-73.977005 AS FLOAT) AND CAST(column05 AS FLOAT) < CAST(-73.92701 AS FLOAT) AND CAST(column06 AS FLOAT) > CAST(40.74925 AS FLOAT) AND CAST(column06 AS FLOAT) < CAST(40.77425 AS FLOAT) AND column12 >= 0.0 AND column12 <= 400.0 AND column04 <= 1000.0;",0.1,"{null={12=Stats{sum=337925889.8027558, avg=10.985371215427575}, 17=Stats{sum=406618963.3752199, avg=13.218461179510113}, 4=Stats{sum=72115403.94916572, avg=2.3443438536020587}, 3=Stats{sum=51650169.97167139, avg=1.6790554012003178}}}","{12=337925889.8027558, 17=406618963.3752199, 4=72115403.94916572, 3=51650169.97167139}"
/data-nonraid/maroulis/data/taxi_data/yellow_tripdata_2014_cleaned.csv,6,1.4143779277801514,"SELECT sum(CAST(column12 AS FLOAT)) as sum_column12, avg(CAST(column12 AS FLOAT)) as avg_column12, sum(CAST(column17 AS FLOAT)) as sum_column17, avg(CAST(column17 AS FLOAT)) as avg_column17, sum(CAST(column04 AS FLOAT)) as sum_column04, avg(CAST(column04 AS FLOAT)) as avg_column04, sum(CAST(column03 AS FLOAT)) as sum_column03, avg(CAST(column03 AS FLOAT)) as avg_column03 FROM query_table WHERE CAST(column05 AS FLOAT) > CAST(-73.981 AS FLOAT) AND CAST(column05 AS FLOAT) < CAST(-73.95601 AS FLOAT) AND CAST(column06 AS FLOAT) > CAST(40.753624 AS FLOAT) AND CAST(column06 AS FLOAT) < CAST(40.766125 AS FLOAT) AND column12 >= 0.0 AND column12 <= 400.0 AND column04 <= 1000.0;",0.1,"{null={12=Stats{sum=225724042.4829906, avg=11.146117506513965}, 17=Stats{sum=272457873.3749947, avg=13.453805978339389}, 4=Stats{sum=48124513.5924625, avg=2.376359547458645}, 3=Stats{sum=34060334.12887827, avg=1.6818788213055018}}}","{12=225724042.4829906, 17=272457873.3749947, 4=48124513.5924625, 3=34060334.12887827}"
/data-nonraid/maroulis/data/taxi_data/yellow_tripdata_2014_cleaned.csv,7,1.5186398029327393,"SELECT sum(CAST(column12 AS FLOAT)) as sum_column12, avg(CAST(column12 AS FLOAT)) as avg_column12, sum(CAST(column17 AS FLOAT)) as sum_column17, avg(CAST(column17 AS FLOAT)) as avg_column17, sum(CAST(column04 AS FLOAT)) as sum_column04, avg(CAST(column04 AS FLOAT)) as avg_column04, sum(CAST(column03 AS FLOAT)) as sum_column03, avg(CAST(column03 AS FLOAT)) as avg_column03 FROM query_table WHERE CAST(column05 AS FLOAT) > CAST(-73.983 AS FLOAT) AND CAST(column05 AS FLOAT) < CAST(-73.970505 AS FLOAT) AND CAST(column06 AS FLOAT) > CAST(40.755814 AS FLOAT) AND CAST(column06 AS FLOAT) < CAST(40.762062 AS FLOAT) AND column12 >= 0.0 AND column12 <= 400.0 AND column04 <= 1000.0;",0.1,"{null={12=Stats{sum=78353719.83618815, avg=11.752354760758111}, 17=Stats{sum=95122263.72618362, avg=14.267485848708727}, 4=Stats{sum=16862204.42387248, avg=2.5291793274407874}, 3=Stats{sum=11398704.918032788, avg=1.7097034357780232}}}","{12=78353719.83618815, 17=95122263.72618362, 4=16862204.42387248, 3=11398704.918032788}"
/data-nonraid/maroulis/data/taxi_data/yellow_tripdata_2014_cleaned.csv,8,1.1652758121490479,"SELECT sum(CAST(column12 AS FLOAT)) as sum_column12, avg(CAST(column12 AS FLOAT)) as avg_column12, sum(CAST(column17 AS FLOAT)) as sum_column17, avg(CAST(column17 AS FLOAT)) as avg_column17, sum(CAST(column04 AS FLOAT)) as sum_column04, avg(CAST(column04 AS FLOAT)) as avg_column04, sum(CAST(column03 AS FLOAT)) as sum_column03, avg(CAST(column03 AS FLOAT)) as avg_column03 FROM query_table WHERE CAST(column05 AS FLOAT) > CAST(-73.984 AS FLOAT) AND CAST(column05 AS FLOAT) < CAST(-73.97775 AS FLOAT) AND CAST(column06 AS FLOAT) > CAST(40.756905 AS FLOAT) AND CAST(column06 AS FLOAT) < CAST(40.760033 AS FLOAT) AND column12 >= 0.0 AND column12 <= 400.0 AND column04 <= 1000.0;",0.1,"{null={12=Stats{sum=13734082.120649533, avg=11.712724065233639}, 17=Stats{sum=16554713.971292652, avg=14.118220280122276}, 4=Stats{sum=2924883.368042861, avg=2.494404177281637}, 3=Stats{sum=2040311.8503118504, avg=1.7400223400294321}}}","{12=13734082.120649533, 17=16554713.971292652, 4=2924883.368042861, 3=2040311.8503118504}"
/data-nonraid/maroulis/data/taxi_data/yellow_tripdata_2014_cleaned.csv,9,1.358830451965332,"SELECT sum(CAST(column12 AS FLOAT)) as sum_column12, avg(CAST(column12 AS FLOAT)) as avg_column12, sum(CAST(column17 AS FLOAT)) as sum_column17, avg(CAST(column17 AS FLOAT)) as avg_column17, sum(CAST(column04 AS FLOAT)) as sum_column04, avg(CAST(column04 AS FLOAT)) as avg_column04, sum(CAST(column03 AS FLOAT)) as sum_column03, avg(CAST(column03 AS FLOAT)) as avg_column03 FROM query_table WHERE CAST(column05 AS FLOAT) > CAST(-73.98325 AS FLOAT) AND CAST(column05 AS FLOAT) < CAST(-73.977005 AS FLOAT) AND CAST(column06 AS FLOAT) > CAST(40.75728 AS FLOAT) AND CAST(column06 AS FLOAT) < CAST(40.760406 AS FLOAT) AND column12 >= 0.0 AND column12 <= 400.0 AND column04 <= 1000.0;",0.1,"{null={12=Stats{sum=14624542.091544157, avg=11.414116632860912}, 17=Stats{sum=17637480.3010311, avg=13.765645174091016}, 4=Stats{sum=3045813.071549304, avg=2.3771866102157966}, 3=Stats{sum=2219686.274509804, avg=1.7324137649591398}}}","{12=14624542.091544157, 17=17637480.3010311, 4=3045813.071549304, 3=2219686.274509804}"
/data-nonraid/maroulis/data/taxi_data/yellow_tripdata_2014_cleaned.csv,10,1.0019829273223877,"SELECT sum(CAST(column12 AS FLOAT)) as sum_column12, avg(CAST(column12 AS FLOAT)) as avg_column12, sum(CAST(column17 AS FLOAT)) as sum_column17, avg(CAST(column17 AS FLOAT)) as avg_column17, sum(CAST(column04 AS FLOAT)) as sum_column04, avg(CAST(column04 AS FLOAT)) as avg_column04, sum(CAST(column03 AS FLOAT)) as sum_column03, avg(CAST(column03 AS FLOAT)) as avg_column03 FROM query_table WHERE CAST(column05 AS FLOAT) > CAST(-73.984 AS FLOAT) AND CAST(column05 AS FLOAT) < CAST(-73.97775 AS FLOAT) AND CAST(column06 AS FLOAT) > CAST(40.75728 AS FLOAT) AND CAST(column06 AS FLOAT) < CAST(40.760406 AS FLOAT) AND column12 >= 0.0 AND column12 <= 400.0 AND column04 <= 1000.0;",0.1,"{null={12=Stats{sum=13817209.203978678, avg=11.757086825839107}, 17=Stats{sum=16673868.200363807, avg=14.187822827335216}, 4=Stats{sum=2955176.616930056, avg=2.514564812475409}, 3=Stats{sum=2039253.731343284, avg=1.7352044704089409}}}","{12=13817209.203978678, 17=16673868.200363807, 4=2955176.616930056, 3=2039253.731343284}"
/data-nonraid/maroulis/data/taxi_data/yellow_tripdata_2014_cleaned.csv,11,1.3685810565948486,"SELECT sum(CAST(column12 AS FLOAT)) as sum_column12, avg(CAST(column12 AS FLOAT)) as avg_column12, sum(CAST(column17 AS FLOAT)) as sum_column17, avg(CAST(column17 AS FLOAT)) as avg_column17, sum(CAST(column04 AS FLOAT)) as sum_column04, avg(CAST(column04 AS FLOAT)) as avg_column04, sum(CAST(column03 AS FLOAT)) as sum_column03, avg(CAST(column03 AS FLOAT)) as avg_column03 FROM query_table WHERE CAST(column05 AS FLOAT) > CAST(-73.984 AS FLOAT) AND CAST(column05 AS FLOAT) < CAST(-73.97775 AS FLOAT) AND CAST(column06 AS FLOAT) > CAST(40.75678 AS FLOAT) AND CAST(column06 AS FLOAT) < CAST(40.759907 AS FLOAT) AND column12 >= 0.0 AND column12 <= 400.0 AND column04 <= 1000.0;",0.1,"{null={12=Stats{sum=13392381.132160207, avg=11.69263676533044}, 17=Stats{sum=16151895.92892269, avg=14.101917374109963}, 4=Stats{sum=2872377.3582115783, avg=2.5078187942154253}, 3=Stats{sum=1997032.590051458, avg=1.7435716959940097}}}","{12=13392381.132160207, 17=16151895.92892269, 4=2872377.3582115783, 3=1997032.590051458}"
/data-nonraid/maroulis/data/taxi_data/yellow_tripdata_2014_cleaned.csv,12,1.4347517490386963,"SELECT sum(CAST(column12 AS FLOAT)) as sum_column12, avg(CAST(column12 AS FLOAT)) as avg_column12, sum(CAST(column17 AS FLOAT)) as sum_column17, avg(CAST(column17 AS FLOAT)) as avg_column17, sum(CAST(column04 AS FLOAT)) as sum_column04, avg(CAST(column04 AS FLOAT)) as avg_column04, sum(CAST(column03 AS FLOAT)) as sum_column03, avg(CAST(column03 AS FLOAT)) as avg_column03 FROM query_table WHERE CAST(column05 AS FLOAT) > CAST(-73.98475 AS FLOAT) AND CAST(column05 AS FLOAT) < CAST(-73.9785 AS FLOAT) AND CAST(column06 AS FLOAT) > CAST(40.75678 AS FLOAT) AND CAST(column06 AS FLOAT) < CAST(40.759907 AS FLOAT) AND column12 >= 0.0 AND column12 <= 400.0 AND column04 <= 1000.0;",0.1,"{null={12=Stats{sum=14453083.606626166, avg=12.191916198085131}, 17=Stats{sum=17429656.073359843, avg=14.702807510947043}, 4=Stats{sum=3144999.8630858357, avg=2.6529684472421313}, 3=Stats{sum=2084467.213114754, avg=1.758354844657509}}}","{12=14453083.606626166, 17=17429656.073359843, 4=3144999.8630858357, 3=2084467.213114754}"
/data-nonraid/maroulis/data/taxi_data/yellow_tripdata_2014_cleaned.csv,13,1.5688459873199463,"SELECT sum(CAST(column12 AS FLOAT)) as sum_column12, avg(CAST(column12 AS FLOAT)) as avg_column12, sum(CAST(column17 AS FLOAT)) as sum_column17, avg(CAST(column17 AS FLOAT)) as avg_column17, sum(CAST(column04 AS FLOAT)) as sum_column04, avg(CAST(column04 AS FLOAT)) as avg_column04, sum(CAST(column03 AS FLOAT)) as sum_column03, avg(CAST(column03 AS FLOAT)) as avg_column03 FROM query_table WHERE CAST(column05 AS FLOAT) > CAST(-73.98412 AS FLOAT) AND CAST(column05 AS FLOAT) < CAST(-73.977875 AS FLOAT) AND CAST(column06 AS FLOAT) > CAST(40.756466 AS FLOAT) AND CAST(column06 AS FLOAT) < CAST(40.759594 AS FLOAT) AND column12 >= 0.0 AND column12 <= 400.0 AND column04 <= 1000.0;",0.1,"{null={12=Stats{sum=13604322.381450754, avg=11.759538240158864}, 17=Stats{sum=16387638.45358134, avg=14.165428873072408}, 4=Stats{sum=2918286.3029770073, avg=2.522558523192711}, 3=Stats{sum=2024601.611459266, avg=1.7500599738436655}}}","{12=13604322.381450754, 17=16387638.45358134, 4=2918286.3029770073, 3=2024601.611459266}"
/data-nonraid/maroulis/data/taxi_data/yellow_tripdata_2014_cleaned.csv,14,1.5641276836395264,"SELECT sum(CAST(column12 AS FLOAT)) as sum_column12, avg(CAST(column12 AS FLOAT)) as avg_column12, sum(CAST(column17 AS FLOAT)) as sum_column17, avg(CAST(column17 AS FLOAT)) as avg_column17, sum(CAST(column04 AS FLOAT)) as sum_column04, avg(CAST(column04 AS FLOAT)) as avg_column04, sum(CAST(column03 AS FLOAT)) as sum_column03, avg(CAST(column03 AS FLOAT)) as avg_column03 FROM query_table WHERE CAST(column05 AS FLOAT) > CAST(-73.983376 AS FLOAT) AND CAST(column05 AS FLOAT) < CAST(-73.97713 AS FLOAT) AND CAST(column06 AS FLOAT) > CAST(40.756466 AS FLOAT) AND CAST(column06 AS FLOAT) < CAST(40.759594 AS FLOAT) AND column12 >= 0.0 AND column12 <= 400.0 AND column04 <= 1000.0;",0.1,"{null={12=Stats{sum=15211099.118639978, avg=11.431781324165218}, 17=Stats{sum=18317843.23761909, avg=13.766630313136965}, 4=Stats{sum=3200586.19009641, avg=2.4053752558543984}, 3=Stats{sum=2315416.2585700294, avg=1.740132789612378}}}","{12=15211099.118639978, 17=18317843.23761909, 4=3200586.19009641, 3=2315416.2585700294}"
/data-nonraid/maroulis/data/taxi_data/yellow_tripdata_2014_cleaned.csv,15,1.1603093147277832,"SELECT sum(CAST(column12 AS FLOAT)) as sum_column12, avg(CAST(column12 AS FLOAT)) as avg_column12, sum(CAST(column17 AS FLOAT)) as sum_column17, avg(CAST(column17 AS FLOAT)) as avg_column17, sum(CAST(column04 AS FLOAT)) as sum_column04, avg(CAST(column04 AS FLOAT)) as avg_column04, sum(CAST(column03 AS FLOAT)) as sum_column03, avg(CAST(column03 AS FLOAT)) as avg_column03 FROM query_table WHERE CAST(column05 AS FLOAT) > CAST(-73.98412 AS FLOAT) AND CAST(column05 AS FLOAT) < CAST(-73.977875 AS FLOAT) AND CAST(column06 AS FLOAT) > CAST(40.756466 AS FLOAT) AND CAST(column06 AS FLOAT) < CAST(40.759594 AS FLOAT) AND column12 >= 0.0 AND column12 <= 400.0 AND column04 <= 1000.0;",0.1,"{null={12=Stats{sum=13114267.757094909, avg=11.792068320839977}, 17=Stats{sum=15818650.519959278, avg=14.223791303478166}, 4=Stats{sum=2817274.7666545417, avg=2.533233051383735}, 3=Stats{sum=1923317.7570093456, avg=1.7294060799596631}}}","{12=13114267.757094909, 17=15818650.519959278, 4=2817274.7666545417, 3=1923317.7570093456}"
/data-nonraid/maroulis/data/taxi_data/yellow_tripdata_2014_cleaned.csv,16,1.3887410163879395,"SELECT sum(CAST(column12 AS FLOAT)) as sum_column12, avg(CAST(column12 AS FLOAT)) as avg_column12, sum(CAST(column17 AS FLOAT)) as sum_column17, avg(CAST(column17 AS FLOAT)) as avg_column17, sum(CAST(column04 AS FLOAT)) as sum_column04, avg(CAST(column04 AS FLOAT)) as avg_column04, sum(CAST(column03 AS FLOAT)) as sum_column03, avg(CAST(column03 AS FLOAT)) as avg_column03 FROM query_table WHERE CAST(column05 AS FLOAT) > CAST(-73.98487 AS FLOAT) AND CAST(column05 AS FLOAT) < CAST(-73.97862 AS FLOAT) AND CAST(column06 AS FLOAT) > CAST(40.756466 AS FLOAT) AND CAST(column06 AS FLOAT) < CAST(40.759594 AS FLOAT) AND column12 >= 0.0 AND column12 <= 400.0 AND column04 <= 1000.0;",0.1,"{null={12=Stats{sum=14068695.07056223, avg=12.177718378664045}, 17=Stats{sum=16967426.82319292, avg=14.686830898466287}, 4=Stats{sum=3088924.5061713574, avg=2.6737414195448506}, 3=Stats{sum=2032901.4084507043, avg=1.7596586406583359}}}","{12=14068695.07056223, 17=16967426.82319292, 4=3088924.5061713574, 3=2032901.4084507043}"
/data-nonraid/maroulis/data/taxi_data/yellow_tripdata_2014_cleaned.csv,17,0.9911880493164062,"SELECT sum(CAST(column12 AS FLOAT)) as sum_column12, avg(CAST(column12 AS FLOAT)) as avg_column12, sum(CAST(column17 AS FLOAT)) as sum_column17, avg(CAST(column17 AS FLOAT)) as avg_column17, sum(CAST(column04 AS FLOAT)) as sum_column04, avg(CAST(column04 AS FLOAT)) as avg_column04, sum(CAST(column03 AS FLOAT)) as sum_column03, avg(CAST(column03 AS FLOAT)) as avg_column03 FROM query_table WHERE CAST(column05 AS FLOAT) > CAST(-73.98393 AS FLOAT) AND CAST(column05 AS FLOAT) < CAST(-73.977684 AS FLOAT) AND CAST(column06 AS FLOAT) > CAST(40.756466 AS FLOAT) AND CAST(column06 AS FLOAT) < CAST(40.759594 AS FLOAT) AND column12 >= 0.0 AND column12 <= 400.0 AND column04 <= 1000.0;",0.1,"{null={12=Stats{sum=13492863.972324697, avg=11.701201882668924}, 17=Stats{sum=16246724.529679323, avg=14.089388586723707}, 4=Stats{sum=2893911.0850087665, avg=2.509640496312429}, 3=Stats{sum=1996512.702078522, avg=1.7314039655517726}}}","{12=13492863.972324697, 17=16246724.529679323, 4=2893911.0850087665, 3=1996512.702078522}"
/data-nonraid/maroulis/data/taxi_data/yellow_tripdata_2014_cleaned.csv,18,1.4884676933288574,"SELECT sum(CAST(column12 AS FLOAT)) as sum_column12, avg(CAST(column12 AS FLOAT)) as avg_column12, sum(CAST(column17 AS FLOAT)) as sum_column17, avg(CAST(column17 AS FLOAT)) as avg_column17, sum(CAST(column04 AS FLOAT)) as sum_column04, avg(CAST(column04 AS FLOAT)) as avg_column04, sum(CAST(column03 AS FLOAT)) as sum_column03, avg(CAST(column03 AS FLOAT)) as avg_column03 FROM query_table WHERE CAST(column05 AS FLOAT) > CAST(-73.98393 AS FLOAT) AND CAST(column05 AS FLOAT) < CAST(-73.977684 AS FLOAT) AND CAST(column06 AS FLOAT) > CAST(40.756092 AS FLOAT) AND CAST(column06 AS FLOAT) < CAST(40.75922 AS FLOAT) AND column12 >= 0.0 AND column12 <= 400.0 AND column04 <= 1000.0;",0.1,"{null={12=Stats{sum=14135391.460995616, avg=11.672316521045389}, 17=Stats{sum=17026098.09508049, avg=14.05932100518918}, 4=Stats{sum=3022572.7361097257, avg=2.4958930766866763}, 3=Stats{sum=2100833.3333333335, avg=1.73476565486658}}}","{12=14135391.460995616, 17=17026098.09508049, 4=3022572.7361097257, 3=2100833.3333333335}"
/data-nonraid/maroulis/data/taxi_data/yellow_tripdata_2014_cleaned.csv,19,0.8717083930969238,"SELECT sum(CAST(column12 AS FLOAT)) as sum_column12, avg(CAST(column12 AS FLOAT)) as avg_column12, sum(CAST(column17 AS FLOAT)) as sum_column17, avg(CAST(column17 AS FLOAT)) as avg_column17, sum(CAST(column04 AS FLOAT)) as sum_column04, avg(CAST(column04 AS FLOAT)) as avg_column04, sum(CAST(column03 AS FLOAT)) as sum_column03, avg(CAST(column03 AS FLOAT)) as avg_column03 FROM query_table WHERE CAST(column05 AS FLOAT) > CAST(-73.98462 AS FLOAT) AND CAST(column05 AS FLOAT) < CAST(-73.97837 AS FLOAT) AND CAST(column06 AS FLOAT) > CAST(40.75575 AS FLOAT) AND CAST(column06 AS FLOAT) < CAST(40.758877 AS FLOAT) AND column12 >= 0.0 AND column12 <= 400.0 AND column04 <= 1000.0;",0.1,"{null={12=Stats{sum=14210508.394971306, avg=12.035500324062358}, 17=Stats{sum=17129515.863589298, avg=14.50773526161916}, 4=Stats{sum=3118695.3084004787, avg=2.641359292126966}, 3=Stats{sum=2082864.197530864, avg=1.7640686756310253}}}","{12=14210508.394971306, 17=17129515.863589298, 4=3118695.3084004787, 3=2082864.197530864}"
/data-nonraid/maroulis/data/taxi_data/yellow_tripdata_2014_cleaned.csv,20,1.1161870956420898,"SELECT sum(CAST(column12 AS FLOAT)) as sum_column12, avg(CAST(column12 AS FLOAT)) as avg_column12, sum(CAST(column17 AS FLOAT)) as sum_column17, avg(CAST(column17 AS FLOAT)) as avg_column17, sum(CAST(column04 AS FLOAT)) as sum_column04, avg(CAST(column04 AS FLOAT)) as avg_column04, sum(CAST(column03 AS FLOAT)) as sum_column03, avg(CAST(column03 AS FLOAT)) as avg_column03 FROM query_table WHERE CAST(column05 AS FLOAT) > CAST(-73.98362 AS FLOAT) AND CAST(column05 AS FLOAT) < CAST(-73.97737 AS FLOAT) AND CAST(column06 AS FLOAT) > CAST(40.75525 AS FLOAT) AND CAST(column06 AS FLOAT) < CAST(40.758377 AS FLOAT) AND column12 >= 0.0 AND column12 <= 400.0 AND column04 <= 1000.0;",0.1,"{null={12=Stats{sum=15707982.51929197, avg=11.580633007362174}, 17=Stats{sum=18920420.368339837, avg=13.948987042840189}, 4=Stats{sum=3378689.331431133, avg=2.490922124794767}, 3=Stats{sum=2351606.683804627, avg=1.7337104844211964}}}","{12=15707982.51929197, 17=18920420.368339837, 4=3378689.331431133, 3=2351606.683804627}"
/data-nonraid/maroulis/data/taxi_data/yellow_tripdata_2014_cleaned.csv,21,1.5858328342437744,"SELECT sum(CAST(column12 AS FLOAT)) as sum_column12, avg(CAST(column12 AS FLOAT)) as avg_column12, sum(CAST(column17 AS FLOAT)) as sum_column17, avg(CAST(column17 AS FLOAT)) as avg_column17, sum(CAST(column04 AS FLOAT)) as sum_column04, avg(CAST(column04 AS FLOAT)) as avg_column04, sum(CAST(column03 AS FLOAT)) as sum_column03, avg(CAST(column03 AS FLOAT)) as avg_column03 FROM query_table WHERE CAST(column05 AS FLOAT) > CAST(-73.98456 AS FLOAT) AND CAST(column05 AS FLOAT) < CAST(-73.97831 AS FLOAT) AND CAST(column06 AS FLOAT) > CAST(40.75525 AS FLOAT) AND CAST(column06 AS FLOAT) < CAST(40.758377 AS FLOAT) AND column12 >= 0.0 AND column12 <= 400.0 AND column04 <= 1000.0;",0.1,"{null={12=Stats{sum=15182737.754382575, avg=12.067949825790924}, 17=Stats{sum=18339896.164041307, avg=14.577406940588126}, 4=Stats{sum=3346027.5023552896, avg=2.6595791001187745}, 3=Stats{sum=2193620.829943043, avg=1.7435923968930482}}}","{12=15182737.754382575, 17=18339896.164041307, 4=3346027.5023552896, 3=2193620.829943043}"
/data-nonraid/maroulis/data/taxi_data/yellow_tripdata_2014_cleaned.csv,22,1.050865650177002,"SELECT sum(CAST(column12 AS FLOAT)) as sum_column12, avg(CAST(column12 AS FLOAT)) as avg_column12, sum(CAST(column17 AS FLOAT)) as sum_column17, avg(CAST(column17 AS FLOAT)) as avg_column17, sum(CAST(column04 AS FLOAT)) as sum_column04, avg(CAST(column04 AS FLOAT)) as avg_column04, sum(CAST(column03 AS FLOAT)) as sum_column03, avg(CAST(column03 AS FLOAT)) as avg_column03 FROM query_table WHERE CAST(column05 AS FLOAT) > CAST(-73.98575 AS FLOAT) AND CAST(column05 AS FLOAT) < CAST(-73.9795 AS FLOAT) AND CAST(column06 AS FLOAT) > CAST(40.754654 AS FLOAT) AND CAST(column06 AS FLOAT) < CAST(40.757782 AS FLOAT) AND column12 >= 0.0 AND column12 <= 400.0 AND column04 <= 1000.0;",0.1,"{null={12=Stats{sum=16089238.471540147, avg=12.210625135200834}, 17=Stats{sum=19526814.84231986, avg=14.819509111373087}, 4=Stats{sum=3612879.4040602823, avg=2.741926918399695}, 3=Stats{sum=2296010.3626943007, avg=1.742513910461847}}}","{12=16089238.471540147, 17=19526814.84231986, 4=3612879.4040602823, 3=2296010.3626943007}"
/data-nonraid/maroulis/data/taxi_data/yellow_tripdata_2014_cleaned.csv,23,1.38600492477417,"SELECT sum(CAST(column12 AS FLOAT)) as sum_column12, avg(CAST(column12 AS FLOAT)) as avg_column12, sum(CAST(column17 AS FLOAT)) as sum_column17, avg(CAST(column17 AS FLOAT)) as avg_column17, sum(CAST(column04 AS FLOAT)) as sum_column04, avg(CAST(column04 AS FLOAT)) as avg_column04, sum(CAST(column03 AS FLOAT)) as sum_column03, avg(CAST(column03 AS FLOAT)) as avg_column03 FROM query_table WHERE CAST(column05 AS FLOAT) > CAST(-73.98575 AS FLOAT) AND CAST(column05 AS FLOAT) < CAST(-73.9795 AS FLOAT) AND CAST(column06 AS FLOAT) > CAST(40.75403 AS FLOAT) AND CAST(column06 AS FLOAT) < CAST(40.757156 AS FLOAT) AND column12 >= 0.0 AND column12 <= 400.0 AND column04 <= 1000.0;",0.1,"{null={12=Stats{sum=15505300.24581225, avg=11.875866274067928}, 17=Stats{sum=18831351.787677854, avg=14.423365690760722}, 4=Stats{sum=3440880.8354567736, avg=2.6354498151639714}, 3=Stats{sum=2268316.9533169535, avg=1.737356154200815}}}","{12=15505300.24581225, 17=18831351.787677854, 4=3440880.8354567736, 3=2268316.9533169535}"
/data-nonraid/maroulis/data/taxi_data/yellow_tripdata_2014_cleaned.csv,24,1.056753396987915,"SELECT sum(CAST(column12 AS FLOAT)) as sum_column12, avg(CAST(column12 AS FLOAT)) as avg_column12, sum(CAST(column17 AS FLOAT)) as sum_column17, avg(CAST(column17 AS FLOAT)) as avg_column17, sum(CAST(column04 AS FLOAT)) as sum_column04, avg(CAST(column04 AS FLOAT)) as avg_column04, sum(CAST(column03 AS FLOAT)) as sum_column03, avg(CAST(column03 AS FLOAT)) as avg_column03 FROM query_table WHERE CAST(column05 AS FLOAT) > CAST(-73.987 AS FLOAT) AND CAST(column05 AS FLOAT) < CAST(-73.98075 AS FLOAT) AND CAST(column06 AS FLOAT) > CAST(40.75403 AS FLOAT) AND CAST(column06 AS FLOAT) < CAST(40.757156 AS FLOAT) AND column12 >= 0.0 AND column12 <= 400.0 AND column04 <= 1000.0;",0.1,"{null={12=Stats{sum=16522595.420065727, avg=11.930493737152835}, 17=Stats{sum=20025410.762047037, avg=14.459776542756066}, 4=Stats{sum=3694819.2748489594, avg=2.6679233557315865}, 3=Stats{sum=2433167.9389312975, avg=1.7569209993247805}}}","{12=16522595.420065727, 17=20025410.762047037, 4=3694819.2748489594, 3=2433167.9389312975}"
/data-nonraid/maroulis/data/taxi_data/yellow_tripdata_2014_cleaned.csv,25,0.899928092956543,"SELECT sum(CAST(column12 AS FLOAT)) as sum_column12, avg(CAST(column12 AS FLOAT)) as avg_column12, sum(CAST(column17 AS FLOAT)) as sum_column17, avg(CAST(column17 AS FLOAT)) as avg_column17, sum(CAST(column04 AS FLOAT)) as sum_column04, avg(CAST(column04 AS FLOAT)) as avg_column04, sum(CAST(column03 AS FLOAT)) as sum_column03, avg(CAST(column03 AS FLOAT)) as avg_column03 FROM query_table WHERE CAST(column05 AS FLOAT) > CAST(-73.987 AS FLOAT) AND CAST(column05 AS FLOAT) < CAST(-73.98075 AS FLOAT) AND CAST(column06 AS FLOAT) > CAST(40.753498 AS FLOAT) AND CAST(column06 AS FLOAT) < CAST(40.756626 AS FLOAT) AND column12 >= 0.0 AND column12 <= 400.0 AND column04 <= 1000.0;",0.1,"{null={12=Stats{sum=14838807.877972962, avg=11.834818818406912}, 17=Stats{sum=18059192.668502353, avg=14.403264399405632}, 4=Stats{sum=3314752.893981275, avg=2.643709673355328}, 3=Stats{sum=2182379.421221865, avg=1.7405754731497154}}}","{12=14838807.877972962, 17=18059192.668502353, 4=3314752.893981275, 3=2182379.421221865}"
/data-nonraid/maroulis/data/taxi_data/yellow_tripdata_2014_cleaned.csv,26,0.7492854595184326,"SELECT sum(CAST(column12 AS FLOAT)) as sum_column12, avg(CAST(column12 AS FLOAT)) as avg_column12, sum(CAST(column17 AS FLOAT)) as sum_column17, avg(CAST(column17 AS FLOAT)) as avg_column17, sum(CAST(column04 AS FLOAT)) as sum_column04, avg(CAST(column04 AS FLOAT)) as avg_column04, sum(CAST(column03 AS FLOAT)) as sum_column03, avg(CAST(column03 AS FLOAT)) as avg_column03 FROM query_table WHERE CAST(column05 AS FLOAT) > CAST(-73.98594 AS FLOAT) AND CAST(column05 AS FLOAT) < CAST(-73.97969 AS FLOAT) AND CAST(column06 AS FLOAT) > CAST(40.753498 AS FLOAT) AND CAST(column06 AS FLOAT) < CAST(40.756626 AS FLOAT) AND column12 >= 0.0 AND column12 <= 400.0 AND column04 <= 1000.0;",0.1,"{null={12=Stats{sum=14937836.473621609, avg=11.680765148230858}, 17=Stats{sum=18208046.681333855, avg=14.237933148368494}, 4=Stats{sum=3290542.5135046695, avg=2.5730670153198343}, 3=Stats{sum=2196956.5217391304, avg=1.7179283771532186}}}","{12=14937836.473621609, 17=18208046.681333855, 4=3290542.5135046695, 3=2196956.5217391304}"
/data-nonraid/maroulis/data/taxi_data/yellow_tripdata_2014_cleaned.csv,27,0.8907711505889893,"SELECT sum(CAST(column12 AS FLOAT)) as sum_column12, avg(CAST(column12 AS FLOAT)) as avg_column12, sum(CAST(column17 AS FLOAT)) as sum_column17, avg(CAST(column17 AS FLOAT)) as avg_column17, sum(CAST(column04 AS FLOAT)) as sum_column04, avg(CAST(column04 AS FLOAT)) as avg_column04, sum(CAST(column03 AS FLOAT)) as sum_column03, avg(CAST(column03 AS FLOAT)) as avg_column03 FROM query_table WHERE CAST(column05 AS FLOAT) > CAST(-73.98475 AS FLOAT) AND CAST(column05 AS FLOAT) < CAST(-73.9785 AS FLOAT) AND CAST(column06 AS FLOAT) > CAST(40.753498 AS FLOAT) AND CAST(column06 AS FLOAT) < CAST(40.756626 AS FLOAT) AND column12 >= 0.0 AND column12 <= 400.0 AND column04 <= 1000.0;",0.1,"{null={12=Stats{sum=16242827.923713263, avg=11.470807672272265}, 17=Stats{sum=19770212.711149864, avg=13.961873432053723}, 4=Stats{sum=3534053.698379128, avg=2.4957753950225934}, 3=Stats{sum=2437159.904534606, avg=1.72114071901704}}}","{12=16242827.923713263, 17=19770212.711149864, 4=3534053.698379128, 3=2437159.904534606}"
/data-nonraid/maroulis/data/taxi_data/yellow_tripdata_2014_cleaned.csv,28,1.1990420818328857,"SELECT sum(CAST(column12 AS FLOAT)) as sum_column12, avg(CAST(column12 AS FLOAT)) as avg_column12, sum(CAST(column17 AS FLOAT)) as sum_column17, avg(CAST(column17 AS FLOAT)) as avg_column17, sum(CAST(column04 AS FLOAT)) as sum_column04, avg(CAST(column04 AS FLOAT)) as avg_column04, sum(CAST(column03 AS FLOAT)) as sum_column03, avg(CAST(column03 AS FLOAT)) as avg_column03 FROM query_table WHERE CAST(column05 AS FLOAT) > CAST(-73.986 AS FLOAT) AND CAST(column05 AS FLOAT) < CAST(-73.97975 AS FLOAT) AND CAST(column06 AS FLOAT) > CAST(40.753498 AS FLOAT) AND CAST(column06 AS FLOAT) < CAST(40.756626 AS FLOAT) AND column12 >= 0.0 AND column12 <= 400.0 AND column04 <= 1000.0;",0.1,"{null={12=Stats{sum=14517854.520706283, avg=11.69618898380504}, 17=Stats{sum=17695983.622397464, avg=14.256622313350638}, 4=Stats{sum=3200568.9034103225, avg=2.57851176953078}, 3=Stats{sum=2140246.5753424657, avg=1.7242718875191754}}}","{12=14517854.520706283, 17=17695983.622397464, 4=3200568.9034103225, 3=2140246.5753424657}"
/data-nonraid/maroulis/data/taxi_data/yellow_tripdata_2014_cleaned.csv,29,0.9629678726196289,"SELECT sum(CAST(column12 AS FLOAT)) as sum_column12, avg(CAST(column12 AS FLOAT)) as avg_column12, sum(CAST(column17 AS FLOAT)) as sum_column17, avg(CAST(column17 AS FLOAT)) as avg_column17, sum(CAST(column04 AS FLOAT)) as sum_column04, avg(CAST(column04 AS FLOAT)) as avg_column04, sum(CAST(column03 AS FLOAT)) as sum_column03, avg(CAST(column03 AS FLOAT)) as avg_column03 FROM query_table WHERE CAST(column05 AS FLOAT) > CAST(-73.98512 AS FLOAT) AND CAST(column05 AS FLOAT) < CAST(-73.978874 AS FLOAT) AND CAST(column06 AS FLOAT) > CAST(40.753498 AS FLOAT) AND CAST(column06 AS FLOAT) < CAST(40.756626 AS FLOAT) AND column12 >= 0.0 AND column12 <= 400.0 AND column04 <= 1000.0;",0.1,"{null={12=Stats{sum=16070651.520265115, avg=11.51223448409016}, 17=Stats{sum=19569319.14785424, avg=14.01851010458454}, 4=Stats{sum=3506768.5809480087, avg=2.51207875016181}, 3=Stats{sum=2401689.189189189, avg=1.7204535279098752}}}","{12=16070651.520265115, 17=19569319.14785424, 4=3506768.5809480087, 3=2401689.189189189}"
/data-nonraid/maroulis/data/taxi_data/yellow_tripdata_2014_cleaned.csv,30,1.1508197784423828,"SELECT sum(CAST(column12 AS FLOAT)) as sum_column12, avg(CAST(column12 AS FLOAT)) as avg_column12, sum(CAST(column17 AS FLOAT)) as sum_column17, avg(CAST(column17 AS FLOAT)) as avg_column17, sum(CAST(column04 AS FLOAT)) as sum_column04, avg(CAST(column04 AS FLOAT)) as avg_column04, sum(CAST(column03 AS FLOAT)) as sum_column03, avg(CAST(column03 AS FLOAT)) as avg_column03 FROM query_table WHERE CAST(column05 AS FLOAT) > CAST(-73.984436 AS FLOAT) AND CAST(column05 AS FLOAT) < CAST(-73.97819 AS FLOAT) AND CAST(column06 AS FLOAT) > CAST(40.753498 AS FLOAT) AND CAST(column06 AS FLOAT) < CAST(40.756626 AS FLOAT) AND column12 >= 0.0 AND column12 <= 400.0 AND column04 <= 1000.0;",0.1,"{null={12=Stats{sum=15687228.995107938, avg=11.373259758289759}, 17=Stats{sum=19043091.823072765, avg=13.806264316809001}, 4=Stats{sum=3394250.4111982123, avg=2.4608356022136}, 3=Stats{sum=2380428.3360790773, avg=1.7258133868424825}}}","{12=15687228.995107938, 17=19043091.823072765, 4=3394250.4111982123, 3=2380428.3360790773}"
/data-nonraid/maroulis/data/taxi_data/yellow_tripdata_2014_cleaned.csv,31,0.8742713928222656,"SELECT sum(CAST(column12 AS FLOAT)) as sum_column12, avg(CAST(column12 AS FLOAT)) as avg_column12, sum(CAST(column17 AS FLOAT)) as sum_column17, avg(CAST(column17 AS FLOAT)) as avg_column17, sum(CAST(column04 AS FLOAT)) as sum_column04, avg(CAST(column04 AS FLOAT)) as avg_column04, sum(CAST(column03 AS FLOAT)) as sum_column03, avg(CAST(column03 AS FLOAT)) as avg_column03 FROM query_table WHERE CAST(column05 AS FLOAT) > CAST(-73.985435 AS FLOAT) AND CAST(column05 AS FLOAT) < CAST(-73.97919 AS FLOAT) AND CAST(column06 AS FLOAT) > CAST(40.753498 AS FLOAT) AND CAST(column06 AS FLOAT) < CAST(40.756626 AS FLOAT) AND column12 >= 0.0 AND column12 <= 400.0 AND column04 <= 1000.0;",0.1,"{null={12=Stats{sum=15166406.398678346, avg=11.596667924847011}, 17=Stats{sum=18503509.02060922, avg=14.14831199400772}, 4=Stats{sum=3330236.5630855225, avg=2.5463940842737856}, 3=Stats{sum=2246234.0036563072, avg=1.717534736783248}}}","{12=15166406.398678346, 17=18503509.02060922, 4=3330236.5630855225, 3=2246234.0036563072}"
/data-nonraid/maroulis/data/taxi_data/yellow_tripdata_2014_cleaned.csv,32,0.9432196617126465,"SELECT sum(CAST(column12 AS FLOAT)) as sum_column12, avg(CAST(column12 AS FLOAT)) as avg_column12, sum(CAST(column17 AS FLOAT)) as sum_column17, avg(CAST(column17 AS FLOAT)) as avg_column17, sum(CAST(column04 AS FLOAT)) as sum_column04, avg(CAST(column04 AS FLOAT)) as avg_column04, sum(CAST(column03 AS FLOAT)) as sum_column03, avg(CAST(column03 AS FLOAT)) as avg_column03 FROM query_table WHERE CAST(column05 AS FLOAT) > CAST(-73.98463 AS FLOAT) AND CAST(column05 AS FLOAT) < CAST(-73.97838 AS FLOAT) AND CAST(column06 AS FLOAT) > CAST(40.753498 AS FLOAT) AND CAST(column06 AS FLOAT) < CAST(40.756626 AS FLOAT) AND column12 >= 0.0 AND column12 <= 400.0 AND column04 <= 1000.0;",0.1,"{null={12=Stats{sum=15212867.45369736, avg=11.441727947292199}, 17=Stats{sum=18518926.86738534, avg=13.928243556800691}, 4=Stats{sum=3313655.143242053, avg=2.4922284227820883}, 3=Stats{sum=2265750.4215851603, avg=1.7040903037605428}}}","{12=15212867.45369736, 17=18518926.86738534, 4=3313655.143242053, 3=2265750.4215851603}"
/data-nonraid/maroulis/data/taxi_data/yellow_tripdata_2014_cleaned.csv,33,1.5223031044006348,"SELECT sum(CAST(column12 AS FLOAT)) as sum_column12, avg(CAST(column12 AS FLOAT)) as avg_column12, sum(CAST(column17 AS FLOAT)) as sum_column17, avg(CAST(column17 AS FLOAT)) as avg_column17, sum(CAST(column04 AS FLOAT)) as sum_column04, avg(CAST(column04 AS FLOAT)) as avg_column04, sum(CAST(column03 AS FLOAT)) as sum_column03, avg(CAST(column03 AS FLOAT)) as avg_column03 FROM query_table WHERE CAST(column05 AS FLOAT) > CAST(-73.985504 AS FLOAT) AND CAST(column05 AS FLOAT) < CAST(-73.979256 AS FLOAT) AND CAST(column06 AS FLOAT) > CAST(40.753498 AS FLOAT) AND CAST(column06 AS FLOAT) < CAST(40.756626 AS FLOAT) AND column12 >= 0.0 AND column12 <= 400.0 AND column04 <= 1000.0;",0.1,"{null={12=Stats{sum=15552770.051867232, avg=11.59166416946143}, 17=Stats{sum=18945084.727299646, avg=14.119996572217367}, 4=Stats{sum=3411513.8869700576, avg=2.542641803057019}, 3=Stats{sum=2317564.766839378, avg=1.7273085359448856}}}","{12=15552770.051867232, 17=18945084.727299646, 4=3411513.8869700576, 3=2317564.766839378}"
/data-nonraid/maroulis/data/taxi_data/yellow_tripdata_2014_cleaned.csv,34,1.4101202487945557,"SELECT sum(CAST(column12 AS FLOAT)) as sum_column12, avg(CAST(column12 AS FLOAT)) as avg_column12, sum(CAST(column17 AS FLOAT)) as sum_column17, avg(CAST(column17 AS FLOAT)) as avg_column17, sum(CAST(column04 AS FLOAT)) as sum_column04, avg(CAST(column04 AS FLOAT)) as avg_column04, sum(CAST(column03 AS FLOAT)) as sum_column03, avg(CAST(column03 AS FLOAT)) as avg_column03 FROM query_table WHERE CAST(column05 AS FLOAT) > CAST(-73.98482 AS FLOAT) AND CAST(column05 AS FLOAT) < CAST(-73.97857 AS FLOAT) AND CAST(column06 AS FLOAT) > CAST(40.753498 AS FLOAT) AND CAST(column06 AS FLOAT) < CAST(40.756626 AS FLOAT) AND column12 >= 0.0 AND column12 <= 400.0 AND column04 <= 1000.0;",0.1,"{null={12=Stats{sum=15698624.849600391, avg=11.443480334755245}, 17=Stats{sum=19093462.48475212, avg=13.91814025495422}, 4=Stats{sum=3419607.566142341, avg=2.4927159105102277}, 3=Stats{sum=2334754.94411006, avg=1.7019148202701433}}}","{12=15698624.849600391, 17=19093462.48475212, 4=3419607.566142341, 3=2334754.94411006}"
/data-nonraid/maroulis/data/taxi_data/yellow_tripdata_2014_cleaned.csv,35,0.6751086711883545,"SELECT sum(CAST(column12 AS FLOAT)) as sum_column12, avg(CAST(column12 AS FLOAT)) as avg_column12, sum(CAST(column17 AS FLOAT)) as sum_column17, avg(CAST(column17 AS FLOAT)) as avg_column17, sum(CAST(column04 AS FLOAT)) as sum_column04, avg(CAST(column04 AS FLOAT)) as avg_column04, sum(CAST(column03 AS FLOAT)) as sum_column03, avg(CAST(column03 AS FLOAT)) as avg_column03 FROM query_table WHERE CAST(column05 AS FLOAT) > CAST(-73.98419 AS FLOAT) AND CAST(column05 AS FLOAT) < CAST(-73.97794 AS FLOAT) AND CAST(column06 AS FLOAT) > CAST(40.753498 AS FLOAT) AND CAST(column06 AS FLOAT) < CAST(40.756626 AS FLOAT) AND column12 >= 0.0 AND column12 <= 400.0 AND column04 <= 1000.0;",0.1,"{null={12=Stats{sum=15560064.724919096, avg=11.375446565878818}, 17=Stats{sum=18916390.678705137, avg=13.829145006080125}, 4=Stats{sum=3378853.7217308935, avg=2.470167743191724}, 3=Stats{sum=2347022.653721683, avg=1.7158303167956088}}}","{12=15560064.724919096, 17=18916390.678705137, 4=3378853.7217308935, 3=2347022.653721683}"
/data-nonraid/maroulis/data/taxi_data/yellow_tripdata_2014_cleaned.csv,36,0.9690842628479004,"SELECT sum(CAST(column12 AS FLOAT)) as sum_column12, avg(CAST(column12 AS FLOAT)) as avg_column12, sum(CAST(column17 AS FLOAT)) as sum_column17, avg(CAST(column17 AS FLOAT)) as avg_column17, sum(CAST(column04 AS FLOAT)) as sum_column04, avg(CAST(column04 AS FLOAT)) as avg_column04, sum(CAST(column03 AS FLOAT)) as sum_column03, avg(CAST(column03 AS FLOAT)) as avg_column03 FROM query_table WHERE CAST(column05 AS FLOAT) > CAST(-73.983505 AS FLOAT) AND CAST(column05 AS FLOAT) < CAST(-73.97726 AS FLOAT) AND CAST(column06 AS FLOAT) > CAST(40.75384 AS FLOAT) AND CAST(column06 AS FLOAT) < CAST(40.75697 AS FLOAT) AND column12 >= 0.0 AND column12 <= 400.0 AND column04 <= 1000.0;",0.1,"{null={12=Stats{sum=14881859.423580296, avg=11.486374931603768}, 17=Stats{sum=18034237.53173811, avg=13.919498094903286}, 4=Stats{sum=3207673.6138233636, avg=2.475802299826015}, 3=Stats{sum=2230487.8048780486, avg=1.7215737951807228}}}","{12=14881859.423580296, 17=18034237.53173811, 4=3207673.6138233636, 3=2230487.8048780486}"
/data-nonraid/maroulis/data/taxi_data/yellow_tripdata_2014_cleaned.csv,37,1.0782756805419922,"SELECT sum(CAST(column12 AS FLOAT)) as sum_column12, avg(CAST(column12 AS FLOAT)) as avg_column12, sum(CAST(column17 AS FLOAT)) as sum_column17, avg(CAST(column17 AS FLOAT)) as avg_column17, sum(CAST(column04 AS FLOAT)) as sum_column04, avg(CAST(column04 AS FLOAT)) as avg_column04, sum(CAST(column03 AS FLOAT)) as sum_column03, avg(CAST(column03 AS FLOAT)) as avg_column03 FROM query_table WHERE CAST(column05 AS FLOAT) > CAST(-73.983505 AS FLOAT) AND CAST(column05 AS FLOAT) < CAST(-73.97726 AS FLOAT) AND CAST(column06 AS FLOAT) > CAST(40.753216 AS FLOAT) AND CAST(column06 AS FLOAT) < CAST(40.756344 AS FLOAT) AND column12 >= 0.0 AND column12 <= 400.0 AND column04 <= 1000.0;",0.1,"{null={12=Stats{sum=15034971.524072327, avg=11.239302725343641}, 17=Stats{sum=18214073.717811015, avg=13.615821489813854}, 4=Stats{sum=3214269.7866050084, avg=2.402808087447204}, 3=Stats{sum=2296122.9946524063, avg=1.7164529636921477}}}","{12=15034971.524072327, 17=18214073.717811015, 4=3214269.7866050084, 3=2296122.9946524063}"
/data-nonraid/maroulis/data/taxi_data/yellow_tripdata_2014_cleaned.csv,38,1.0243685245513916,"SELECT sum(CAST(column12 AS FLOAT)) as sum_column12, avg(CAST(column12 AS FLOAT)) as avg_column12, sum(CAST(column17 AS FLOAT)) as sum_column17, avg(CAST(column17 AS FLOAT)) as avg_column17, sum(CAST(column04 AS FLOAT)) as sum_column04, avg(CAST(column04 AS FLOAT)) as avg_column04, sum(CAST(column03 AS FLOAT)) as sum_column03, avg(CAST(column03 AS FLOAT)) as avg_column03 FROM query_table WHERE CAST(column05 AS FLOAT) > CAST(-73.98419 AS FLOAT) AND CAST(column05 AS FLOAT) < CAST(-73.97794 AS FLOAT) AND CAST(column06 AS FLOAT) > CAST(40.753216 AS FLOAT) AND CAST(column06 AS FLOAT) < CAST(40.756344 AS FLOAT) AND column12 >= 0.0 AND column12 <= 400.0 AND column04 <= 1000.0;",0.1,"{null={12=Stats{sum=15106898.79159553, avg=11.327949571877395}, 17=Stats{sum=18335084.94923482, avg=13.74861383307672}, 4=Stats{sum=3270316.9180078045, avg=2.4522561276348678}, 3=Stats{sum=2287552.8700906346, avg=1.7153278057179104}}}","{12=15106898.79159553, 17=18335084.94923482, 4=3270316.9180078045, 3=2287552.8700906346}"
/data-nonraid/maroulis/data/taxi_data/yellow_tripdata_2014_cleaned.csv,39,1.128171682357788,"SELECT sum(CAST(column12 AS FLOAT)) as sum_column12, avg(CAST(column12 AS FLOAT)) as avg_column12, sum(CAST(column17 AS FLOAT)) as sum_column17, avg(CAST(column17 AS FLOAT)) as avg_column17, sum(CAST(column04 AS FLOAT)) as sum_column04, avg(CAST(column04 AS FLOAT)) as avg_column04, sum(CAST(column03 AS FLOAT)) as sum_column03, avg(CAST(column03 AS FLOAT)) as avg_column03 FROM query_table WHERE CAST(column05 AS FLOAT) > CAST(-73.98419 AS FLOAT) AND CAST(column05 AS FLOAT) < CAST(-73.97794 AS FLOAT) AND CAST(column06 AS FLOAT) > CAST(40.752747 AS FLOAT) AND CAST(column06 AS FLOAT) < CAST(40.755875 AS FLOAT) AND column12 >= 0.0 AND column12 <= 400.0 AND column04 <= 1000.0;",0.1,"{null={12=Stats{sum=14823753.342443608, avg=11.211040504072454}, 17=Stats{sum=18036440.163994215, avg=13.64075997196036}, 4=Stats{sum=3188002.941660548, avg=2.4110513228606427}, 3=Stats{sum=2253275.4010695186, avg=1.7041272344900105}}}","{12=14823753.342443608, 17=18036440.163994215, 4=3188002.941660548, 3=2253275.4010695186}"
/data-nonraid/maroulis/data/taxi_data/yellow_tripdata_2014_cleaned.csv,40,1.0497822761535645,"SELECT sum(CAST(column12 AS FLOAT)) as sum_column12, avg(CAST(column12 AS FLOAT)) as avg_column12, sum(CAST(column17 AS FLOAT)) as sum_column17, avg(CAST(column17 AS FLOAT)) as avg_column17, sum(CAST(column04 AS FLOAT)) as sum_column04, avg(CAST(column04 AS FLOAT)) as avg_column04, sum(CAST(column03 AS FLOAT)) as sum_column03, avg(CAST(column03 AS FLOAT)) as avg_column03 FROM query_table WHERE CAST(column05 AS FLOAT) > CAST(-73.98419 AS FLOAT) AND CAST(column05 AS FLOAT) < CAST(-73.97794 AS FLOAT) AND CAST(column06 AS FLOAT) > CAST(40.752308 AS FLOAT) AND CAST(column06 AS FLOAT) < CAST(40.755436 AS FLOAT) AND column12 >= 0.0 AND column12 <= 400.0 AND column04 <= 1000.0;",0.1,"{null={12=Stats{sum=15869730.098619744, avg=11.13418008695346}, 17=Stats{sum=19343104.97486474, avg=13.571094964603148}, 4=Stats{sum=3423082.279001144, avg=2.401629662887126}, 3=Stats{sum=2405569.620253165, avg=1.6877442273534635}}}","{12=15869730.098619744, 17=19343104.97486474, 4=3423082.279001144, 3=2405569.620253165}"
/data-nonraid/maroulis/data/taxi_data/yellow_tripdata_2014_cleaned.csv,41,0.8126184940338135,"SELECT sum(CAST(column12 AS FLOAT)) as sum_column12, avg(CAST(column12 AS FLOAT)) as avg_column12, sum(CAST(column17 AS FLOAT)) as sum_column17, avg(CAST(column17 AS FLOAT)) as avg_column17, sum(CAST(column04 AS FLOAT)) as sum_column04, avg(CAST(column04 AS FLOAT)) as avg_column04, sum(CAST(column03 AS FLOAT)) as sum_column03, avg(CAST(column03 AS FLOAT)) as avg_column03 FROM query_table WHERE CAST(column05 AS FLOAT) > CAST(-73.98419 AS FLOAT) AND CAST(column05 AS FLOAT) < CAST(-73.97794 AS FLOAT) AND CAST(column06 AS FLOAT) > CAST(40.752716 AS FLOAT) AND CAST(column06 AS FLOAT) < CAST(40.755844 AS FLOAT) AND column12 >= 0.0 AND column12 <= 400.0 AND column04 <= 1000.0;",0.1,"{null={12=Stats{sum=14851064.132556582, avg=11.207278571325741}, 17=Stats{sum=18115087.382602878, avg=13.670456798827985}, 4=Stats{sum=3210081.872701841, avg=2.422471646679187}, 3=Stats{sum=2237465.8869395712, avg=1.6884920343047118}}}","{12=14851064.132556582, 17=18115087.382602878, 4=3210081.872701841, 3=2237465.8869395712}"
/data-nonraid/maroulis/data/taxi_data/yellow_tripdata_2014_cleaned.csv,42,1.798231601715088,"SELECT sum(CAST(column12 AS FLOAT)) as sum_column12, avg(CAST(column12 AS FLOAT)) as avg_column12, sum(CAST(column17 AS FLOAT)) as sum_column17, avg(CAST(column17 AS FLOAT)) as avg_column17, sum(CAST(column04 AS FLOAT)) as sum_column04, avg(CAST(column04 AS FLOAT)) as avg_column04, sum(CAST(column03 AS FLOAT)) as sum_column03, avg(CAST(column03 AS FLOAT)) as avg_column03 FROM query_table WHERE CAST(column05 AS FLOAT) > CAST(-73.98494 AS FLOAT) AND CAST(column05 AS FLOAT) < CAST(-73.97869 AS FLOAT) AND CAST(column06 AS FLOAT) > CAST(40.752716 AS FLOAT) AND CAST(column06 AS FLOAT) < CAST(40.755844 AS FLOAT) AND column12 >= 0.0 AND column12 <= 400.0 AND column04 <= 1000.0;",0.1,"{null={12=Stats{sum=14664523.825389763, avg=11.27997125599228}, 17=Stats{sum=17899818.5706903, avg=13.768564282686276}, 4=Stats{sum=3194131.0116218277, avg=2.456929827928466}, 3=Stats{sum=2212902.1558872303, avg=1.7021672853443548}}}","{12=14664523.825389763, 17=17899818.5706903, 4=3194131.0116218277, 3=2212902.1558872303}"
/data-nonraid/maroulis/data/taxi_data/yellow_tripdata_2014_cleaned.csv,43,0.9895114898681641,"SELECT sum(CAST(column12 AS FLOAT)) as sum_column12, avg(CAST(column12 AS FLOAT)) as avg_column12, sum(CAST(column17 AS FLOAT)) as sum_column17, avg(CAST(column17 AS FLOAT)) as avg_column17, sum(CAST(column04 AS FLOAT)) as sum_column04, avg(CAST(column04 AS FLOAT)) as avg_column04, sum(CAST(column03 AS FLOAT)) as sum_column03, avg(CAST(column03 AS FLOAT)) as avg_column03 FROM query_table WHERE CAST(column05 AS FLOAT) > CAST(-73.98569 AS FLOAT) AND CAST(column05 AS FLOAT) < CAST(-73.97944 AS FLOAT) AND CAST(column06 AS FLOAT) > CAST(40.752716 AS FLOAT) AND CAST(column06 AS FLOAT) < CAST(40.755844 AS FLOAT) AND column12 >= 0.0 AND column12 <= 400.0 AND column04 <= 1000.0;",0.1,"{null={12=Stats{sum=14287514.020117566, avg=11.36562228298871}, 17=Stats{sum=17456653.41519832, avg=13.886651573032463}, 4=Stats{sum=3133394.8492041077, avg=2.4925947417704237}, 3=Stats{sum=2169599.427753934, avg=1.725901900534881}}}","{12=14287514.020117566, 17=17456653.41519832, 4=3133394.8492041077, 3=2169599.427753934}"
/data-nonraid/maroulis/data/taxi_data/yellow_tripdata_2014_cleaned.csv,44,0.8695039749145508,"SELECT sum(CAST(column12 AS FLOAT)) as sum_column12, avg(CAST(column12 AS FLOAT)) as avg_column12, sum(CAST(column17 AS FLOAT)) as sum_column17, avg(CAST(column17 AS FLOAT)) as avg_column17, sum(CAST(column04 AS FLOAT)) as sum_column04, avg(CAST(column04 AS FLOAT)) as avg_column04, sum(CAST(column03 AS FLOAT)) as sum_column03, avg(CAST(column03 AS FLOAT)) as avg_column03 FROM query_table WHERE CAST(column05 AS FLOAT) > CAST(-73.984566 AS FLOAT) AND CAST(column05 AS FLOAT) < CAST(-73.97832 AS FLOAT) AND CAST(column06 AS FLOAT) > CAST(40.752716 AS FLOAT) AND CAST(column06 AS FLOAT) < CAST(40.755844 AS FLOAT) AND column12 >= 0.0 AND column12 <= 400.0 AND column04 <= 1000.0;",0.1,"{null={12=Stats{sum=15155118.42120859, avg=11.30091248049306}, 17=Stats{sum=18527021.66784975, avg=13.81528303332595}, 4=Stats{sum=3302405.6390580144, avg=2.462547376063668}, 3=Stats{sum=2261672.932330827, avg=1.686490805113254}}}","{12=15155118.42120859, 17=18527021.66784975, 4=3302405.6390580144, 3=2261672.932330827}"
/data-nonraid/maroulis/data/taxi_data/yellow_tripdata_2014_cleaned.csv,45,1.3029537200927734,"SELECT sum(CAST(column12 AS FLOAT)) as sum_column12, avg(CAST(column12 AS FLOAT)) as avg_column12, sum(CAST(column17 AS FLOAT)) as sum_column17, avg(CAST(column17 AS FLOAT)) as avg_column17, sum(CAST(column04 AS FLOAT)) as sum_column04, avg(CAST(column04 AS FLOAT)) as avg_column04, sum(CAST(column03 AS FLOAT)) as sum_column03, avg(CAST(column03 AS FLOAT)) as avg_column03 FROM query_table WHERE CAST(column05 AS FLOAT) > CAST(-73.984566 AS FLOAT) AND CAST(column05 AS FLOAT) < CAST(-73.97832 AS FLOAT) AND CAST(column06 AS FLOAT) > CAST(40.752403 AS FLOAT) AND CAST(column06 AS FLOAT) < CAST(40.75553 AS FLOAT) AND column12 >= 0.0 AND column12 <= 400.0 AND column04 <= 1000.0;",0.1,"{null={12=Stats{sum=14158400.000247758, avg=11.189675316935125}, 17=Stats{sum=17319143.00141056, avg=13.687675651907153}, 4=Stats{sum=3071184.192011709, avg=2.4272201623427363}, 3=Stats{sum=2121013.7457044674, avg=1.6762808761423664}}}","{12=14158400.000247758, 17=17319143.00141056, 4=3071184.192011709, 3=2121013.7457044674}"
/data-nonraid/maroulis/data/taxi_data/yellow_tripdata_2014_cleaned.csv,46,0.8339693546295166,"SELECT sum(CAST(column12 AS FLOAT)) as sum_column12, avg(CAST(column12 AS FLOAT)) as avg_column12, sum(CAST(column17 AS FLOAT)) as sum_column17, avg(CAST(column17 AS FLOAT)) as avg_column17, sum(CAST(column04 AS FLOAT)) as sum_column04, avg(CAST(column04 AS FLOAT)) as avg_column04, sum(CAST(column03 AS FLOAT)) as sum_column03, avg(CAST(column03 AS FLOAT)) as avg_column03 FROM query_table WHERE CAST(column05 AS FLOAT) > CAST(-73.98525 AS FLOAT) AND CAST(column05 AS FLOAT) < CAST(-73.979004 AS FLOAT) AND CAST(column06 AS FLOAT) > CAST(40.752403 AS FLOAT) AND CAST(column06 AS FLOAT) < CAST(40.75553 AS FLOAT) AND column12 >= 0.0 AND column12 <= 400.0 AND column04 <= 1000.0;",0.1,"{null={12=Stats{sum=14085652.43667097, avg=11.215875112551155}, 17=Stats{sum=17215120.907345712, avg=13.7077531205854}, 4=Stats{sum=3087043.0798212443, avg=2.4580962654026295}, 3=Stats{sum=2128089.6686159843, avg=1.6945177412845744}}}","{12=14085652.43667097, 17=17215120.907345712, 4=3087043.0798212443, 3=2128089.6686159843}"
/data-nonraid/maroulis/data/taxi_data/yellow_tripdata_2014_cleaned.csv,47,1.0269315242767334,"SELECT sum(CAST(column12 AS FLOAT)) as sum_column12, avg(CAST(column12 AS FLOAT)) as avg_column12, sum(CAST(column17 AS FLOAT)) as sum_column17, avg(CAST(column17 AS FLOAT)) as avg_column17, sum(CAST(column04 AS FLOAT)) as sum_column04, avg(CAST(column04 AS FLOAT)) as avg_column04, sum(CAST(column03 AS FLOAT)) as sum_column03, avg(CAST(column03 AS FLOAT)) as avg_column03 FROM query_table WHERE CAST(column05 AS FLOAT) > CAST(-73.986 AS FLOAT) AND CAST(column05 AS FLOAT) < CAST(-73.97975 AS FLOAT) AND CAST(column06 AS FLOAT) > CAST(40.752403 AS FLOAT) AND CAST(column06 AS FLOAT) < CAST(40.75553 AS FLOAT) AND column12 >= 0.0 AND column12 <= 400.0 AND column04 <= 1000.0;",0.1,"{null={12=Stats{sum=14189455.577190105, avg=11.383964977457154}, 17=Stats{sum=17325649.091780186, avg=13.900081042545239}, 4=Stats{sum=3130917.3068834753, avg=2.5118830511137964}, 3=Stats{sum=2128288.4615384615, avg=1.707490550027}}}","{12=14189455.577190105, 17=17325649.091780186, 4=3130917.3068834753, 3=2128288.4615384615}"
/data-nonraid/maroulis/data/taxi_data/yellow_tripdata_2014_cleaned.csv,48,1.0373914241790771,"SELECT sum(CAST(column12 AS FLOAT)) as sum_column12, avg(CAST(column12 AS FLOAT)) as avg_column12, sum(CAST(column17 AS FLOAT)) as sum_column17, avg(CAST(column17 AS FLOAT)) as avg_column17, sum(CAST(column04 AS FLOAT)) as sum_column04, avg(CAST(column04 AS FLOAT)) as avg_column04, sum(CAST(column03 AS FLOAT)) as sum_column03, avg(CAST(column03 AS FLOAT)) as avg_column03 FROM query_table WHERE CAST(column05 AS FLOAT) > CAST(-73.98694 AS FLOAT) AND CAST(column05 AS FLOAT) < CAST(-73.98069 AS FLOAT) AND CAST(column06 AS FLOAT) > CAST(40.752403 AS FLOAT) AND CAST(column06 AS FLOAT) < CAST(40.75553 AS FLOAT) AND column12 >= 0.0 AND column12 <= 400.0 AND column04 <= 1000.0;",0.1,"{null={12=Stats{sum=12056456.049280912, avg=11.503982991671686}, 17=Stats{sum=14744604.94965178, avg=14.068950599279052}, 4=Stats{sum=2673376.110628801, avg=2.5508717637509597}, 3=Stats{sum=1781837.6722817766, avg=1.7001870360628908}}}","{12=12056456.049280912, 17=14744604.94965178, 4=2673376.110628801, 3=1781837.6722817766}"
/data-nonraid/maroulis/data/taxi_data/yellow_tripdata_2014_cleaned.csv,49,0.8722665309906006,"SELECT sum(CAST(column12 AS FLOAT)) as sum_column12, avg(CAST(column12 AS FLOAT)) as avg_column12, sum(CAST(column17 AS FLOAT)) as sum_column17, avg(CAST(column17 AS FLOAT)) as avg_column17, sum(CAST(column04 AS FLOAT)) as sum_column04, avg(CAST(column04 AS FLOAT)) as avg_column04, sum(CAST(column03 AS FLOAT)) as sum_column03, avg(CAST(column03 AS FLOAT)) as avg_column03 FROM query_table WHERE CAST(column05 AS FLOAT) > CAST(-73.987625 AS FLOAT) AND CAST(column05 AS FLOAT) < CAST(-73.98138 AS FLOAT) AND CAST(column06 AS FLOAT) > CAST(40.752403 AS FLOAT) AND CAST(column06 AS FLOAT) < CAST(40.75553 AS FLOAT) AND column12 >= 0.0 AND column12 <= 400.0 AND column04 <= 1000.0;",0.1,"{null={12=Stats{sum=11762947.442746036, avg=11.50365862919901}, 17=Stats{sum=14390715.209651455, avg=14.073502921577798}, 4=Stats{sum=2615925.749706127, avg=2.5582633069153373}, 3=Stats{sum=1751816.578483245, avg=1.713201559212115}}}","{12=11762947.442746036, 17=14390715.209651455, 4=2615925.749706127, 3=1751816.578483245}"
/data-nonraid/maroulis/data/taxi_data/yellow_tripdata_2014_cleaned.csv,50,0.8841183185577393,"SELECT sum(CAST(column12 AS FLOAT)) as sum_column12, avg(CAST(column12 AS FLOAT)) as avg_column12, sum(CAST(column17 AS FLOAT)) as sum_column17, avg(CAST(column17 AS FLOAT)) as avg_column17, sum(CAST(column04 AS FLOAT)) as sum_column04, avg(CAST(column04 AS FLOAT)) as avg_column04, sum(CAST(column03 AS FLOAT)) as sum_column03, avg(CAST(column03 AS FLOAT)) as avg_column03 FROM query_table WHERE CAST(column05 AS FLOAT) > CAST(-73.988625 AS FLOAT) AND CAST(column05 AS FLOAT) < CAST(-73.982376 AS FLOAT) AND CAST(column06 AS FLOAT) > CAST(40.751904 AS FLOAT) AND CAST(column06 AS FLOAT) < CAST(40.75503 AS FLOAT) AND column12 >= 0.0 AND column12 <= 400.0 AND column04 <= 1000.0;",0.1,"{null={12=Stats{sum=11473297.586231396, avg=11.324516864664595}, 17=Stats{sum=14008863.146638047, avg=13.827202316207869}, 4=Stats{sum=2512360.1720456416, avg=2.4797809805426505}, 3=Stats{sum=1731258.6206896552, avg=1.7088084136006263}}}","{12=11473297.586231396, 17=14008863.146638047, 4=2512360.1720456416, 3=1731258.6206896552}"
/data-nonraid/maroulis/data/taxi_data/yellow_tripdata_2014_cleaned.csv,51,0.7953786849975586,"SELECT sum(CAST(column12 AS FLOAT)) as sum_column12, avg(CAST(column12 AS FLOAT)) as avg_column12, sum(CAST(column17 AS FLOAT)) as sum_column17, avg(CAST(column17 AS FLOAT)) as avg_column17, sum(CAST(column04 AS FLOAT)) as sum_column04, avg(CAST(column04 AS FLOAT)) as avg_column04, sum(CAST(column03 AS FLOAT)) as sum_column03, avg(CAST(column03 AS FLOAT)) as avg_column03 FROM query_table WHERE CAST(column05 AS FLOAT) > CAST(-73.98937 AS FLOAT) AND CAST(column05 AS FLOAT) < CAST(-73.98312 AS FLOAT) AND CAST(column06 AS FLOAT) > CAST(40.751904 AS FLOAT) AND CAST(column06 AS FLOAT) < CAST(40.75503 AS FLOAT) AND column12 >= 0.0 AND column12 <= 400.0 AND column04 <= 1000.0;",0.1,"{null={12=Stats{sum=12194854.684135752, avg=11.18548079616784}, 17=Stats{sum=14904990.237117592, avg=13.671297148069572}, 4=Stats{sum=2652943.137776845, avg=2.4333577799439907}, 3=Stats{sum=1855816.9934640522, avg=1.7022101434794772}}}","{12=12194854.684135752, 17=14904990.237117592, 4=2652943.137776845, 3=1855816.9934640522}"
/data-nonraid/maroulis/data/taxi_data/yellow_tripdata_2014_cleaned.csv,52,0.7302844524383545,"SELECT sum(CAST(column12 AS FLOAT)) as sum_column12, avg(CAST(column12 AS FLOAT)) as avg_column12, sum(CAST(column17 AS FLOAT)) as sum_column17, avg(CAST(column17 AS FLOAT)) as avg_column17, sum(CAST(column04 AS FLOAT)) as sum_column04, avg(CAST(column04 AS FLOAT)) as avg_column04, sum(CAST(column03 AS FLOAT)) as sum_column03, avg(CAST(column03 AS FLOAT)) as avg_column03 FROM query_table WHERE CAST(column05 AS FLOAT) > CAST(-73.99049 AS FLOAT) AND CAST(column05 AS FLOAT) < CAST(-73.984245 AS FLOAT) AND CAST(column06 AS FLOAT) > CAST(40.751904 AS FLOAT) AND CAST(column06 AS FLOAT) < CAST(40.75503 AS FLOAT) AND column12 >= 0.0 AND column12 <= 400.0 AND column04 <= 1000.0;",0.1,"{null={12=Stats{sum=12445878.898988076, avg=11.031068466333553}, 17=Stats{sum=15157447.058476439, avg=13.434393636151666}, 4=Stats{sum=2683122.7062682305, avg=2.3781133109711914}, 3=Stats{sum=1920711.009174312, avg=1.7023703041144902}}}","{12=12445878.898988076, 17=15157447.058476439, 4=2683122.7062682305, 3=1920711.009174312}"
/data-nonraid/maroulis/data/taxi_data/yellow_tripdata_2014_cleaned.csv,53,0.815037727355957,"SELECT sum(CAST(column12 AS FLOAT)) as sum_column12, avg(CAST(column12 AS FLOAT)) as avg_column12, sum(CAST(column17 AS FLOAT)) as sum_column17, avg(CAST(column17 AS FLOAT)) as avg_column17, sum(CAST(column04 AS FLOAT)) as sum_column04, avg(CAST(column04 AS FLOAT)) as avg_column04, sum(CAST(column03 AS FLOAT)) as sum_column03, avg(CAST(column03 AS FLOAT)) as avg_column03 FROM query_table WHERE CAST(column05 AS FLOAT) > CAST(-73.99143 AS FLOAT) AND CAST(column05 AS FLOAT) < CAST(-73.98518 AS FLOAT) AND CAST(column06 AS FLOAT) > CAST(40.751904 AS FLOAT) AND CAST(column06 AS FLOAT) < CAST(40.75503 AS FLOAT) AND column12 >= 0.0 AND column12 <= 400.0 AND column04 <= 1000.0;",0.1,"{null={12=Stats{sum=10832276.581234401, avg=11.038709890990708}, 17=Stats{sum=13147957.640831286, avg=13.398521443553467}, 4=Stats{sum=2311352.649904883, avg=2.3554006553223648}, 3=Stats{sum=1675299.1452991453, avg=1.7072257255339163}}}","{12=10832276.581234401, 17=13147957.640831286, 4=2311352.649904883, 3=1675299.1452991453}"
/data-nonraid/maroulis/data/taxi_data/yellow_tripdata_2014_cleaned.csv,54,1.0986757278442383,"SELECT sum(CAST(column12 AS FLOAT)) as sum_column12, avg(CAST(column12 AS FLOAT)) as avg_column12, sum(CAST(column17 AS FLOAT)) as sum_column17, avg(CAST(column17 AS FLOAT)) as avg_column17, sum(CAST(column04 AS FLOAT)) as sum_column04, avg(CAST(column04 AS FLOAT)) as avg_column04, sum(CAST(column03 AS FLOAT)) as sum_column03, avg(CAST(column03 AS FLOAT)) as avg_column03 FROM query_table WHERE CAST(column05 AS FLOAT) > CAST(-73.99081 AS FLOAT) AND CAST(column05 AS FLOAT) < CAST(-73.98456 AS FLOAT) AND CAST(column06 AS FLOAT) > CAST(40.751904 AS FLOAT) AND CAST(column06 AS FLOAT) < CAST(40.75503 AS FLOAT) AND column12 >= 0.0 AND column12 <= 400.0 AND column04 <= 1000.0;",0.1,"{null={12=Stats{sum=12109809.046010248, avg=11.083833390189715}, 17=Stats{sum=14740289.879010659, avg=13.491452798413976}, 4=Stats{sum=2597280.4211850287, avg=2.3772318247661546}, 3=Stats{sum=1850706.319702602, avg=1.6939094930248384}}}","{12=12109809.046010248, 17=14740289.879010659, 4=2597280.4211850287, 3=1850706.319702602}"
/data-nonraid/maroulis/data/taxi_data/yellow_tripdata_2014_cleaned.csv,55,0.7447042465209961,"SELECT sum(CAST(column12 AS FLOAT)) as sum_column12, avg(CAST(column12 AS FLOAT)) as avg_column12, sum(CAST(column17 AS FLOAT)) as sum_column17, avg(CAST(column17 AS FLOAT)) as avg_column17, sum(CAST(column04 AS FLOAT)) as sum_column04, avg(CAST(column04 AS FLOAT)) as avg_column04, sum(CAST(column03 AS FLOAT)) as sum_column03, avg(CAST(column03 AS FLOAT)) as avg_column03 FROM query_table WHERE CAST(column05 AS FLOAT) > CAST(-73.991615 AS FLOAT) AND CAST(column05 AS FLOAT) < CAST(-73.98537 AS FLOAT) AND CAST(column06 AS FLOAT) > CAST(40.751904 AS FLOAT) AND CAST(column06 AS FLOAT) < CAST(40.75503 AS FLOAT) AND column12 >= 0.0 AND column12 <= 400.0 AND column04 <= 1000.0;",0.1,"{null={12=Stats{sum=11106129.132262932, avg=11.062018191952049}, 17=Stats{sum=13472185.77705139, avg=13.418677414633533}, 4=Stats{sum=2359715.496181849, avg=2.3503432596300184}, 3=Stats{sum=1703657.0247933886, avg=1.69689049863149}}}","{12=11106129.132262932, 17=13472185.77705139, 4=2359715.496181849, 3=1703657.0247933886}"
/data-nonraid/maroulis/data/taxi_data/yellow_tripdata_2014_cleaned.csv,56,0.8647596836090088,"SELECT sum(CAST(column12 AS FLOAT)) as sum_column12, avg(CAST(column12 AS FLOAT)) as avg_column12, sum(CAST(column17 AS FLOAT)) as sum_column17, avg(CAST(column17 AS FLOAT)) as avg_column17, sum(CAST(column04 AS FLOAT)) as sum_column04, avg(CAST(column04 AS FLOAT)) as avg_column04, sum(CAST(column03 AS FLOAT)) as sum_column03, avg(CAST(column03 AS FLOAT)) as avg_column03 FROM query_table WHERE CAST(column05 AS FLOAT) > CAST(-73.990616 AS FLOAT) AND CAST(column05 AS FLOAT) < CAST(-73.98437 AS FLOAT) AND CAST(column06 AS FLOAT) > CAST(40.751404 AS FLOAT) AND CAST(column06 AS FLOAT) < CAST(40.75453 AS FLOAT) AND column12 >= 0.0 AND column12 <= 400.0 AND column04 <= 1000.0;",0.1,"{null={12=Stats{sum=12351177.79240051, avg=11.168479343481682}, 17=Stats{sum=14994109.5224975, avg=13.558334702213724}, 4=Stats{sum=2657806.104480301, avg=2.4033054236440234}, 3=Stats{sum=1886480.5194805195, avg=1.7058388331728398}}}","{12=12351177.79240051, 17=14994109.5224975, 4=2657806.104480301, 3=1886480.5194805195}"
/data-nonraid/maroulis/data/taxi_data/yellow_tripdata_2014_cleaned.csv,57,0.7305653095245361,"SELECT sum(CAST(column12 AS FLOAT)) as sum_column12, avg(CAST(column12 AS FLOAT)) as avg_column12, sum(CAST(column17 AS FLOAT)) as sum_column17, avg(CAST(column17 AS FLOAT)) as avg_column17, sum(CAST(column04 AS FLOAT)) as sum_column04, avg(CAST(column04 AS FLOAT)) as avg_column04, sum(CAST(column03 AS FLOAT)) as sum_column03, avg(CAST(column03 AS FLOAT)) as avg_column03 FROM query_table WHERE CAST(column05 AS FLOAT) > CAST(-73.991806 AS FLOAT) AND CAST(column05 AS FLOAT) < CAST(-73.98556 AS FLOAT) AND CAST(column06 AS FLOAT) > CAST(40.751404 AS FLOAT) AND CAST(column06 AS FLOAT) < CAST(40.75453 AS FLOAT) AND column12 >= 0.0 AND column12 <= 400.0 AND column04 <= 1000.0;",0.1,"{null={12=Stats{sum=10607041.647092033, avg=10.901774322299616}, 17=Stats{sum=12869490.619311612, avg=13.22708885687755}, 4=Stats{sum=2219824.7060831855, avg=2.2815058888185384}, 3=Stats{sum=1650682.3529411764, avg=1.696549055645571}}}","{12=10607041.647092033, 17=12869490.619311612, 4=2219824.7060831855, 3=1650682.3529411764}"
/data-nonraid/maroulis/data/taxi_data/yellow_tripdata_2014_cleaned.csv,58,0.8233270645141602,"SELECT sum(CAST(column12 AS FLOAT)) as sum_column12, avg(CAST(column12 AS FLOAT)) as avg_column12, sum(CAST(column17 AS FLOAT)) as sum_column17, avg(CAST(column17 AS FLOAT)) as avg_column17, sum(CAST(column04 AS FLOAT)) as sum_column04, avg(CAST(column04 AS FLOAT)) as avg_column04, sum(CAST(column03 AS FLOAT)) as sum_column03, avg(CAST(column03 AS FLOAT)) as avg_column03 FROM query_table WHERE CAST(column05 AS FLOAT) > CAST(-73.991806 AS FLOAT) AND CAST(column05 AS FLOAT) < CAST(-73.98556 AS FLOAT) AND CAST(column06 AS FLOAT) > CAST(40.750935 AS FLOAT) AND CAST(column06 AS FLOAT) < CAST(40.754063 AS FLOAT) AND column12 >= 0.0 AND column12 <= 400.0 AND column04 <= 1000.0;",0.1,"{null={12=Stats{sum=12711072.62135478, avg=10.958188087980366}, 17=Stats{sum=15313577.31800635, avg=13.201801732185995}, 4=Stats{sum=2664586.2137644906, avg=2.2971339852166337}, 3=Stats{sum=1974038.8349514564, avg=1.7018145903779838}}}","{12=12711072.62135478, 17=15313577.31800635, 4=2664586.2137644906, 3=1974038.8349514564}"
/data-nonraid/maroulis/data/taxi_data/yellow_tripdata_2014_cleaned.csv,59,0.6911466121673584,"SELECT sum(CAST(column12 AS FLOAT)) as sum_column12, avg(CAST(column12 AS FLOAT)) as avg_column12, sum(CAST(column17 AS FLOAT)) as sum_column17, avg(CAST(column17 AS FLOAT)) as avg_column17, sum(CAST(column04 AS FLOAT)) as sum_column04, avg(CAST(column04 AS FLOAT)) as avg_column04, sum(CAST(column03 AS FLOAT)) as sum_column03, avg(CAST(column03 AS FLOAT)) as avg_column03 FROM query_table WHERE CAST(column05 AS FLOAT) > CAST(-73.992615 AS FLOAT) AND CAST(column05 AS FLOAT) < CAST(-73.98637 AS FLOAT) AND CAST(column06 AS FLOAT) > CAST(40.750935 AS FLOAT) AND CAST(column06 AS FLOAT) < CAST(40.754063 AS FLOAT) AND column12 >= 0.0 AND column12 <= 400.0 AND column04 <= 1000.0;",0.1,"{null={12=Stats{sum=11585985.386237223, avg=10.912551124759378}, 17=Stats{sum=13913433.640048001, avg=13.104716677644708}, 4=Stats{sum=2391117.11942375, avg=2.252133671944266}, 3=Stats{sum=1804989.561586639, avg=1.7000747207802422}}}","{12=11585985.386237223, 17=13913433.640048001, 4=2391117.11942375, 3=1804989.561586639}"
/data-nonraid/maroulis/data/taxi_data/yellow_tripdata_2014_cleaned.csv,60,0.6733157634735107,"SELECT sum(CAST(column12 AS FLOAT)) as sum_column12, avg(CAST(column12 AS FLOAT)) as avg_column12, sum(CAST(column17 AS FLOAT)) as sum_column17, avg(CAST(column17 AS FLOAT)) as avg_column17, sum(CAST(column04 AS FLOAT)) as sum_column04, avg(CAST(column04 AS FLOAT)) as avg_column04, sum(CAST(column03 AS FLOAT)) as sum_column03, avg(CAST(column03 AS FLOAT)) as avg_column03 FROM query_table WHERE CAST(column05 AS FLOAT) > CAST(-73.993805 AS FLOAT) AND CAST(column05 AS FLOAT) < CAST(-73.98756 AS FLOAT) AND CAST(column06 AS FLOAT) > CAST(40.750935 AS FLOAT) AND CAST(column06 AS FLOAT) < CAST(40.754063 AS FLOAT) AND column12 >= 0.0 AND column12 <= 400.0 AND column04 <= 1000.0;",0.1,"{null={12=Stats{sum=14231759.507773649, avg=11.072889542530845}, 17=Stats{sum=17029549.705891535, avg=13.249684464480811}, 4=Stats{sum=2956944.7431407073, avg=2.3006236513679177}, 3=Stats{sum=2180827.74049217, avg=1.6967729582956206}}}","{12=14231759.507773649, 17=17029549.705891535, 4=2956944.7431407073, 3=2180827.74049217}"
/data-nonraid/maroulis/data/taxi_data/yellow_tripdata_2014_cleaned.csv,61,0.5365810394287109,"SELECT sum(CAST(column12 AS FLOAT)) as sum_column12, avg(CAST(column12 AS FLOAT)) as avg_column12, sum(CAST(column17 AS FLOAT)) as sum_column17, avg(CAST(column17 AS FLOAT)) as avg_column17, sum(CAST(column04 AS FLOAT)) as sum_column04, avg(CAST(column04 AS FLOAT)) as avg_column04, sum(CAST(column03 AS FLOAT)) as sum_column03, avg(CAST(column03 AS FLOAT)) as avg_column03 FROM query_table WHERE CAST(column05 AS FLOAT) > CAST(-73.993805 AS FLOAT) AND CAST(column05 AS FLOAT) < CAST(-73.98756 AS FLOAT) AND CAST(column06 AS FLOAT) > CAST(40.75031 AS FLOAT) AND CAST(column06 AS FLOAT) < CAST(40.753437 AS FLOAT) AND column12 >= 0.0 AND column12 <= 400.0 AND column04 <= 1000.0;",0.1,"{null={12=Stats{sum=17314189.63414867, avg=11.111869374659081}, 17=Stats{sum=20630781.445023492, avg=13.24038568123915}, 4=Stats{sum=3559413.7188875712, avg=2.2843541124581734}, 3=Stats{sum=2646219.5121951224, avg=1.6982859826250294}}}","{12=17314189.63414867, 17=20630781.445023492, 4=3559413.7188875712, 3=2646219.5121951224}"
/data-nonraid/maroulis/data/taxi_data/yellow_tripdata_2014_cleaned.csv,62,0.8606748580932617,"SELECT sum(CAST(column12 AS FLOAT)) as sum_column12, avg(CAST(column12 AS FLOAT)) as avg_column12, sum(CAST(column17 AS FLOAT)) as sum_column17, avg(CAST(column17 AS FLOAT)) as avg_column17, sum(CAST(column04 AS FLOAT)) as sum_column04, avg(CAST(column04 AS FLOAT)) as avg_column04, sum(CAST(column03 AS FLOAT)) as sum_column03, avg(CAST(column03 AS FLOAT)) as avg_column03 FROM query_table WHERE CAST(column05 AS FLOAT) > CAST(-73.99312 AS FLOAT) AND CAST(column05 AS FLOAT) < CAST(-73.98687 AS FLOAT) AND CAST(column06 AS FLOAT) > CAST(40.75031 AS FLOAT) AND CAST(column06 AS FLOAT) < CAST(40.753437 AS FLOAT) AND column12 >= 0.0 AND column12 <= 400.0 AND column04 <= 1000.0;",0.1,"{null={12=Stats{sum=16766219.999932896, avg=10.96888437877639}, 17=Stats{sum=19956940.185278874, avg=13.056334072161548}, 4=Stats{sum=3444514.452143036, avg=2.25348830963285}, 3=Stats{sum=2630014.5985401464, avg=1.7206219437652812}}}","{12=16766219.999932896, 17=19956940.185278874, 4=3444514.452143036, 3=2630014.5985401464}"
/data-nonraid/maroulis/data/taxi_data/yellow_tripdata_2014_cleaned.csv,63,0.4408285617828369,"SELECT sum(CAST(column12 AS FLOAT)) as sum_column12, avg(CAST(column12 AS FLOAT)) as avg_column12, sum(CAST(column17 AS FLOAT)) as sum_column17, avg(CAST(column17 AS FLOAT)) as avg_column17, sum(CAST(column04 AS FLOAT)) as sum_column04, avg(CAST(column04 AS FLOAT)) as avg_column04, sum(CAST(column03 AS FLOAT)) as sum_column03, avg(CAST(column03 AS FLOAT)) as avg_column03 FROM query_table WHERE CAST(column05 AS FLOAT) > CAST(-73.993744 AS FLOAT) AND CAST(column05 AS FLOAT) < CAST(-73.987495 AS FLOAT) AND CAST(column06 AS FLOAT) > CAST(40.749996 AS FLOAT) AND CAST(column06 AS FLOAT) < CAST(40.753124 AS FLOAT) AND column12 >= 0.0 AND column12 <= 400.0 AND column04 <= 1000.0;",0.1,"{null={12=Stats{sum=23142566.776369747, avg=11.255283888230764}, 17=Stats{sum=27404265.842124034, avg=13.32794217608541}, 4=Stats{sum=4747491.117763995, avg=2.3089210805193887}, 3=Stats{sum=3451677.6315789474, avg=1.678707984705713}}}","{12=23142566.776369747, 17=27404265.842124034, 4=4747491.117763995, 3=3451677.6315789474}"
/data-nonraid/maroulis/data/taxi_data/yellow_tripdata_2014_cleaned.csv,64,0.7649497985839844,"SELECT sum(CAST(column12 AS FLOAT)) as sum_column12, avg(CAST(column12 AS FLOAT)) as avg_column12, sum(CAST(column17 AS FLOAT)) as sum_column17, avg(CAST(column17 AS FLOAT)) as avg_column17, sum(CAST(column04 AS FLOAT)) as sum_column04, avg(CAST(column04 AS FLOAT)) as avg_column04, sum(CAST(column03 AS FLOAT)) as sum_column03, avg(CAST(column03 AS FLOAT)) as avg_column03 FROM query_table WHERE CAST(column05 AS FLOAT) > CAST(-73.992935 AS FLOAT) AND CAST(column05 AS FLOAT) < CAST(-73.98669 AS FLOAT) AND CAST(column06 AS FLOAT) > CAST(40.749996 AS FLOAT) AND CAST(column06 AS FLOAT) < CAST(40.753124 AS FLOAT) AND column12 >= 0.0 AND column12 <= 400.0 AND column04 <= 1000.0;",0.1,"{null={12=Stats{sum=22186727.050147414, avg=11.076349059871578}, 17=Stats{sum=26320929.18411171, avg=13.140279707071308}, 4=Stats{sum=4552705.629933033, avg=2.2728614549592043}, 3=Stats{sum=3378164.0146878827, avg=1.6864913749381305}}}","{12=22186727.050147414, 17=26320929.18411171, 4=4552705.629933033, 3=3378164.0146878827}"
/data-nonraid/maroulis/data/taxi_data/yellow_tripdata_2014_cleaned.csv,65,0.4689333438873291,"SELECT sum(CAST(column12 AS FLOAT)) as sum_column12, avg(CAST(column12 AS FLOAT)) as avg_column12, sum(CAST(column17 AS FLOAT)) as sum_column17, avg(CAST(column17 AS FLOAT)) as avg_column17, sum(CAST(column04 AS FLOAT)) as sum_column04, avg(CAST(column04 AS FLOAT)) as avg_column04, sum(CAST(column03 AS FLOAT)) as sum_column03, avg(CAST(column03 AS FLOAT)) as avg_column03 FROM query_table WHERE CAST(column05 AS FLOAT) > CAST(-73.993935 AS FLOAT) AND CAST(column05 AS FLOAT) < CAST(-73.987686 AS FLOAT) AND CAST(column06 AS FLOAT) > CAST(40.749996 AS FLOAT) AND CAST(column06 AS FLOAT) < CAST(40.753124 AS FLOAT) AND column12 >= 0.0 AND column12 <= 400.0 AND column04 <= 1000.0;",0.1,"{null={12=Stats{sum=23184084.735302914, avg=11.200209493471743}, 17=Stats{sum=27461091.014848694, avg=13.266427197673945}, 4=Stats{sum=4752799.065581225, avg=2.2960727508827814}, 3=Stats{sum=3507133.9563862933, avg=1.6942931101947447}}}","{12=23184084.735302914, 17=27461091.014848694, 4=4752799.065581225, 3=3507133.9563862933}"
/data-nonraid/maroulis/data/taxi_data/yellow_tripdata_2014_cleaned.csv,66,0.5723800659179688,"SELECT sum(CAST(column12 AS FLOAT)) as sum_column12, avg(CAST(column12 AS FLOAT)) as avg_column12, sum(CAST(column17 AS FLOAT)) as sum_column17, avg(CAST(column17 AS FLOAT)) as avg_column17, sum(CAST(column04 AS FLOAT)) as sum_column04, avg(CAST(column04 AS FLOAT)) as avg_column04, sum(CAST(column03 AS FLOAT)) as sum_column03, avg(CAST(column03 AS FLOAT)) as avg_column03 FROM query_table WHERE CAST(column05 AS FLOAT) > CAST(-73.992744 AS FLOAT) AND CAST(column05 AS FLOAT) < CAST(-73.986496 AS FLOAT) AND CAST(column06 AS FLOAT) > CAST(40.75059 AS FLOAT) AND CAST(column06 AS FLOAT) < CAST(40.75372 AS FLOAT) AND column12 >= 0.0 AND column12 <= 400.0 AND column04 <= 1000.0;",0.1,"{null={12=Stats{sum=13643679.49273067, avg=10.926586299247584}, 17=Stats{sum=16306756.481902543, avg=13.059320402187367}, 4=Stats{sum=2832665.3267960623, avg=2.2685494896456904}, 3=Stats{sum=2160105.708245243, avg=1.7299278724052691}}}","{12=13643679.49273067, 17=16306756.481902543, 4=2832665.3267960623, 3=2160105.708245243}"
/data-nonraid/maroulis/data/taxi_data/yellow_tripdata_2014_cleaned.csv,67,0.7524302005767822,"SELECT sum(CAST(column12 AS FLOAT)) as sum_column12, avg(CAST(column12 AS FLOAT)) as avg_column12, sum(CAST(column17 AS FLOAT)) as sum_column17, avg(CAST(column17 AS FLOAT)) as avg_column17, sum(CAST(column04 AS FLOAT)) as sum_column04, avg(CAST(column04 AS FLOAT)) as avg_column04, sum(CAST(column03 AS FLOAT)) as sum_column03, avg(CAST(column03 AS FLOAT)) as avg_column03 FROM query_table WHERE CAST(column05 AS FLOAT) > CAST(-73.992744 AS FLOAT) AND CAST(column05 AS FLOAT) < CAST(-73.986496 AS FLOAT) AND CAST(column06 AS FLOAT) > CAST(40.750248 AS FLOAT) AND CAST(column06 AS FLOAT) < CAST(40.753376 AS FLOAT) AND column12 >= 0.0 AND column12 <= 400.0 AND column04 <= 1000.0;",0.1,"{null={12=Stats{sum=17142662.46061596, avg=11.006469122830817}, 17=Stats{sum=20417846.412952013, avg=13.10930531445484}, 4=Stats{sum=3551958.043988565, avg=2.2805393635071294}, 3=Stats{sum=2647618.2965299687, avg=1.6999068316691308}}}","{12=17142662.46061596, 17=20417846.412952013, 4=3551958.043988565, 3=2647618.2965299687}"
/data-nonraid/maroulis/data/taxi_data/yellow_tripdata_2014_cleaned.csv,68,0.49111390113830566,"SELECT sum(CAST(column12 AS FLOAT)) as sum_column12, avg(CAST(column12 AS FLOAT)) as avg_column12, sum(CAST(column17 AS FLOAT)) as sum_column17, avg(CAST(column17 AS FLOAT)) as avg_column17, sum(CAST(column04 AS FLOAT)) as sum_column04, avg(CAST(column04 AS FLOAT)) as avg_column04, sum(CAST(column03 AS FLOAT)) as sum_column03, avg(CAST(column03 AS FLOAT)) as avg_column03 FROM query_table WHERE CAST(column05 AS FLOAT) > CAST(-73.991684 AS FLOAT) AND CAST(column05 AS FLOAT) < CAST(-73.985435 AS FLOAT) AND CAST(column06 AS FLOAT) > CAST(40.75078 AS FLOAT) AND CAST(column06 AS FLOAT) < CAST(40.753906 AS FLOAT) AND column12 >= 0.0 AND column12 <= 400.0 AND column04 <= 1000.0;",0.1,"{null={12=Stats{sum=13575324.921141664, avg=10.950628530718884}, 17=Stats{sum=16355730.323475618, avg=13.19346153122747}, 4=Stats{sum=2855035.331263927, avg=2.3030337422023126}, 3=Stats{sum=2115835.9621451106, avg=1.7067535243523844}}}","{12=13575324.921141664, 17=16355730.323475618, 4=2855035.331263927, 3=2115835.9621451106}"
/data-nonraid/maroulis/data/taxi_data/yellow_tripdata_2014_cleaned.csv,69,0.48009252548217773,"SELECT sum(CAST(column12 AS FLOAT)) as sum_column12, avg(CAST(column12 AS FLOAT)) as avg_column12, sum(CAST(column17 AS FLOAT)) as sum_column17, avg(CAST(column17 AS FLOAT)) as avg_column17, sum(CAST(column04 AS FLOAT)) as sum_column04, avg(CAST(column04 AS FLOAT)) as avg_column04, sum(CAST(column03 AS FLOAT)) as sum_column03, avg(CAST(column03 AS FLOAT)) as avg_column03 FROM query_table WHERE CAST(column05 AS FLOAT) > CAST(-73.994804 AS FLOAT) AND CAST(column05 AS FLOAT) < CAST(-73.98231 AS FLOAT) AND CAST(column06 AS FLOAT) > CAST(40.749214 AS FLOAT) AND CAST(column06 AS FLOAT) < CAST(40.75547 AS FLOAT) AND column12 >= 0.0 AND column12 <= 400.0 AND column04 <= 1000.0;",0.1,"{null={12=Stats{sum=83157149.70618837, avg=11.490929038855535}, 17=Stats{sum=99328099.0452626, avg=13.725484119239704}, 4=Stats{sum=17322669.704731006, avg=2.393703596670816}, 3=Stats{sum=12192000.0, avg=1.6847307457833773}}}","{12=83157149.70618837, 17=99328099.0452626, 4=17322669.704731006, 3=12192000.0}"
/data-nonraid/maroulis/data/taxi_data/yellow_tripdata_2014_cleaned.csv,70,0.5102150440216064,"SELECT sum(CAST(column12 AS FLOAT)) as sum_column12, avg(CAST(column12 AS FLOAT)) as avg_column12, sum(CAST(column17 AS FLOAT)) as sum_column17, avg(CAST(column17 AS FLOAT)) as avg_column17, sum(CAST(column04 AS FLOAT)) as sum_column04, avg(CAST(column04 AS FLOAT)) as avg_column04, sum(CAST(column03 AS FLOAT)) as sum_column03, avg(CAST(column03 AS FLOAT)) as avg_column03 FROM query_table WHERE CAST(column05 AS FLOAT) > CAST(-74.00105 AS FLOAT) AND CAST(column05 AS FLOAT) < CAST(-73.97606 AS FLOAT) AND CAST(column06 AS FLOAT) > CAST(40.746086 AS FLOAT) AND CAST(column06 AS FLOAT) < CAST(40.7586 AS FLOAT) AND column12 >= 0.0 AND column12 <= 400.0 AND column04 <= 1000.0;",0.1,"{null={12=Stats{sum=254934865.36023694, avg=11.35274821839177}, 17=Stats{sum=306035831.4875609, avg=13.628374195797061}, 4=Stats{sum=54150261.431689456, avg=2.4114170618655066}, 3=Stats{sum=37796045.75163399, avg=1.6831318480616229}}}","{12=254934865.36023694, 17=306035831.4875609, 4=54150261.431689456, 3=37796045.75163399}"
/data-nonraid/maroulis/data/taxi_data/yellow_tripdata_2014_cleaned.csv,71,0.4274570941925049,"SELECT sum(CAST(column12 AS FLOAT)) as sum_column12, avg(CAST(column12 AS FLOAT)) as avg_column12, sum(CAST(column17 AS FLOAT)) as sum_column17, avg(CAST(column17 AS FLOAT)) as avg_column17, sum(CAST(column04 AS FLOAT)) as sum_column04, avg(CAST(column04 AS FLOAT)) as avg_column04, sum(CAST(column03 AS FLOAT)) as sum_column03, avg(CAST(column03 AS FLOAT)) as avg_column03 FROM query_table WHERE CAST(column05 AS FLOAT) > CAST(-74.01355 AS FLOAT) AND CAST(column05 AS FLOAT) < CAST(-73.96356 AS FLOAT) AND CAST(column06 AS FLOAT) > CAST(40.73983 AS FLOAT) AND CAST(column06 AS FLOAT) < CAST(40.764854 AS FLOAT) AND column12 >= 0.0 AND column12 <= 400.0 AND column04 <= 1000.0;",0.1,"{null={12=Stats{sum=726200058.2050345, avg=11.376866562948155}, 17=Stats{sum=878312085.7102703, avg=13.759898924339076}, 4=Stats{sum=156571718.3324557, avg=2.4528992071450966}, 3=Stats{sum=108591406.25, avg=1.701225337054895}}}","{12=726200058.2050345, 17=878312085.7102703, 4=156571718.3324557, 3=108591406.25}"
/data-nonraid/maroulis/data/taxi_data/yellow_tripdata_2014_cleaned.csv,72,0.8058805465698242,"SELECT sum(CAST(column12 AS FLOAT)) as sum_column12, avg(CAST(column12 AS FLOAT)) as avg_column12, sum(CAST(column17 AS FLOAT)) as sum_column17, avg(CAST(column17 AS FLOAT)) as avg_column17, sum(CAST(column04 AS FLOAT)) as sum_column04, avg(CAST(column04 AS FLOAT)) as avg_column04, sum(CAST(column03 AS FLOAT)) as sum_column03, avg(CAST(column03 AS FLOAT)) as avg_column03 FROM query_table WHERE CAST(column05 AS FLOAT) > CAST(-74.01755 AS FLOAT) AND CAST(column05 AS FLOAT) < CAST(-73.96756 AS FLOAT) AND CAST(column06 AS FLOAT) > CAST(40.741833 AS FLOAT) AND CAST(column06 AS FLOAT) < CAST(40.766857 AS FLOAT) AND column12 >= 0.0 AND column12 <= 400.0 AND column04 <= 1000.0;",0.1,"{null={12=Stats{sum=709588100.3887603, avg=11.453065900489618}, 17=Stats{sum=858844592.5982825, avg=13.862131723908899}, 4=Stats{sum=152563547.7584839, avg=2.4624431632000463}, 3=Stats{sum=104688220.50290135, avg=1.6897141986566906}}}","{12=709588100.3887603, 17=858844592.5982825, 4=152563547.7584839, 3=104688220.50290135}"
/data-nonraid/maroulis/data/taxi_data/yellow_tripdata_2014_cleaned.csv,73,0.602534294128418,"SELECT sum(CAST(column12 AS FLOAT)) as sum_column12, avg(CAST(column12 AS FLOAT)) as avg_column12, sum(CAST(column17 AS FLOAT)) as sum_column17, avg(CAST(column17 AS FLOAT)) as avg_column17, sum(CAST(column04 AS FLOAT)) as sum_column04, avg(CAST(column04 AS FLOAT)) as avg_column04, sum(CAST(column03 AS FLOAT)) as sum_column03, avg(CAST(column03 AS FLOAT)) as avg_column03 FROM query_table WHERE CAST(column05 AS FLOAT) > CAST(-74.01305 AS FLOAT) AND CAST(column05 AS FLOAT) < CAST(-73.96306 AS FLOAT) AND CAST(column06 AS FLOAT) > CAST(40.744083 AS FLOAT) AND CAST(column06 AS FLOAT) < CAST(40.769108 AS FLOAT) AND column12 >= 0.0 AND column12 <= 400.0 AND column04 <= 1000.0;",0.1,"{null={12=Stats{sum=719831110.0023032, avg=11.355329876806042}, 17=Stats{sum=867810232.3242189, avg=13.689699321939093}, 4=Stats{sum=154301950.9792935, avg=2.434112015524067}, 3=Stats{sum=107696050.0, avg=1.6989043085052051}}}","{12=719831110.0023032, 17=867810232.3242189, 4=154301950.9792935, 3=107696050.0}"
/data-nonraid/maroulis/data/taxi_data/yellow_tripdata_2014_cleaned.csv,74,0.4069383144378662,"SELECT sum(CAST(column12 AS FLOAT)) as sum_column12, avg(CAST(column12 AS FLOAT)) as avg_column12, sum(CAST(column17 AS FLOAT)) as sum_column17, avg(CAST(column17 AS FLOAT)) as avg_column17, sum(CAST(column04 AS FLOAT)) as sum_column04, avg(CAST(column04 AS FLOAT)) as avg_column04, sum(CAST(column03 AS FLOAT)) as sum_column03, avg(CAST(column03 AS FLOAT)) as avg_column03 FROM query_table WHERE CAST(column05 AS FLOAT) > CAST(-74.01305 AS FLOAT) AND CAST(column05 AS FLOAT) < CAST(-73.96306 AS FLOAT) AND CAST(column06 AS FLOAT) > CAST(40.74158 AS FLOAT) AND CAST(column06 AS FLOAT) < CAST(40.766605 AS FLOAT) AND column12 >= 0.0 AND column12 <= 400.0 AND column04 <= 1000.0;",0.1,"{null={12=Stats{sum=719652263.8480297, avg=11.345544697729656}, 17=Stats{sum=869226867.8492124, avg=13.703635459880015}, 4=Stats{sum=154697995.35962352, avg=2.438862641266447}, 3=Stats{sum=107652500.0, avg=1.697175583165069}}}","{12=719652263.8480297, 17=869226867.8492124, 4=154697995.35962352, 3=107652500.0}"
/data-nonraid/maroulis/data/taxi_data/yellow_tripdata_2014_cleaned.csv,75,0.3883216381072998,"SELECT sum(CAST(column12 AS FLOAT)) as sum_column12, avg(CAST(column12 AS FLOAT)) as avg_column12, sum(CAST(column17 AS FLOAT)) as sum_column17, avg(CAST(column17 AS FLOAT)) as avg_column17, sum(CAST(column04 AS FLOAT)) as sum_column04, avg(CAST(column04 AS FLOAT)) as avg_column04, sum(CAST(column03 AS FLOAT)) as sum_column03, avg(CAST(column03 AS FLOAT)) as avg_column03 FROM query_table WHERE CAST(column05 AS FLOAT) > CAST(-74.007545 AS FLOAT) AND CAST(column05 AS FLOAT) < CAST(-73.95756 AS FLOAT) AND CAST(column06 AS FLOAT) > CAST(40.744335 AS FLOAT) AND CAST(column06 AS FLOAT) < CAST(40.76936 AS FLOAT) AND column12 >= 0.0 AND column12 <= 400.0 AND column04 <= 1000.0;",0.1,"{null={12=Stats{sum=718509240.1526823, avg=11.317502775898507}, 17=Stats{sum=865712301.658103, avg=13.636152229668008}, 4=Stats{sum=153841525.35391796, avg=2.4232143345455723}, 3=Stats{sum=107937727.27272727, avg=1.700166761632295}}}","{12=718509240.1526823, 17=865712301.658103, 4=153841525.35391796, 3=107937727.27272727}"
/data-nonraid/maroulis/data/taxi_data/yellow_tripdata_2014_cleaned.csv,76,0.37668895721435547,"SELECT sum(CAST(column12 AS FLOAT)) as sum_column12, avg(CAST(column12 AS FLOAT)) as avg_column12, sum(CAST(column17 AS FLOAT)) as sum_column17, avg(CAST(column17 AS FLOAT)) as avg_column17, sum(CAST(column04 AS FLOAT)) as sum_column04, avg(CAST(column04 AS FLOAT)) as avg_column04, sum(CAST(column03 AS FLOAT)) as sum_column03, avg(CAST(column03 AS FLOAT)) as avg_column03 FROM query_table WHERE CAST(column05 AS FLOAT) > CAST(-74.00255 AS FLOAT) AND CAST(column05 AS FLOAT) < CAST(-73.95256 AS FLOAT) AND CAST(column06 AS FLOAT) > CAST(40.741833 AS FLOAT) AND CAST(column06 AS FLOAT) < CAST(40.766857 AS FLOAT) AND column12 >= 0.0 AND column12 <= 400.0 AND column04 <= 1000.0;",0.1,"{null={12=Stats{sum=717552427.8034519, avg=11.331128774323897}, 17=Stats{sum=864552787.9610401, avg=13.652464395633896}, 4=Stats{sum=154340578.397712, avg=2.4372476507140246}, 3=Stats{sum=106394647.30290456, avg=1.6801161877166808}}}","{12=717552427.8034519, 17=864552787.9610401, 4=154340578.397712, 3=106394647.30290456}"
/data-nonraid/maroulis/data/taxi_data/yellow_tripdata_2014_cleaned.csv,77,0.48964786529541016,"SELECT sum(CAST(column12 AS FLOAT)) as sum_column12, avg(CAST(column12 AS FLOAT)) as avg_column12, sum(CAST(column17 AS FLOAT)) as sum_column17, avg(CAST(column17 AS FLOAT)) as avg_column17, sum(CAST(column04 AS FLOAT)) as sum_column04, avg(CAST(column04 AS FLOAT)) as avg_column04, sum(CAST(column03 AS FLOAT)) as sum_column03, avg(CAST(column03 AS FLOAT)) as avg_column03 FROM query_table WHERE CAST(column05 AS FLOAT) > CAST(-73.99855 AS FLOAT) AND CAST(column05 AS FLOAT) < CAST(-73.94856 AS FLOAT) AND CAST(column06 AS FLOAT) > CAST(40.741833 AS FLOAT) AND CAST(column06 AS FLOAT) < CAST(40.766857 AS FLOAT) AND column12 >= 0.0 AND column12 <= 400.0 AND column04 <= 1000.0;",0.1,"{null={12=Stats{sum=698127180.5111976, avg=11.348955988212994}, 17=Stats{sum=841632045.8256794, avg=13.681812301522466}, 4=Stats{sum=150378806.47786424, avg=2.444601075448182}, 3=Stats{sum=104757288.13559322, avg=1.7029645681820373}}}","{12=698127180.5111976, 17=841632045.8256794, 4=150378806.47786424, 3=104757288.13559322}"
/data-nonraid/maroulis/data/taxi_data/yellow_tripdata_2014_cleaned.csv,78,0.4072146415710449,"SELECT sum(CAST(column12 AS FLOAT)) as sum_column12, avg(CAST(column12 AS FLOAT)) as avg_column12, sum(CAST(column17 AS FLOAT)) as sum_column17, avg(CAST(column17 AS FLOAT)) as avg_column17, sum(CAST(column04 AS FLOAT)) as sum_column04, avg(CAST(column04 AS FLOAT)) as avg_column04, sum(CAST(column03 AS FLOAT)) as sum_column03, avg(CAST(column03 AS FLOAT)) as avg_column03 FROM query_table WHERE CAST(column05 AS FLOAT) > CAST(-73.99205 AS FLOAT) AND CAST(column05 AS FLOAT) < CAST(-73.94206 AS FLOAT) AND CAST(column06 AS FLOAT) > CAST(40.745087 AS FLOAT) AND CAST(column06 AS FLOAT) < CAST(40.77011 AS FLOAT) AND column12 >= 0.0 AND column12 <= 400.0 AND column04 <= 1000.0;",0.1,"{null={12=Stats{sum=643433907.9604677, avg=11.335512792022094}, 17=Stats{sum=774660306.7073278, avg=13.64735632908576}, 4=Stats{sum=138581328.00360304, avg=2.4414168990558807}, 3=Stats{sum=96044602.07612458, avg=1.69203829945728}}}","{12=643433907.9604677, 17=774660306.7073278, 4=138581328.00360304, 3=96044602.07612458}"
/data-nonraid/maroulis/data/taxi_data/yellow_tripdata_2014_cleaned.csv,79,0.6803238391876221,"SELECT sum(CAST(column12 AS FLOAT)) as sum_column12, avg(CAST(column12 AS FLOAT)) as avg_column12, sum(CAST(column17 AS FLOAT)) as sum_column17, avg(CAST(column17 AS FLOAT)) as avg_column17, sum(CAST(column04 AS FLOAT)) as sum_column04, avg(CAST(column04 AS FLOAT)) as avg_column04, sum(CAST(column03 AS FLOAT)) as sum_column03, avg(CAST(column03 AS FLOAT)) as avg_column03 FROM query_table WHERE CAST(column05 AS FLOAT) > CAST(-73.98805 AS FLOAT) AND CAST(column05 AS FLOAT) < CAST(-73.938065 AS FLOAT) AND CAST(column06 AS FLOAT) > CAST(40.74709 AS FLOAT) AND CAST(column06 AS FLOAT) < CAST(40.772114 AS FLOAT) AND column12 >= 0.0 AND column12 <= 400.0 AND column04 <= 1000.0;",0.1,"{null={12=Stats{sum=547978433.6061691, avg=11.321919178156882}, 17=Stats{sum=661196080.1663469, avg=13.66113722996934}, 4=Stats{sum=117710130.87763801, avg=2.4320383915048347}, 3=Stats{sum=82344498.64498645, avg=1.7013402375875724}}}","{12=547978433.6061691, 17=661196080.1663469, 4=117710130.87763801, 3=82344498.64498645}"
/data-nonraid/maroulis/data/taxi_data/yellow_tripdata_2014_cleaned.csv,80,0.4698829650878906,"SELECT sum(CAST(column12 AS FLOAT)) as sum_column12, avg(CAST(column12 AS FLOAT)) as avg_column12, sum(CAST(column17 AS FLOAT)) as sum_column17, avg(CAST(column17 AS FLOAT)) as avg_column17, sum(CAST(column04 AS FLOAT)) as sum_column04, avg(CAST(column04 AS FLOAT)) as avg_column04, sum(CAST(column03 AS FLOAT)) as sum_column03, avg(CAST(column03 AS FLOAT)) as avg_column03 FROM query_table WHERE CAST(column05 AS FLOAT) > CAST(-73.98155 AS FLOAT) AND CAST(column05 AS FLOAT) < CAST(-73.931564 AS FLOAT) AND CAST(column06 AS FLOAT) > CAST(40.74709 AS FLOAT) AND CAST(column06 AS FLOAT) < CAST(40.772114 AS FLOAT) AND column12 >= 0.0 AND column12 <= 400.0 AND column04 <= 1000.0;",0.1,"{null={12=Stats{sum=393829083.8914367, avg=11.115361530870569}, 17=Stats{sum=475165261.22662073, avg=13.41097923306341}, 4=Stats{sum=84332017.3130728, avg=2.3801717531883435}, 3=Stats{sum=59901367.78115502, avg=1.690645476210493}}}","{12=393829083.8914367, 17=475165261.22662073, 4=84332017.3130728, 3=59901367.78115502}"
/data-nonraid/maroulis/data/taxi_data/yellow_tripdata_2014_cleaned.csv,81,0.4610586166381836,"SELECT sum(CAST(column12 AS FLOAT)) as sum_column12, avg(CAST(column12 AS FLOAT)) as avg_column12, sum(CAST(column17 AS FLOAT)) as sum_column17, avg(CAST(column17 AS FLOAT)) as avg_column17, sum(CAST(column04 AS FLOAT)) as sum_column04, avg(CAST(column04 AS FLOAT)) as avg_column04, sum(CAST(column03 AS FLOAT)) as sum_column03, avg(CAST(column03 AS FLOAT)) as avg_column03 FROM query_table WHERE CAST(column05 AS FLOAT) > CAST(-73.98155 AS FLOAT) AND CAST(column05 AS FLOAT) < CAST(-73.931564 AS FLOAT) AND CAST(column06 AS FLOAT) > CAST(40.744587 AS FLOAT) AND CAST(column06 AS FLOAT) < CAST(40.76961 AS FLOAT) AND column12 >= 0.0 AND column12 <= 400.0 AND column04 <= 1000.0;",0.1,"{null={12=Stats{sum=384898370.09749615, avg=11.18340764750761}, 17=Stats{sum=465266605.2494402, avg=13.51854545385185}, 4=Stats{sum=82487785.51937953, avg=2.3967223638014503}, 3=Stats{sum=57729324.758842446, avg=1.6773533538995073}}}","{12=384898370.09749615, 17=465266605.2494402, 4=82487785.51937953, 3=57729324.758842446}"
/data-nonraid/maroulis/data/taxi_data/yellow_tripdata_2014_cleaned.csv,82,0.45313143730163574,"SELECT sum(CAST(column12 AS FLOAT)) as sum_column12, avg(CAST(column12 AS FLOAT)) as avg_column12, sum(CAST(column17 AS FLOAT)) as sum_column17, avg(CAST(column17 AS FLOAT)) as avg_column17, sum(CAST(column04 AS FLOAT)) as sum_column04, avg(CAST(column04 AS FLOAT)) as avg_column04, sum(CAST(column03 AS FLOAT)) as sum_column03, avg(CAST(column03 AS FLOAT)) as avg_column03 FROM query_table WHERE CAST(column05 AS FLOAT) > CAST(-73.98855 AS FLOAT) AND CAST(column05 AS FLOAT) < CAST(-73.93856 AS FLOAT) AND CAST(column06 AS FLOAT) > CAST(40.741085 AS FLOAT) AND CAST(column06 AS FLOAT) < CAST(40.76611 AS FLOAT) AND column12 >= 0.0 AND column12 <= 400.0 AND column04 <= 1000.0;",0.1,"{null={12=Stats{sum=506342069.82495546, avg=11.373051979133338}, 17=Stats{sum=613077442.9748541, avg=13.770456854587678}, 4=Stats{sum=109531407.37916383, avg=2.4602071676594144}, 3=Stats{sum=74887337.27810651, avg=1.6820596790174487}}}","{12=506342069.82495546, 17=613077442.9748541, 4=109531407.37916383, 3=74887337.27810651}"
/data-nonraid/maroulis/data/taxi_data/yellow_tripdata_2014_cleaned.csv,83,0.4594991207122803,"SELECT sum(CAST(column12 AS FLOAT)) as sum_column12, avg(CAST(column12 AS FLOAT)) as avg_column12, sum(CAST(column17 AS FLOAT)) as sum_column17, avg(CAST(column17 AS FLOAT)) as avg_column17, sum(CAST(column04 AS FLOAT)) as sum_column04, avg(CAST(column04 AS FLOAT)) as avg_column04, sum(CAST(column03 AS FLOAT)) as sum_column03, avg(CAST(column03 AS FLOAT)) as avg_column03 FROM query_table WHERE CAST(column05 AS FLOAT) > CAST(-73.98355 AS FLOAT) AND CAST(column05 AS FLOAT) < CAST(-73.93356 AS FLOAT) AND CAST(column06 AS FLOAT) > CAST(40.738583 AS FLOAT) AND CAST(column06 AS FLOAT) < CAST(40.763607 AS FLOAT) AND column12 >= 0.0 AND column12 <= 400.0 AND column04 <= 1000.0;",0.1,"{null={12=Stats{sum=359821836.9058839, avg=11.304128124561906}, 17=Stats{sum=436401376.98541087, avg=13.709943569846908}, 4=Stats{sum=77601060.40240361, avg=2.4379074292261036}, 3=Stats{sum=53869970.23809524, avg=1.6923737894124664}}}","{12=359821836.9058839, 17=436401376.98541087, 4=77601060.40240361, 3=53869970.23809524}"
/data-nonraid/maroulis/data/taxi_data/yellow_tripdata_2014_cleaned.csv,84,0.5033035278320312,"SELECT sum(CAST(column12 AS FLOAT)) as sum_column12, avg(CAST(column12 AS FLOAT)) as avg_column12, sum(CAST(column17 AS FLOAT)) as sum_column17, avg(CAST(column17 AS FLOAT)) as avg_column17, sum(CAST(column04 AS FLOAT)) as sum_column04, avg(CAST(column04 AS FLOAT)) as avg_column04, sum(CAST(column03 AS FLOAT)) as sum_column03, avg(CAST(column03 AS FLOAT)) as avg_column03 FROM query_table WHERE CAST(column05 AS FLOAT) > CAST(-73.98955 AS FLOAT) AND CAST(column05 AS FLOAT) < CAST(-73.93956 AS FLOAT) AND CAST(column06 AS FLOAT) > CAST(40.741585 AS FLOAT) AND CAST(column06 AS FLOAT) < CAST(40.76661 AS FLOAT) AND column12 >= 0.0 AND column12 <= 400.0 AND column04 <= 1000.0;",0.1,"{null={12=Stats{sum=565092877.5530692, avg=11.353871024494516}, 17=Stats{sum=683310802.759711, avg=13.729110792851882}, 4=Stats{sum=122105244.62259199, avg=2.453343961549161}, 3=Stats{sum=84644617.34693877, avg=1.7006833857759605}}}","{12=565092877.5530692, 17=683310802.759711, 4=122105244.62259199, 3=84644617.34693877}"
/data-nonraid/maroulis/data/taxi_data/yellow_tripdata_2014_cleaned.csv,85,0.3852863311767578,"SELECT sum(CAST(column12 AS FLOAT)) as sum_column12, avg(CAST(column12 AS FLOAT)) as avg_column12, sum(CAST(column17 AS FLOAT)) as sum_column17, avg(CAST(column17 AS FLOAT)) as avg_column17, sum(CAST(column04 AS FLOAT)) as sum_column04, avg(CAST(column04 AS FLOAT)) as avg_column04, sum(CAST(column03 AS FLOAT)) as sum_column03, avg(CAST(column03 AS FLOAT)) as avg_column03 FROM query_table WHERE CAST(column05 AS FLOAT) > CAST(-73.996544 AS FLOAT) AND CAST(column05 AS FLOAT) < CAST(-73.946556 AS FLOAT) AND CAST(column06 AS FLOAT) > CAST(40.738083 AS FLOAT) AND CAST(column06 AS FLOAT) < CAST(40.763107 AS FLOAT) AND column12 >= 0.0 AND column12 <= 400.0 AND column04 <= 1000.0;",0.1,"{null={12=Stats{sum=622893644.8105828, avg=11.300828605254242}, 17=Stats{sum=752094454.3405569, avg=13.644850279455678}, 4=Stats{sum=133694886.33457398, avg=2.4255553230526377}, 3=Stats{sum=93782295.0819672, avg=1.7014423758504902}}}","{12=622893644.8105828, 17=752094454.3405569, 4=133694886.33457398, 3=93782295.0819672}"
/data-nonraid/maroulis/data/taxi_data/yellow_tripdata_2014_cleaned.csv,86,0.6599807739257812,"SELECT sum(CAST(column12 AS FLOAT)) as sum_column12, avg(CAST(column12 AS FLOAT)) as avg_column12, sum(CAST(column17 AS FLOAT)) as sum_column17, avg(CAST(column17 AS FLOAT)) as avg_column17, sum(CAST(column04 AS FLOAT)) as sum_column04, avg(CAST(column04 AS FLOAT)) as avg_column04, sum(CAST(column03 AS FLOAT)) as sum_column03, avg(CAST(column03 AS FLOAT)) as avg_column03 FROM query_table WHERE CAST(column05 AS FLOAT) > CAST(-74.00404 AS FLOAT) AND CAST(column05 AS FLOAT) < CAST(-73.954056 AS FLOAT) AND CAST(column06 AS FLOAT) > CAST(40.738083 AS FLOAT) AND CAST(column06 AS FLOAT) < CAST(40.763107 AS FLOAT) AND column12 >= 0.0 AND column12 <= 400.0 AND column04 <= 1000.0;",0.1,"{null={12=Stats{sum=702803694.6752964, avg=11.301910850070445}, 17=Stats{sum=849607511.8128213, avg=13.662689067812888}, 4=Stats{sum=150882836.57241172, avg=2.426373652652748}, 3=Stats{sum=105230292.09621993, avg=1.6922269888575678}}}","{12=702803694.6752964, 17=849607511.8128213, 4=150882836.57241172, 3=105230292.09621993}"
/data-nonraid/maroulis/data/taxi_data/yellow_tripdata_2014_cleaned.csv,87,0.610647439956665,"SELECT sum(CAST(column12 AS FLOAT)) as sum_column12, avg(CAST(column12 AS FLOAT)) as avg_column12, sum(CAST(column17 AS FLOAT)) as sum_column17, avg(CAST(column17 AS FLOAT)) as avg_column17, sum(CAST(column04 AS FLOAT)) as sum_column04, avg(CAST(column04 AS FLOAT)) as avg_column04, sum(CAST(column03 AS FLOAT)) as sum_column03, avg(CAST(column03 AS FLOAT)) as avg_column03 FROM query_table WHERE CAST(column05 AS FLOAT) > CAST(-74.01154 AS FLOAT) AND CAST(column05 AS FLOAT) < CAST(-73.961555 AS FLOAT) AND CAST(column06 AS FLOAT) > CAST(40.741837 AS FLOAT) AND CAST(column06 AS FLOAT) < CAST(40.76686 AS FLOAT) AND column12 >= 0.0 AND column12 <= 400.0 AND column04 <= 1000.0;",0.1,"{null={12=Stats{sum=747378105.1989111, avg=11.33130998099232}, 17=Stats{sum=901932425.8313559, avg=13.674572251863646}, 4=Stats{sum=160723920.76520932, avg=2.4368021418908548}, 3=Stats{sum=111529542.61954263, avg=1.690945735055998}}}","{12=747378105.1989111, 17=901932425.8313559, 4=160723920.76520932, 3=111529542.61954263}"
/data-nonraid/maroulis/data/taxi_data/yellow_tripdata_2014_cleaned.csv,88,0.37059450149536133,"SELECT sum(CAST(column12 AS FLOAT)) as sum_column12, avg(CAST(column12 AS FLOAT)) as avg_column12, sum(CAST(column17 AS FLOAT)) as sum_column17, avg(CAST(column17 AS FLOAT)) as avg_column17, sum(CAST(column04 AS FLOAT)) as sum_column04, avg(CAST(column04 AS FLOAT)) as avg_column04, sum(CAST(column03 AS FLOAT)) as sum_column03, avg(CAST(column03 AS FLOAT)) as avg_column03 FROM query_table WHERE CAST(column05 AS FLOAT) > CAST(-74.01154 AS FLOAT) AND CAST(column05 AS FLOAT) < CAST(-73.961555 AS FLOAT) AND CAST(column06 AS FLOAT) > CAST(40.738583 AS FLOAT) AND CAST(column06 AS FLOAT) < CAST(40.763607 AS FLOAT) AND column12 >= 0.0 AND column12 <= 400.0 AND column04 <= 1000.0;",0.1,"{null={12=Stats{sum=741291806.7649713, avg=11.313994198786743}, 17=Stats{sum=895733639.7711091, avg=13.671168508195288}, 4=Stats{sum=159184021.7229227, avg=2.4295521438073915}, 3=Stats{sum=110733719.80676329, avg=1.6900775808803903}}}","{12=741291806.7649713, 17=895733639.7711091, 4=159184021.7229227, 3=110733719.80676329}"
/data-nonraid/maroulis/data/taxi_data/yellow_tripdata_2014_cleaned.csv,89,0.7913897037506104,"SELECT sum(CAST(column12 AS FLOAT)) as sum_column12, avg(CAST(column12 AS FLOAT)) as avg_column12, sum(CAST(column17 AS FLOAT)) as sum_column17, avg(CAST(column17 AS FLOAT)) as avg_column17, sum(CAST(column04 AS FLOAT)) as sum_column04, avg(CAST(column04 AS FLOAT)) as avg_column04, sum(CAST(column03 AS FLOAT)) as sum_column03, avg(CAST(column03 AS FLOAT)) as avg_column03 FROM query_table WHERE CAST(column05 AS FLOAT) > CAST(-74.00455 AS FLOAT) AND CAST(column05 AS FLOAT) < CAST(-73.95456 AS FLOAT) AND CAST(column06 AS FLOAT) > CAST(40.738583 AS FLOAT) AND CAST(column06 AS FLOAT) < CAST(40.763607 AS FLOAT) AND column12 >= 0.0 AND column12 <= 400.0 AND column04 <= 1000.0;",0.1,"{null={12=Stats{sum=708905038.2684149, avg=11.306430071962017}, 17=Stats{sum=857670766.2716728, avg=13.679116412126653}, 4=Stats{sum=152271016.04597828, avg=2.428592691506008}, 3=Stats{sum=105814080.33826639, avg=1.687644233557543}}}","{12=708905038.2684149, 17=857670766.2716728, 4=152271016.04597828, 3=105814080.33826639}"
/data-nonraid/maroulis/data/taxi_data/yellow_tripdata_2014_cleaned.csv,90,0.3271768093109131,"SELECT sum(CAST(column12 AS FLOAT)) as sum_column12, avg(CAST(column12 AS FLOAT)) as avg_column12, sum(CAST(column17 AS FLOAT)) as sum_column17, avg(CAST(column17 AS FLOAT)) as avg_column17, sum(CAST(column04 AS FLOAT)) as sum_column04, avg(CAST(column04 AS FLOAT)) as avg_column04, sum(CAST(column03 AS FLOAT)) as sum_column03, avg(CAST(column03 AS FLOAT)) as avg_column03 FROM query_table WHERE CAST(column05 AS FLOAT) > CAST(-74.00455 AS FLOAT) AND CAST(column05 AS FLOAT) < CAST(-73.95456 AS FLOAT) AND CAST(column06 AS FLOAT) > CAST(40.741585 AS FLOAT) AND CAST(column06 AS FLOAT) < CAST(40.76661 AS FLOAT) AND column12 >= 0.0 AND column12 <= 400.0 AND column04 <= 1000.0;",0.1,"{null={12=Stats{sum=741012946.1552302, avg=11.341936961319007}, 17=Stats{sum=894942102.077692, avg=13.697975127777541}, 4=Stats{sum=159475008.6940607, avg=2.440922935150626}, 3=Stats{sum=110088256.41025642, avg=1.6850097840599492}}}","{12=741012946.1552302, 17=894942102.077692, 4=159475008.6940607, 3=110088256.41025642}"
/data-nonraid/maroulis/data/taxi_data/yellow_tripdata_2014_cleaned.csv,91,0.5162723064422607,"SELECT sum(CAST(column12 AS FLOAT)) as sum_column12, avg(CAST(column12 AS FLOAT)) as avg_column12, sum(CAST(column17 AS FLOAT)) as sum_column17, avg(CAST(column17 AS FLOAT)) as avg_column17, sum(CAST(column04 AS FLOAT)) as sum_column04, avg(CAST(column04 AS FLOAT)) as avg_column04, sum(CAST(column03 AS FLOAT)) as sum_column03, avg(CAST(column03 AS FLOAT)) as avg_column03 FROM query_table WHERE CAST(column05 AS FLOAT) > CAST(-73.99855 AS FLOAT) AND CAST(column05 AS FLOAT) < CAST(-73.94856 AS FLOAT) AND CAST(column06 AS FLOAT) > CAST(40.744587 AS FLOAT) AND CAST(column06 AS FLOAT) < CAST(40.76961 AS FLOAT) AND column12 >= 0.0 AND column12 <= 400.0 AND column04 <= 1000.0;",0.1,"{null={12=Stats{sum=730874399.3743687, avg=11.36316346266508}, 17=Stats{sum=880600362.2632493, avg=13.691006102067481}, 4=Stats{sum=157344140.41322333, avg=2.446285146857594}, 3=Stats{sum=109990031.3479624, avg=1.7100540209650472}}}","{12=730874399.3743687, 17=880600362.2632493, 4=157344140.41322333, 3=109990031.3479624}"
/data-nonraid/maroulis/data/taxi_data/yellow_tripdata_2014_cleaned.csv,92,0.4383680820465088,"SELECT sum(CAST(column12 AS FLOAT)) as sum_column12, avg(CAST(column12 AS FLOAT)) as avg_column12, sum(CAST(column17 AS FLOAT)) as sum_column17, avg(CAST(column17 AS FLOAT)) as avg_column17, sum(CAST(column04 AS FLOAT)) as sum_column04, avg(CAST(column04 AS FLOAT)) as avg_column04, sum(CAST(column03 AS FLOAT)) as sum_column03, avg(CAST(column03 AS FLOAT)) as avg_column03 FROM query_table WHERE CAST(column05 AS FLOAT) > CAST(-73.99455 AS FLOAT) AND CAST(column05 AS FLOAT) < CAST(-73.944565 AS FLOAT) AND CAST(column06 AS FLOAT) > CAST(40.744587 AS FLOAT) AND CAST(column06 AS FLOAT) < CAST(40.76961 AS FLOAT) AND column12 >= 0.0 AND column12 <= 400.0 AND column04 <= 1000.0;",0.1,"{null={12=Stats{sum=677699271.5707325, avg=11.376088964334743}, 17=Stats{sum=813842941.904668, avg=13.661442616936778}, 4=Stats{sum=145709644.75151244, avg=2.4459313314782127}, 3=Stats{sum=102127647.05882354, avg=1.7143491920340599}}}","{12=677699271.5707325, 17=813842941.904668, 4=145709644.75151244, 3=102127647.05882354}"
/data-nonraid/maroulis/data/taxi_data/yellow_tripdata_2014_cleaned.csv,93,0.2803616523742676,"SELECT sum(CAST(column12 AS FLOAT)) as sum_column12, avg(CAST(column12 AS FLOAT)) as avg_column12, sum(CAST(column17 AS FLOAT)) as sum_column17, avg(CAST(column17 AS FLOAT)) as avg_column17, sum(CAST(column04 AS FLOAT)) as sum_column04, avg(CAST(column04 AS FLOAT)) as avg_column04, sum(CAST(column03 AS FLOAT)) as sum_column03, avg(CAST(column03 AS FLOAT)) as avg_column03 FROM query_table WHERE CAST(column05 AS FLOAT) > CAST(-73.99455 AS FLOAT) AND CAST(column05 AS FLOAT) < CAST(-73.944565 AS FLOAT) AND CAST(column06 AS FLOAT) > CAST(40.746838 AS FLOAT) AND CAST(column06 AS FLOAT) < CAST(40.771862 AS FLOAT) AND column12 >= 0.0 AND column12 <= 400.0 AND column04 <= 1000.0;",0.1,"{null={12=Stats{sum=672404873.9904613, avg=11.34881583135609}, 17=Stats{sum=809623501.3231101, avg=13.664784960175652}, 4=Stats{sum=144413095.34640542, avg=2.4373970001081102}, 3=Stats{sum=101214913.29479769, avg=1.7083002440961321}}}","{12=672404873.9904613, 17=809623501.3231101, 4=144413095.34640542, 3=101214913.29479769}"
/data-nonraid/maroulis/data/taxi_data/yellow_tripdata_2014_cleaned.csv,94,0.3617370128631592,"SELECT sum(CAST(column12 AS FLOAT)) as sum_column12, avg(CAST(column12 AS FLOAT)) as avg_column12, sum(CAST(column17 AS FLOAT)) as sum_column17, avg(CAST(column17 AS FLOAT)) as avg_column17, sum(CAST(column04 AS FLOAT)) as sum_column04, avg(CAST(column04 AS FLOAT)) as avg_column04, sum(CAST(column03 AS FLOAT)) as sum_column03, avg(CAST(column03 AS FLOAT)) as avg_column03 FROM query_table WHERE CAST(column05 AS FLOAT) > CAST(-73.99955 AS FLOAT) AND CAST(column05 AS FLOAT) < CAST(-73.94956 AS FLOAT) AND CAST(column06 AS FLOAT) > CAST(40.74934 AS FLOAT) AND CAST(column06 AS FLOAT) < CAST(40.774364 AS FLOAT) AND column12 >= 0.0 AND column12 <= 400.0 AND column04 <= 1000.0;",0.1,"{null={12=Stats{sum=687979296.2358499, avg=11.34045364009833}, 17=Stats{sum=827045229.9032953, avg=13.632776653743221}, 4=Stats{sum=147837947.67188415, avg=2.436918379656498}, 3=Stats{sum=102371799.1631799, avg=1.6874674119052413}}}","{12=687979296.2358499, 17=827045229.9032953, 4=147837947.67188415, 3=102371799.1631799}"
/data-nonraid/maroulis/data/taxi_data/yellow_tripdata_2014_cleaned.csv,95,0.5013959407806396,"SELECT sum(CAST(column12 AS FLOAT)) as sum_column12, avg(CAST(column12 AS FLOAT)) as avg_column12, sum(CAST(column17 AS FLOAT)) as sum_column17, avg(CAST(column17 AS FLOAT)) as avg_column17, sum(CAST(column04 AS FLOAT)) as sum_column04, avg(CAST(column04 AS FLOAT)) as avg_column04, sum(CAST(column03 AS FLOAT)) as sum_column03, avg(CAST(column03 AS FLOAT)) as avg_column03 FROM query_table WHERE CAST(column05 AS FLOAT) > CAST(-73.99955 AS FLOAT) AND CAST(column05 AS FLOAT) < CAST(-73.94956 AS FLOAT) AND CAST(column06 AS FLOAT) > CAST(40.75159 AS FLOAT) AND CAST(column06 AS FLOAT) < CAST(40.776615 AS FLOAT) AND column12 >= 0.0 AND column12 <= 400.0 AND column04 <= 1000.0;",0.1,"{null={12=Stats{sum=656655857.2411617, avg=11.275245252075518}, 17=Stats{sum=789416077.8203235, avg=13.554832086248755}, 4=Stats{sum=141016162.59787896, avg=2.4213471946747713}, 3=Stats{sum=98835555.55555555, avg=1.6970763547225225}}}","{12=656655857.2411617, 17=789416077.8203235, 4=141016162.59787896, 3=98835555.55555555}"
/data-nonraid/maroulis/data/taxi_data/yellow_tripdata_2014_cleaned.csv,96,0.4137392044067383,"SELECT sum(CAST(column12 AS FLOAT)) as sum_column12, avg(CAST(column12 AS FLOAT)) as avg_column12, sum(CAST(column17 AS FLOAT)) as sum_column17, avg(CAST(column17 AS FLOAT)) as avg_column17, sum(CAST(column04 AS FLOAT)) as sum_column04, avg(CAST(column04 AS FLOAT)) as avg_column04, sum(CAST(column03 AS FLOAT)) as sum_column03, avg(CAST(column03 AS FLOAT)) as avg_column03 FROM query_table WHERE CAST(column05 AS FLOAT) > CAST(-73.99505 AS FLOAT) AND CAST(column05 AS FLOAT) < CAST(-73.94506 AS FLOAT) AND CAST(column06 AS FLOAT) > CAST(40.75384 AS FLOAT) AND CAST(column06 AS FLOAT) < CAST(40.778866 AS FLOAT) AND column12 >= 0.0 AND column12 <= 400.0 AND column04 <= 1000.0;",0.1,"{null={12=Stats{sum=627302837.1151291, avg=11.207682308549659}, 17=Stats{sum=753932895.0442318, avg=13.470113427958339}, 4=Stats{sum=134777776.26316968, avg=2.4080020194985345}, 3=Stats{sum=95123642.61168385, avg=1.6995229470452802}}}","{12=627302837.1151291, 17=753932895.0442318, 4=134777776.26316968, 3=95123642.61168385}"
/data-nonraid/maroulis/data/taxi_data/yellow_tripdata_2014_cleaned.csv,97,0.45340442657470703,"SELECT sum(CAST(column12 AS FLOAT)) as sum_column12, avg(CAST(column12 AS FLOAT)) as avg_column12, sum(CAST(column17 AS FLOAT)) as sum_column17, avg(CAST(column17 AS FLOAT)) as avg_column17, sum(CAST(column04 AS FLOAT)) as sum_column04, avg(CAST(column04 AS FLOAT)) as avg_column04, sum(CAST(column03 AS FLOAT)) as sum_column03, avg(CAST(column03 AS FLOAT)) as avg_column03 FROM query_table WHERE CAST(column05 AS FLOAT) > CAST(-73.98805 AS FLOAT) AND CAST(column05 AS FLOAT) < CAST(-73.938065 AS FLOAT) AND CAST(column06 AS FLOAT) > CAST(40.75384 AS FLOAT) AND CAST(column06 AS FLOAT) < CAST(40.778866 AS FLOAT) AND column12 >= 0.0 AND column12 <= 400.0 AND column04 <= 1000.0;",0.1,"{null={12=Stats{sum=549980422.5618377, avg=11.215757992151348}, 17=Stats{sum=662130495.6072061, avg=13.502835907070256}, 4=Stats{sum=118093245.71185616, avg=2.4082771132874665}, 3=Stats{sum=83307012.19512196, avg=1.6988809955769544}}}","{12=549980422.5618377, 17=662130495.6072061, 4=118093245.71185616, 3=83307012.19512196}"
/data-nonraid/maroulis/data/taxi_data/yellow_tripdata_2014_cleaned.csv,98,0.40096330642700195,"SELECT sum(CAST(column12 AS FLOAT)) as sum_column12, avg(CAST(column12 AS FLOAT)) as avg_column12, sum(CAST(column17 AS FLOAT)) as sum_column17, avg(CAST(column17 AS FLOAT)) as avg_column17, sum(CAST(column04 AS FLOAT)) as sum_column04, avg(CAST(column04 AS FLOAT)) as avg_column04, sum(CAST(column03 AS FLOAT)) as sum_column03, avg(CAST(column03 AS FLOAT)) as avg_column03 FROM query_table WHERE CAST(column05 AS FLOAT) > CAST(-73.98805 AS FLOAT) AND CAST(column05 AS FLOAT) < CAST(-73.938065 AS FLOAT) AND CAST(column06 AS FLOAT) > CAST(40.75184 AS FLOAT) AND CAST(column06 AS FLOAT) < CAST(40.776863 AS FLOAT) AND column12 >= 0.0 AND column12 <= 400.0 AND column04 <= 1000.0;",0.1,"{null={12=Stats{sum=540083358.0924565, avg=11.226329874150824}, 17=Stats{sum=652436461.1346692, avg=13.561734174685512}, 4=Stats{sum=116400299.97638439, avg=2.419530513956885}, 3=Stats{sum=81815518.67219917, avg=1.700641183766338}}}","{12=540083358.0924565, 17=652436461.1346692, 4=116400299.97638439, 3=81815518.67219917}"
/data-nonraid/maroulis/data/taxi_data/yellow_tripdata_2014_cleaned.csv,99,0.5918712615966797,"SELECT sum(CAST(column12 AS FLOAT)) as sum_column12, avg(CAST(column12 AS FLOAT)) as avg_column12, sum(CAST(column17 AS FLOAT)) as sum_column17, avg(CAST(column17 AS FLOAT)) as avg_column17, sum(CAST(column04 AS FLOAT)) as sum_column04, avg(CAST(column04 AS FLOAT)) as avg_column04, sum(CAST(column03 AS FLOAT)) as sum_column03, avg(CAST(column03 AS FLOAT)) as avg_column03 FROM query_table WHERE CAST(column05 AS FLOAT) > CAST(-73.99205 AS FLOAT) AND CAST(column05 AS FLOAT) < CAST(-73.94206 AS FLOAT) AND CAST(column06 AS FLOAT) > CAST(40.75384 AS FLOAT) AND CAST(column06 AS FLOAT) < CAST(40.778866 AS FLOAT) AND column12 >= 0.0 AND column12 <= 400.0 AND column04 <= 1000.0;",0.1,"{null={12=Stats{sum=600076886.6547933, avg=11.191014050156445}, 17=Stats{sum=721167261.0531434, avg=13.449264803297357}, 4=Stats{sum=129015496.59026061, avg=2.406048736651478}, 3=Stats{sum=90419661.35458168, avg=1.6862634157939513}}}","{12=600076886.6547933, 17=721167261.0531434, 4=129015496.59026061, 3=90419661.35458168}"
