csv,i,Time (sec),Query,errorBound,Query Result,Query Result Sum
/data-nonraid/maroulis/data/taxi_data/yellow_tripdata_2014_cleaned.csv,0,427.0723445415497,"SELECT sum(CAST(column12 AS FLOAT)) as sum_column12, avg(CAST(column12 AS FLOAT)) as avg_column12, sum(CAST(column17 AS FLOAT)) as sum_column17, avg(CAST(column17 AS FLOAT)) as avg_column17, sum(CAST(column04 AS FLOAT)) as sum_column04, avg(CAST(column04 AS FLOAT)) as avg_column04, sum(CAST(column03 AS FLOAT)) as sum_column03, avg(CAST(column03 AS FLOAT)) as avg_column03 FROM query_table WHERE CAST(column05 AS FLOAT) > CAST(-73.99 AS FLOAT) AND CAST(column05 AS FLOAT) < CAST(-73.94 AS FLOAT) AND CAST(column06 AS FLOAT) > CAST(40.745 AS FLOAT) AND CAST(column06 AS FLOAT) < CAST(40.77 AS FLOAT) AND column12 >= 0.0 AND column12 <= 400.0 AND column04 <= 1000.0;",0.05,"{null={12=Stats{sum=576528922.6005676, avg=11.347368539810182}, 17=Stats{sum=695138367.0110521, avg=13.681865605381288}, 4=Stats{sum=124380961.83669187, avg=2.4480933357698276}, 3=Stats{sum=86347523.59800111, avg=1.6995108733604936}}}","{12=576528922.6005676, 17=695138367.0110521, 4=124380961.83669187, 3=86347523.59800111}"
/data-nonraid/maroulis/data/taxi_data/yellow_tripdata_2014_cleaned.csv,1,3.1331229209899902,"SELECT sum(CAST(column12 AS FLOAT)) as sum_column12, avg(CAST(column12 AS FLOAT)) as avg_column12, sum(CAST(column17 AS FLOAT)) as sum_column17, avg(CAST(column17 AS FLOAT)) as avg_column17, sum(CAST(column04 AS FLOAT)) as sum_column04, avg(CAST(column04 AS FLOAT)) as avg_column04, sum(CAST(column03 AS FLOAT)) as sum_column03, avg(CAST(column03 AS FLOAT)) as avg_column03 FROM query_table WHERE CAST(column05 AS FLOAT) > CAST(-73.9965 AS FLOAT) AND CAST(column05 AS FLOAT) < CAST(-73.9465 AS FLOAT) AND CAST(column06 AS FLOAT) > CAST(40.74825 AS FLOAT) AND CAST(column06 AS FLOAT) < CAST(40.77325 AS FLOAT) AND column12 >= 0.0 AND column12 <= 400.0 AND column04 <= 1000.0;",0.05,"{null={12=Stats{sum=677007187.7009671, avg=11.346056972930205}, 17=Stats{sum=815186112.3235912, avg=13.661816657181905}, 4=Stats{sum=145309277.1837666, avg=2.435258247731552}, 3=Stats{sum=100974612.93743373, avg=1.6922474857294072}}}","{12=677007187.7009671, 17=815186112.3235912, 4=145309277.1837666, 3=100974612.93743373}"
/data-nonraid/maroulis/data/taxi_data/yellow_tripdata_2014_cleaned.csv,2,2.62094783782959,"SELECT sum(CAST(column12 AS FLOAT)) as sum_column12, avg(CAST(column12 AS FLOAT)) as avg_column12, sum(CAST(column17 AS FLOAT)) as sum_column17, avg(CAST(column17 AS FLOAT)) as avg_column17, sum(CAST(column04 AS FLOAT)) as sum_column04, avg(CAST(column04 AS FLOAT)) as avg_column04, sum(CAST(column03 AS FLOAT)) as sum_column03, avg(CAST(column03 AS FLOAT)) as avg_column03 FROM query_table WHERE CAST(column05 AS FLOAT) > CAST(-73.9895 AS FLOAT) AND CAST(column05 AS FLOAT) < CAST(-73.93951 AS FLOAT) AND CAST(column06 AS FLOAT) > CAST(40.75175 AS FLOAT) AND CAST(column06 AS FLOAT) < CAST(40.776752 AS FLOAT) AND column12 >= 0.0 AND column12 <= 400.0 AND column04 <= 1000.0;",0.05,"{null={12=Stats{sum=574645711.3986334, avg=11.214215733374367}, 17=Stats{sum=691641739.553834, avg=13.497394174725702}, 4=Stats{sum=123336857.19859003, avg=2.406919771723307}, 3=Stats{sum=86709725.30683811, avg=1.6921409948502506}}}","{12=574645711.3986334, 17=691641739.553834, 4=123336857.19859003, 3=86709725.30683811}"
/data-nonraid/maroulis/data/taxi_data/yellow_tripdata_2014_cleaned.csv,3,2.0870413780212402,"SELECT sum(CAST(column12 AS FLOAT)) as sum_column12, avg(CAST(column12 AS FLOAT)) as avg_column12, sum(CAST(column17 AS FLOAT)) as sum_column17, avg(CAST(column17 AS FLOAT)) as avg_column17, sum(CAST(column04 AS FLOAT)) as sum_column04, avg(CAST(column04 AS FLOAT)) as avg_column04, sum(CAST(column03 AS FLOAT)) as sum_column03, avg(CAST(column03 AS FLOAT)) as avg_column03 FROM query_table WHERE CAST(column05 AS FLOAT) > CAST(-73.9895 AS FLOAT) AND CAST(column05 AS FLOAT) < CAST(-73.93951 AS FLOAT) AND CAST(column06 AS FLOAT) > CAST(40.7495 AS FLOAT) AND CAST(column06 AS FLOAT) < CAST(40.7745 AS FLOAT) AND column12 >= 0.0 AND column12 <= 400.0 AND column04 <= 1000.0;",0.05,"{null={12=Stats{sum=569993457.2396145, avg=11.263897102429082}, 17=Stats{sum=685811202.6866976, avg=13.55262366723745}, 4=Stats{sum=122650393.48124681, avg=2.4237495960667443}, 3=Stats{sum=85700295.4209749, avg=1.6935620874395991}}}","{12=569993457.2396145, 17=685811202.6866976, 4=122650393.48124681, 3=85700295.4209749}"
/data-nonraid/maroulis/data/taxi_data/yellow_tripdata_2014_cleaned.csv,4,2.5275187492370605,"SELECT sum(CAST(column12 AS FLOAT)) as sum_column12, avg(CAST(column12 AS FLOAT)) as avg_column12, sum(CAST(column17 AS FLOAT)) as sum_column17, avg(CAST(column17 AS FLOAT)) as avg_column17, sum(CAST(column04 AS FLOAT)) as sum_column04, avg(CAST(column04 AS FLOAT)) as avg_column04, sum(CAST(column03 AS FLOAT)) as sum_column03, avg(CAST(column03 AS FLOAT)) as avg_column03 FROM query_table WHERE CAST(column05 AS FLOAT) > CAST(-73.983505 AS FLOAT) AND CAST(column05 AS FLOAT) < CAST(-73.93351 AS FLOAT) AND CAST(column06 AS FLOAT) > CAST(40.7525 AS FLOAT) AND CAST(column06 AS FLOAT) < CAST(40.7775 AS FLOAT) AND column12 >= 0.0 AND column12 <= 400.0 AND column04 <= 1000.0;",0.05,"{null={12=Stats{sum=469579883.78046286, avg=11.072802360319375}, 17=Stats{sum=565373760.020872, avg=13.331644136929304}, 4=Stats{sum=100131296.12859897, avg=2.3611191416217956}, 3=Stats{sum=71614619.9143469, avg=1.6886893153022826}}}","{12=469579883.78046286, 17=565373760.020872, 4=100131296.12859897, 3=71614619.9143469}"
/data-nonraid/maroulis/data/taxi_data/yellow_tripdata_2014_cleaned.csv,5,1.862135410308838,"SELECT sum(CAST(column12 AS FLOAT)) as sum_column12, avg(CAST(column12 AS FLOAT)) as avg_column12, sum(CAST(column17 AS FLOAT)) as sum_column17, avg(CAST(column17 AS FLOAT)) as avg_column17, sum(CAST(column04 AS FLOAT)) as sum_column04, avg(CAST(column04 AS FLOAT)) as avg_column04, sum(CAST(column03 AS FLOAT)) as sum_column03, avg(CAST(column03 AS FLOAT)) as avg_column03 FROM query_table WHERE CAST(column05 AS FLOAT) > CAST(-73.977005 AS FLOAT) AND CAST(column05 AS FLOAT) < CAST(-73.92701 AS FLOAT) AND CAST(column06 AS FLOAT) > CAST(40.74925 AS FLOAT) AND CAST(column06 AS FLOAT) < CAST(40.77425 AS FLOAT) AND column12 >= 0.0 AND column12 <= 400.0 AND column04 <= 1000.0;",0.05,"{null={12=Stats{sum=329099591.9270526, avg=10.984619887730277}, 17=Stats{sum=396287556.71110123, avg=13.227206242399996}, 4=Stats{sum=70276433.32211576, avg=2.345672635412973}, 3=Stats{sum=50147197.23183391, avg=1.6738030478896337}}}","{12=329099591.9270526, 17=396287556.71110123, 4=70276433.32211576, 3=50147197.23183391}"
/data-nonraid/maroulis/data/taxi_data/yellow_tripdata_2014_cleaned.csv,6,2.1864404678344727,"SELECT sum(CAST(column12 AS FLOAT)) as sum_column12, avg(CAST(column12 AS FLOAT)) as avg_column12, sum(CAST(column17 AS FLOAT)) as sum_column17, avg(CAST(column17 AS FLOAT)) as avg_column17, sum(CAST(column04 AS FLOAT)) as sum_column04, avg(CAST(column04 AS FLOAT)) as avg_column04, sum(CAST(column03 AS FLOAT)) as sum_column03, avg(CAST(column03 AS FLOAT)) as avg_column03 FROM query_table WHERE CAST(column05 AS FLOAT) > CAST(-73.981 AS FLOAT) AND CAST(column05 AS FLOAT) < CAST(-73.95601 AS FLOAT) AND CAST(column06 AS FLOAT) > CAST(40.753624 AS FLOAT) AND CAST(column06 AS FLOAT) < CAST(40.766125 AS FLOAT) AND column12 >= 0.0 AND column12 <= 400.0 AND column04 <= 1000.0;",0.05,"{null={12=Stats{sum=230258844.99723816, avg=11.158495683462414}, 17=Stats{sum=277870744.69650614, avg=13.465799784123996}, 4=Stats{sum=49193396.0183806, avg=2.383944456650693}, 3=Stats{sum=34900333.56990774, avg=1.6912932117586406}}}","{12=230258844.99723816, 17=277870744.69650614, 4=49193396.0183806, 3=34900333.56990774}"
/data-nonraid/maroulis/data/taxi_data/yellow_tripdata_2014_cleaned.csv,7,2.570828914642334,"SELECT sum(CAST(column12 AS FLOAT)) as sum_column12, avg(CAST(column12 AS FLOAT)) as avg_column12, sum(CAST(column17 AS FLOAT)) as sum_column17, avg(CAST(column17 AS FLOAT)) as avg_column17, sum(CAST(column04 AS FLOAT)) as sum_column04, avg(CAST(column04 AS FLOAT)) as avg_column04, sum(CAST(column03 AS FLOAT)) as sum_column03, avg(CAST(column03 AS FLOAT)) as avg_column03 FROM query_table WHERE CAST(column05 AS FLOAT) > CAST(-73.983 AS FLOAT) AND CAST(column05 AS FLOAT) < CAST(-73.970505 AS FLOAT) AND CAST(column06 AS FLOAT) > CAST(40.755814 AS FLOAT) AND CAST(column06 AS FLOAT) < CAST(40.762062 AS FLOAT) AND column12 >= 0.0 AND column12 <= 400.0 AND column04 <= 1000.0;",0.05,"{null={12=Stats{sum=76802836.2056944, avg=11.765965170103136}, 17=Stats{sum=93340379.09060548, avg=14.299467358249201}, 4=Stats{sum=16508611.15528574, avg=2.529069933558867}, 3=Stats{sum=11158498.116760828, avg=1.7094485917270728}}}","{12=76802836.2056944, 17=93340379.09060548, 4=16508611.15528574, 3=11158498.116760828}"
/data-nonraid/maroulis/data/taxi_data/yellow_tripdata_2014_cleaned.csv,8,2.004673480987549,"SELECT sum(CAST(column12 AS FLOAT)) as sum_column12, avg(CAST(column12 AS FLOAT)) as avg_column12, sum(CAST(column17 AS FLOAT)) as sum_column17, avg(CAST(column17 AS FLOAT)) as avg_column17, sum(CAST(column04 AS FLOAT)) as sum_column04, avg(CAST(column04 AS FLOAT)) as avg_column04, sum(CAST(column03 AS FLOAT)) as sum_column03, avg(CAST(column03 AS FLOAT)) as avg_column03 FROM query_table WHERE CAST(column05 AS FLOAT) > CAST(-73.984 AS FLOAT) AND CAST(column05 AS FLOAT) < CAST(-73.97775 AS FLOAT) AND CAST(column06 AS FLOAT) > CAST(40.756905 AS FLOAT) AND CAST(column06 AS FLOAT) < CAST(40.760033 AS FLOAT) AND column12 >= 0.0 AND column12 <= 400.0 AND column04 <= 1000.0;",0.05,"{null={12=Stats{sum=13516783.803563131, avg=11.7010964269651}, 17=Stats{sum=16312883.917199986, avg=14.121601002949243}, 4=Stats{sum=2879477.6032908577, avg=2.49268210434134}, 3=Stats{sum=2018300.243817485, avg=1.7471852856927483}}}","{12=13516783.803563131, 17=16312883.917199986, 4=2879477.6032908577, 3=2018300.243817485}"
/data-nonraid/maroulis/data/taxi_data/yellow_tripdata_2014_cleaned.csv,9,2.674149751663208,"SELECT sum(CAST(column12 AS FLOAT)) as sum_column12, avg(CAST(column12 AS FLOAT)) as avg_column12, sum(CAST(column17 AS FLOAT)) as sum_column17, avg(CAST(column17 AS FLOAT)) as avg_column17, sum(CAST(column04 AS FLOAT)) as sum_column04, avg(CAST(column04 AS FLOAT)) as avg_column04, sum(CAST(column03 AS FLOAT)) as sum_column03, avg(CAST(column03 AS FLOAT)) as avg_column03 FROM query_table WHERE CAST(column05 AS FLOAT) > CAST(-73.98325 AS FLOAT) AND CAST(column05 AS FLOAT) < CAST(-73.977005 AS FLOAT) AND CAST(column06 AS FLOAT) > CAST(40.75728 AS FLOAT) AND CAST(column06 AS FLOAT) < CAST(40.760406 AS FLOAT) AND column12 >= 0.0 AND column12 <= 400.0 AND column04 <= 1000.0;",0.05,"{null={12=Stats{sum=14563570.442531666, avg=11.393596342681898}, 17=Stats{sum=17578604.22670314, avg=13.752363928690624}, 4=Stats{sum=3038476.047021944, avg=2.377107297505386}, 3=Stats{sum=2230713.8643067847, avg=1.7451663674253088}}}","{12=14563570.442531666, 17=17578604.22670314, 4=3038476.047021944, 3=2230713.8643067847}"
/data-nonraid/maroulis/data/taxi_data/yellow_tripdata_2014_cleaned.csv,10,2.5308005809783936,"SELECT sum(CAST(column12 AS FLOAT)) as sum_column12, avg(CAST(column12 AS FLOAT)) as avg_column12, sum(CAST(column17 AS FLOAT)) as sum_column17, avg(CAST(column17 AS FLOAT)) as avg_column17, sum(CAST(column04 AS FLOAT)) as sum_column04, avg(CAST(column04 AS FLOAT)) as avg_column04, sum(CAST(column03 AS FLOAT)) as sum_column03, avg(CAST(column03 AS FLOAT)) as avg_column03 FROM query_table WHERE CAST(column05 AS FLOAT) > CAST(-73.984 AS FLOAT) AND CAST(column05 AS FLOAT) < CAST(-73.97775 AS FLOAT) AND CAST(column06 AS FLOAT) > CAST(40.75728 AS FLOAT) AND CAST(column06 AS FLOAT) < CAST(40.760406 AS FLOAT) AND column12 >= 0.0 AND column12 <= 400.0 AND column04 <= 1000.0;",0.05,"{null={12=Stats{sum=13507697.092244273, avg=11.718386249279348}, 17=Stats{sum=16317927.948298592, avg=14.156357014836098}, 4=Stats{sum=2865811.4045350943, avg=2.4861887801151674}, 3=Stats{sum=2011080.060422961, avg=1.7446802934151944}}}","{12=13507697.092244273, 17=16317927.948298592, 4=2865811.4045350943, 3=2011080.060422961}"
/data-nonraid/maroulis/data/taxi_data/yellow_tripdata_2014_cleaned.csv,11,2.5346715450286865,"SELECT sum(CAST(column12 AS FLOAT)) as sum_column12, avg(CAST(column12 AS FLOAT)) as avg_column12, sum(CAST(column17 AS FLOAT)) as sum_column17, avg(CAST(column17 AS FLOAT)) as avg_column17, sum(CAST(column04 AS FLOAT)) as sum_column04, avg(CAST(column04 AS FLOAT)) as avg_column04, sum(CAST(column03 AS FLOAT)) as sum_column03, avg(CAST(column03 AS FLOAT)) as avg_column03 FROM query_table WHERE CAST(column05 AS FLOAT) > CAST(-73.984 AS FLOAT) AND CAST(column05 AS FLOAT) < CAST(-73.97775 AS FLOAT) AND CAST(column06 AS FLOAT) > CAST(40.75678 AS FLOAT) AND CAST(column06 AS FLOAT) < CAST(40.759907 AS FLOAT) AND column12 >= 0.0 AND column12 <= 400.0 AND column04 <= 1000.0;",0.05,"{null={12=Stats{sum=13500412.949087227, avg=11.722968102820776}, 17=Stats{sum=16282625.058006423, avg=14.138878188767194}, 4=Stats{sum=2880214.252124093, avg=2.501009408695413}, 3=Stats{sum=2011323.3082706765, avg=1.7465153900282193}}}","{12=13500412.949087227, 17=16282625.058006423, 4=2880214.252124093, 3=2011323.3082706765}"
/data-nonraid/maroulis/data/taxi_data/yellow_tripdata_2014_cleaned.csv,12,2.2385447025299072,"SELECT sum(CAST(column12 AS FLOAT)) as sum_column12, avg(CAST(column12 AS FLOAT)) as avg_column12, sum(CAST(column17 AS FLOAT)) as sum_column17, avg(CAST(column17 AS FLOAT)) as avg_column17, sum(CAST(column04 AS FLOAT)) as sum_column04, avg(CAST(column04 AS FLOAT)) as avg_column04, sum(CAST(column03 AS FLOAT)) as sum_column03, avg(CAST(column03 AS FLOAT)) as avg_column03 FROM query_table WHERE CAST(column05 AS FLOAT) > CAST(-73.98475 AS FLOAT) AND CAST(column05 AS FLOAT) < CAST(-73.9785 AS FLOAT) AND CAST(column06 AS FLOAT) > CAST(40.75678 AS FLOAT) AND CAST(column06 AS FLOAT) < CAST(40.759907 AS FLOAT) AND column12 >= 0.0 AND column12 <= 400.0 AND column04 <= 1000.0;",0.05,"{null={12=Stats{sum=14184301.36419276, avg=12.102903464171154}, 17=Stats{sum=17096056.40361883, avg=14.587388899770415}, 4=Stats{sum=3097732.8583380277, avg=2.643172954355077}, 3=Stats{sum=2055729.537366548, avg=1.7540727245122598}}}","{12=14184301.36419276, 17=17096056.40361883, 4=3097732.8583380277, 3=2055729.537366548}"
/data-nonraid/maroulis/data/taxi_data/yellow_tripdata_2014_cleaned.csv,13,2.593923568725586,"SELECT sum(CAST(column12 AS FLOAT)) as sum_column12, avg(CAST(column12 AS FLOAT)) as avg_column12, sum(CAST(column17 AS FLOAT)) as sum_column17, avg(CAST(column17 AS FLOAT)) as avg_column17, sum(CAST(column04 AS FLOAT)) as sum_column04, avg(CAST(column04 AS FLOAT)) as avg_column04, sum(CAST(column03 AS FLOAT)) as sum_column03, avg(CAST(column03 AS FLOAT)) as avg_column03 FROM query_table WHERE CAST(column05 AS FLOAT) > CAST(-73.98412 AS FLOAT) AND CAST(column05 AS FLOAT) < CAST(-73.977875 AS FLOAT) AND CAST(column06 AS FLOAT) > CAST(40.756466 AS FLOAT) AND CAST(column06 AS FLOAT) < CAST(40.759594 AS FLOAT) AND column12 >= 0.0 AND column12 <= 400.0 AND column04 <= 1000.0;",0.05,"{null={12=Stats{sum=13415923.921638066, avg=11.810403742315112}, 17=Stats{sum=16186749.461008832, avg=14.249637037810064}, 4=Stats{sum=2891135.4244623478, avg=2.545145368746306}, 3=Stats{sum=1980738.5620915033, avg=1.7436981800815885}}}","{12=13415923.921638066, 17=16186749.461008832, 4=2891135.4244623478, 3=1980738.5620915033}"
/data-nonraid/maroulis/data/taxi_data/yellow_tripdata_2014_cleaned.csv,14,1.8775813579559326,"SELECT sum(CAST(column12 AS FLOAT)) as sum_column12, avg(CAST(column12 AS FLOAT)) as avg_column12, sum(CAST(column17 AS FLOAT)) as sum_column17, avg(CAST(column17 AS FLOAT)) as avg_column17, sum(CAST(column04 AS FLOAT)) as sum_column04, avg(CAST(column04 AS FLOAT)) as avg_column04, sum(CAST(column03 AS FLOAT)) as sum_column03, avg(CAST(column03 AS FLOAT)) as avg_column03 FROM query_table WHERE CAST(column05 AS FLOAT) > CAST(-73.983376 AS FLOAT) AND CAST(column05 AS FLOAT) < CAST(-73.97713 AS FLOAT) AND CAST(column06 AS FLOAT) > CAST(40.756466 AS FLOAT) AND CAST(column06 AS FLOAT) < CAST(40.759594 AS FLOAT) AND column12 >= 0.0 AND column12 <= 400.0 AND column04 <= 1000.0;",0.05,"{null={12=Stats{sum=14822463.947714193, avg=11.36998227984916}, 17=Stats{sum=17837702.595675424, avg=13.682904754666339}, 4=Stats{sum=3121281.6936947443, avg=2.394265735636999}, 3=Stats{sum=2276407.222914072, avg=1.7461813283914294}}}","{12=14822463.947714193, 17=17837702.595675424, 4=3121281.6936947443, 3=2276407.222914072}"
/data-nonraid/maroulis/data/taxi_data/yellow_tripdata_2014_cleaned.csv,15,2.1651337146759033,"SELECT sum(CAST(column12 AS FLOAT)) as sum_column12, avg(CAST(column12 AS FLOAT)) as avg_column12, sum(CAST(column17 AS FLOAT)) as sum_column17, avg(CAST(column17 AS FLOAT)) as avg_column17, sum(CAST(column04 AS FLOAT)) as sum_column04, avg(CAST(column04 AS FLOAT)) as avg_column04, sum(CAST(column03 AS FLOAT)) as sum_column03, avg(CAST(column03 AS FLOAT)) as avg_column03 FROM query_table WHERE CAST(column05 AS FLOAT) > CAST(-73.98412 AS FLOAT) AND CAST(column05 AS FLOAT) < CAST(-73.977875 AS FLOAT) AND CAST(column06 AS FLOAT) > CAST(40.756466 AS FLOAT) AND CAST(column06 AS FLOAT) < CAST(40.759594 AS FLOAT) AND column12 >= 0.0 AND column12 <= 400.0 AND column04 <= 1000.0;",0.05,"{null={12=Stats{sum=13625848.8311592, avg=11.797988117977411}, 17=Stats{sum=16431817.758180188, avg=14.227545973096452}, 4=Stats{sum=2927722.910095555, avg=2.5349789605070097}, 3=Stats{sum=2017822.910578609, avg=1.7471389135588804}}}","{12=13625848.8311592, 17=16431817.758180188, 4=2927722.910095555, 3=2017822.910578609}"
/data-nonraid/maroulis/data/taxi_data/yellow_tripdata_2014_cleaned.csv,16,1.9764387607574463,"SELECT sum(CAST(column12 AS FLOAT)) as sum_column12, avg(CAST(column12 AS FLOAT)) as avg_column12, sum(CAST(column17 AS FLOAT)) as sum_column17, avg(CAST(column17 AS FLOAT)) as avg_column17, sum(CAST(column04 AS FLOAT)) as sum_column04, avg(CAST(column04 AS FLOAT)) as avg_column04, sum(CAST(column03 AS FLOAT)) as sum_column03, avg(CAST(column03 AS FLOAT)) as avg_column03 FROM query_table WHERE CAST(column05 AS FLOAT) > CAST(-73.98487 AS FLOAT) AND CAST(column05 AS FLOAT) < CAST(-73.97862 AS FLOAT) AND CAST(column06 AS FLOAT) > CAST(40.756466 AS FLOAT) AND CAST(column06 AS FLOAT) < CAST(40.759594 AS FLOAT) AND column12 >= 0.0 AND column12 <= 400.0 AND column04 <= 1000.0;",0.05,"{null={12=Stats{sum=14035610.962209787, avg=12.217308489235881}, 17=Stats{sum=16902414.14042395, avg=14.712719547612066}, 4=Stats{sum=3086282.433406982, avg=2.686456946930524}, 3=Stats{sum=2023838.4177003016, avg=1.7616517263113662}}}","{12=14035610.962209787, 17=16902414.14042395, 4=3086282.433406982, 3=2023838.4177003016}"
/data-nonraid/maroulis/data/taxi_data/yellow_tripdata_2014_cleaned.csv,17,1.9287431240081787,"SELECT sum(CAST(column12 AS FLOAT)) as sum_column12, avg(CAST(column12 AS FLOAT)) as avg_column12, sum(CAST(column17 AS FLOAT)) as sum_column17, avg(CAST(column17 AS FLOAT)) as avg_column17, sum(CAST(column04 AS FLOAT)) as sum_column04, avg(CAST(column04 AS FLOAT)) as avg_column04, sum(CAST(column03 AS FLOAT)) as sum_column03, avg(CAST(column03 AS FLOAT)) as avg_column03 FROM query_table WHERE CAST(column05 AS FLOAT) > CAST(-73.98393 AS FLOAT) AND CAST(column05 AS FLOAT) < CAST(-73.977684 AS FLOAT) AND CAST(column06 AS FLOAT) > CAST(40.756466 AS FLOAT) AND CAST(column06 AS FLOAT) < CAST(40.759594 AS FLOAT) AND column12 >= 0.0 AND column12 <= 400.0 AND column04 <= 1000.0;",0.05,"{null={12=Stats{sum=13759044.206217472, avg=11.673621055030642}, 17=Stats{sum=16583758.434434531, avg=14.07020056991138}, 4=Stats{sum=2938945.0009500934, avg=2.493496621456076}, 3=Stats{sum=2060401.2452438602, avg=1.7481114965399447}}}","{12=13759044.206217472, 17=16583758.434434531, 4=2938945.0009500934, 3=2060401.2452438602}"
/data-nonraid/maroulis/data/taxi_data/yellow_tripdata_2014_cleaned.csv,18,1.9167847633361816,"SELECT sum(CAST(column12 AS FLOAT)) as sum_column12, avg(CAST(column12 AS FLOAT)) as avg_column12, sum(CAST(column17 AS FLOAT)) as sum_column17, avg(CAST(column17 AS FLOAT)) as avg_column17, sum(CAST(column04 AS FLOAT)) as sum_column04, avg(CAST(column04 AS FLOAT)) as avg_column04, sum(CAST(column03 AS FLOAT)) as sum_column03, avg(CAST(column03 AS FLOAT)) as avg_column03 FROM query_table WHERE CAST(column05 AS FLOAT) > CAST(-73.98393 AS FLOAT) AND CAST(column05 AS FLOAT) < CAST(-73.977684 AS FLOAT) AND CAST(column06 AS FLOAT) > CAST(40.756092 AS FLOAT) AND CAST(column06 AS FLOAT) < CAST(40.75922 AS FLOAT) AND column12 >= 0.0 AND column12 <= 400.0 AND column04 <= 1000.0;",0.05,"{null={12=Stats{sum=14223412.806750832, avg=11.646825147762465}, 17=Stats{sum=17151849.782141726, avg=14.04477238250995}, 4=Stats{sum=3048759.1682939935, avg=2.4964729234255643}, 3=Stats{sum=2133051.9750519753, avg=1.746647145945762}}}","{12=14223412.806750832, 17=17151849.782141726, 4=3048759.1682939935, 3=2133051.9750519753}"
/data-nonraid/maroulis/data/taxi_data/yellow_tripdata_2014_cleaned.csv,19,1.8594751358032227,"SELECT sum(CAST(column12 AS FLOAT)) as sum_column12, avg(CAST(column12 AS FLOAT)) as avg_column12, sum(CAST(column17 AS FLOAT)) as sum_column17, avg(CAST(column17 AS FLOAT)) as avg_column17, sum(CAST(column04 AS FLOAT)) as sum_column04, avg(CAST(column04 AS FLOAT)) as avg_column04, sum(CAST(column03 AS FLOAT)) as sum_column03, avg(CAST(column03 AS FLOAT)) as avg_column03 FROM query_table WHERE CAST(column05 AS FLOAT) > CAST(-73.98462 AS FLOAT) AND CAST(column05 AS FLOAT) < CAST(-73.97837 AS FLOAT) AND CAST(column06 AS FLOAT) > CAST(40.75575 AS FLOAT) AND CAST(column06 AS FLOAT) < CAST(40.758877 AS FLOAT) AND column12 >= 0.0 AND column12 <= 400.0 AND column04 <= 1000.0;",0.05,"{null={12=Stats{sum=14056152.577415733, avg=12.07000479910598}, 17=Stats{sum=16939263.49030198, avg=14.545729387554479}, 4=Stats{sum=3089262.3436744255, avg=2.6527466252577567}, 3=Stats{sum=2034807.3792729247, avg=1.7472871539927408}}}","{12=14056152.577415733, 17=16939263.49030198, 4=3089262.3436744255, 3=2034807.3792729247}"
/data-nonraid/maroulis/data/taxi_data/yellow_tripdata_2014_cleaned.csv,20,1.594792366027832,"SELECT sum(CAST(column12 AS FLOAT)) as sum_column12, avg(CAST(column12 AS FLOAT)) as avg_column12, sum(CAST(column17 AS FLOAT)) as sum_column17, avg(CAST(column17 AS FLOAT)) as avg_column17, sum(CAST(column04 AS FLOAT)) as sum_column04, avg(CAST(column04 AS FLOAT)) as avg_column04, sum(CAST(column03 AS FLOAT)) as sum_column03, avg(CAST(column03 AS FLOAT)) as avg_column03 FROM query_table WHERE CAST(column05 AS FLOAT) > CAST(-73.98362 AS FLOAT) AND CAST(column05 AS FLOAT) < CAST(-73.97737 AS FLOAT) AND CAST(column06 AS FLOAT) > CAST(40.75525 AS FLOAT) AND CAST(column06 AS FLOAT) < CAST(40.758377 AS FLOAT) AND column12 >= 0.0 AND column12 <= 400.0 AND column04 <= 1000.0;",0.05,"{null={12=Stats{sum=15608878.163770765, avg=11.58082136045234}, 17=Stats{sum=18801513.460122623, avg=13.949559116503458}, 4=Stats{sum=3361946.8985079015, avg=2.4943564839474135}, 3=Stats{sum=2347459.05707196, avg=1.741669305487028}}}","{12=15608878.163770765, 17=18801513.460122623, 4=3361946.8985079015, 3=2347459.05707196}"
/data-nonraid/maroulis/data/taxi_data/yellow_tripdata_2014_cleaned.csv,21,1.674696683883667,"SELECT sum(CAST(column12 AS FLOAT)) as sum_column12, avg(CAST(column12 AS FLOAT)) as avg_column12, sum(CAST(column17 AS FLOAT)) as sum_column17, avg(CAST(column17 AS FLOAT)) as avg_column17, sum(CAST(column04 AS FLOAT)) as sum_column04, avg(CAST(column04 AS FLOAT)) as avg_column04, sum(CAST(column03 AS FLOAT)) as sum_column03, avg(CAST(column03 AS FLOAT)) as avg_column03 FROM query_table WHERE CAST(column05 AS FLOAT) > CAST(-73.98456 AS FLOAT) AND CAST(column05 AS FLOAT) < CAST(-73.97831 AS FLOAT) AND CAST(column06 AS FLOAT) > CAST(40.75525 AS FLOAT) AND CAST(column06 AS FLOAT) < CAST(40.758377 AS FLOAT) AND column12 >= 0.0 AND column12 <= 400.0 AND column04 <= 1000.0;",0.05,"{null={12=Stats{sum=14874359.951151945, avg=12.00868586750766}, 17=Stats{sum=17956460.750861038, avg=14.496993292986781}, 4=Stats{sum=3271811.1895033205, avg=2.641468467992744}, 3=Stats{sum=2163307.8569244877, avg=1.7465278891886356}}}","{12=14874359.951151945, 17=17956460.750861038, 4=3271811.1895033205, 3=2163307.8569244877}"
/data-nonraid/maroulis/data/taxi_data/yellow_tripdata_2014_cleaned.csv,22,1.7124369144439697,"SELECT sum(CAST(column12 AS FLOAT)) as sum_column12, avg(CAST(column12 AS FLOAT)) as avg_column12, sum(CAST(column17 AS FLOAT)) as sum_column17, avg(CAST(column17 AS FLOAT)) as avg_column17, sum(CAST(column04 AS FLOAT)) as sum_column04, avg(CAST(column04 AS FLOAT)) as avg_column04, sum(CAST(column03 AS FLOAT)) as sum_column03, avg(CAST(column03 AS FLOAT)) as avg_column03 FROM query_table WHERE CAST(column05 AS FLOAT) > CAST(-73.98575 AS FLOAT) AND CAST(column05 AS FLOAT) < CAST(-73.9795 AS FLOAT) AND CAST(column06 AS FLOAT) > CAST(40.754654 AS FLOAT) AND CAST(column06 AS FLOAT) < CAST(40.757782 AS FLOAT) AND column12 >= 0.0 AND column12 <= 400.0 AND column04 <= 1000.0;",0.05,"{null={12=Stats{sum=15954327.71542673, avg=12.16992906677954}, 17=Stats{sum=19341854.86460829, avg=14.753927957404485}, 4=Stats{sum=3571809.415939982, avg=2.7245690327655514}, 3=Stats{sum=2287051.8994114497, avg=1.7445585852525722}}}","{12=15954327.71542673, 17=19341854.86460829, 4=3571809.415939982, 3=2287051.8994114497}"
/data-nonraid/maroulis/data/taxi_data/yellow_tripdata_2014_cleaned.csv,23,1.6301939487457275,"SELECT sum(CAST(column12 AS FLOAT)) as sum_column12, avg(CAST(column12 AS FLOAT)) as avg_column12, sum(CAST(column17 AS FLOAT)) as sum_column17, avg(CAST(column17 AS FLOAT)) as avg_column17, sum(CAST(column04 AS FLOAT)) as sum_column04, avg(CAST(column04 AS FLOAT)) as avg_column04, sum(CAST(column03 AS FLOAT)) as sum_column03, avg(CAST(column03 AS FLOAT)) as avg_column03 FROM query_table WHERE CAST(column05 AS FLOAT) > CAST(-73.98575 AS FLOAT) AND CAST(column05 AS FLOAT) < CAST(-73.9795 AS FLOAT) AND CAST(column06 AS FLOAT) > CAST(40.75403 AS FLOAT) AND CAST(column06 AS FLOAT) < CAST(40.757156 AS FLOAT) AND column12 >= 0.0 AND column12 <= 400.0 AND column04 <= 1000.0;",0.05,"{null={12=Stats{sum=15735958.168580748, avg=11.903135182380783}, 17=Stats{sum=19115240.715746827, avg=14.459322517619853}, 4=Stats{sum=3493485.301805964, avg=2.6425736113155414}, 3=Stats{sum=2285692.4816280385, avg=1.7289640899333796}}}","{12=15735958.168580748, 17=19115240.715746827, 4=3493485.301805964, 3=2285692.4816280385}"
/data-nonraid/maroulis/data/taxi_data/yellow_tripdata_2014_cleaned.csv,24,2.297363758087158,"SELECT sum(CAST(column12 AS FLOAT)) as sum_column12, avg(CAST(column12 AS FLOAT)) as avg_column12, sum(CAST(column17 AS FLOAT)) as sum_column17, avg(CAST(column17 AS FLOAT)) as avg_column17, sum(CAST(column04 AS FLOAT)) as sum_column04, avg(CAST(column04 AS FLOAT)) as avg_column04, sum(CAST(column03 AS FLOAT)) as sum_column03, avg(CAST(column03 AS FLOAT)) as avg_column03 FROM query_table WHERE CAST(column05 AS FLOAT) > CAST(-73.987 AS FLOAT) AND CAST(column05 AS FLOAT) < CAST(-73.98075 AS FLOAT) AND CAST(column06 AS FLOAT) > CAST(40.75403 AS FLOAT) AND CAST(column06 AS FLOAT) < CAST(40.757156 AS FLOAT) AND column12 >= 0.0 AND column12 <= 400.0 AND column04 <= 1000.0;",0.05,"{null={12=Stats{sum=16542507.03748521, avg=11.948846078711336}, 17=Stats{sum=20103251.693635944, avg=14.520813539600326}, 4=Stats{sum=3718975.3930717176, avg=2.6862593705799216}, 3=Stats{sum=2410664.37007874, avg=1.7412510353015616}}}","{12=16542507.03748521, 17=20103251.693635944, 4=3718975.3930717176, 3=2410664.37007874}"
/data-nonraid/maroulis/data/taxi_data/yellow_tripdata_2014_cleaned.csv,25,1.7380285263061523,"SELECT sum(CAST(column12 AS FLOAT)) as sum_column12, avg(CAST(column12 AS FLOAT)) as avg_column12, sum(CAST(column17 AS FLOAT)) as sum_column17, avg(CAST(column17 AS FLOAT)) as avg_column17, sum(CAST(column04 AS FLOAT)) as sum_column04, avg(CAST(column04 AS FLOAT)) as avg_column04, sum(CAST(column03 AS FLOAT)) as sum_column03, avg(CAST(column03 AS FLOAT)) as avg_column03 FROM query_table WHERE CAST(column05 AS FLOAT) > CAST(-73.987 AS FLOAT) AND CAST(column05 AS FLOAT) < CAST(-73.98075 AS FLOAT) AND CAST(column06 AS FLOAT) > CAST(40.753498 AS FLOAT) AND CAST(column06 AS FLOAT) < CAST(40.756626 AS FLOAT) AND column12 >= 0.0 AND column12 <= 400.0 AND column04 <= 1000.0;",0.05,"{null={12=Stats{sum=14701133.350177158, avg=11.785201412726552}, 17=Stats{sum=17908506.155008633, avg=14.356400082262128}, 4=Stats{sum=3281313.2241375144, avg=2.6304731971047484}, 3=Stats{sum=2150619.6473551635, avg=1.7240497791921685}}}","{12=14701133.350177158, 17=17908506.155008633, 4=3281313.2241375144, 3=2150619.6473551635}"
/data-nonraid/maroulis/data/taxi_data/yellow_tripdata_2014_cleaned.csv,26,1.3783648014068604,"SELECT sum(CAST(column12 AS FLOAT)) as sum_column12, avg(CAST(column12 AS FLOAT)) as avg_column12, sum(CAST(column17 AS FLOAT)) as sum_column17, avg(CAST(column17 AS FLOAT)) as avg_column17, sum(CAST(column04 AS FLOAT)) as sum_column04, avg(CAST(column04 AS FLOAT)) as avg_column04, sum(CAST(column03 AS FLOAT)) as sum_column03, avg(CAST(column03 AS FLOAT)) as avg_column03 FROM query_table WHERE CAST(column05 AS FLOAT) > CAST(-73.98594 AS FLOAT) AND CAST(column05 AS FLOAT) < CAST(-73.97969 AS FLOAT) AND CAST(column06 AS FLOAT) > CAST(40.753498 AS FLOAT) AND CAST(column06 AS FLOAT) < CAST(40.756626 AS FLOAT) AND column12 >= 0.0 AND column12 <= 400.0 AND column04 <= 1000.0;",0.05,"{null={12=Stats{sum=14847371.254734667, avg=11.678138397176008}, 17=Stats{sum=18092146.01254577, avg=14.230302550631633}, 4=Stats{sum=3281656.9084496335, avg=2.581173656360386}, 3=Stats{sum=2192858.6553732133, avg=1.7247838976699255}}}","{12=14847371.254734667, 17=18092146.01254577, 4=3281656.9084496335, 3=2192858.6553732133}"
/data-nonraid/maroulis/data/taxi_data/yellow_tripdata_2014_cleaned.csv,27,1.220339298248291,"SELECT sum(CAST(column12 AS FLOAT)) as sum_column12, avg(CAST(column12 AS FLOAT)) as avg_column12, sum(CAST(column17 AS FLOAT)) as sum_column17, avg(CAST(column17 AS FLOAT)) as avg_column17, sum(CAST(column04 AS FLOAT)) as sum_column04, avg(CAST(column04 AS FLOAT)) as avg_column04, sum(CAST(column03 AS FLOAT)) as sum_column03, avg(CAST(column03 AS FLOAT)) as avg_column03 FROM query_table WHERE CAST(column05 AS FLOAT) > CAST(-73.98475 AS FLOAT) AND CAST(column05 AS FLOAT) < CAST(-73.9785 AS FLOAT) AND CAST(column06 AS FLOAT) > CAST(40.753498 AS FLOAT) AND CAST(column06 AS FLOAT) < CAST(40.756626 AS FLOAT) AND column12 >= 0.0 AND column12 <= 400.0 AND column04 <= 1000.0;",0.05,"{null={12=Stats{sum=15946267.191826545, avg=11.497686343488661}, 17=Stats{sum=19407443.898013193, avg=13.993287581596661}, 4=Stats{sum=3479925.4109609285, avg=2.509119557113204}, 3=Stats{sum=2374780.821917808, avg=1.7122806670979658}}}","{12=15946267.191826545, 17=19407443.898013193, 4=3479925.4109609285, 3=2374780.821917808}"
/data-nonraid/maroulis/data/taxi_data/yellow_tripdata_2014_cleaned.csv,28,1.6448171138763428,"SELECT sum(CAST(column12 AS FLOAT)) as sum_column12, avg(CAST(column12 AS FLOAT)) as avg_column12, sum(CAST(column17 AS FLOAT)) as sum_column17, avg(CAST(column17 AS FLOAT)) as avg_column17, sum(CAST(column04 AS FLOAT)) as sum_column04, avg(CAST(column04 AS FLOAT)) as avg_column04, sum(CAST(column03 AS FLOAT)) as sum_column03, avg(CAST(column03 AS FLOAT)) as avg_column03 FROM query_table WHERE CAST(column05 AS FLOAT) > CAST(-73.986 AS FLOAT) AND CAST(column05 AS FLOAT) < CAST(-73.97975 AS FLOAT) AND CAST(column06 AS FLOAT) > CAST(40.753498 AS FLOAT) AND CAST(column06 AS FLOAT) < CAST(40.756626 AS FLOAT) AND column12 >= 0.0 AND column12 <= 400.0 AND column04 <= 1000.0;",0.05,"{null={12=Stats{sum=14864618.460456116, avg=11.704814314996801}, 17=Stats{sum=18114593.01080642, avg=14.263934735175301}, 4=Stats{sum=3285173.019191035, avg=2.5868366742518187}, 3=Stats{sum=2185164.4245142005, avg=1.720659289353246}}}","{12=14864618.460456116, 17=18114593.01080642, 4=3285173.019191035, 3=2185164.4245142005}"
/data-nonraid/maroulis/data/taxi_data/yellow_tripdata_2014_cleaned.csv,29,1.8864855766296387,"SELECT sum(CAST(column12 AS FLOAT)) as sum_column12, avg(CAST(column12 AS FLOAT)) as avg_column12, sum(CAST(column17 AS FLOAT)) as sum_column17, avg(CAST(column17 AS FLOAT)) as avg_column17, sum(CAST(column04 AS FLOAT)) as sum_column04, avg(CAST(column04 AS FLOAT)) as avg_column04, sum(CAST(column03 AS FLOAT)) as sum_column03, avg(CAST(column03 AS FLOAT)) as avg_column03 FROM query_table WHERE CAST(column05 AS FLOAT) > CAST(-73.98512 AS FLOAT) AND CAST(column05 AS FLOAT) < CAST(-73.978874 AS FLOAT) AND CAST(column06 AS FLOAT) > CAST(40.753498 AS FLOAT) AND CAST(column06 AS FLOAT) < CAST(40.756626 AS FLOAT) AND column12 >= 0.0 AND column12 <= 400.0 AND column04 <= 1000.0;",0.05,"{null={12=Stats{sum=15686901.95460957, avg=11.533165189220771}, 17=Stats{sum=19090346.839787528, avg=14.035411470018852}, 4=Stats{sum=3433192.9740244383, avg=2.524117369412186}, 3=Stats{sum=2335467.5118858954, avg=1.7170587721257198}}}","{12=15686901.95460957, 17=19090346.839787528, 4=3433192.9740244383, 3=2335467.5118858954}"
/data-nonraid/maroulis/data/taxi_data/yellow_tripdata_2014_cleaned.csv,30,1.190810203552246,"SELECT sum(CAST(column12 AS FLOAT)) as sum_column12, avg(CAST(column12 AS FLOAT)) as avg_column12, sum(CAST(column17 AS FLOAT)) as sum_column17, avg(CAST(column17 AS FLOAT)) as avg_column17, sum(CAST(column04 AS FLOAT)) as sum_column04, avg(CAST(column04 AS FLOAT)) as avg_column04, sum(CAST(column03 AS FLOAT)) as sum_column03, avg(CAST(column03 AS FLOAT)) as avg_column03 FROM query_table WHERE CAST(column05 AS FLOAT) > CAST(-73.984436 AS FLOAT) AND CAST(column05 AS FLOAT) < CAST(-73.97819 AS FLOAT) AND CAST(column06 AS FLOAT) > CAST(40.753498 AS FLOAT) AND CAST(column06 AS FLOAT) < CAST(40.756626 AS FLOAT) AND column12 >= 0.0 AND column12 <= 400.0 AND column04 <= 1000.0;",0.05,"{null={12=Stats{sum=15543695.434836373, avg=11.413862301297382}, 17=Stats{sum=18872591.872007947, avg=13.858298098977807}, 4=Stats{sum=3378819.5653986316, avg=2.4810947578113955}, 3=Stats{sum=2325108.695652174, avg=1.7073462741842793}}}","{12=15543695.434836373, 17=18872591.872007947, 4=3378819.5653986316, 3=2325108.695652174}"
/data-nonraid/maroulis/data/taxi_data/yellow_tripdata_2014_cleaned.csv,31,1.249100923538208,"SELECT sum(CAST(column12 AS FLOAT)) as sum_column12, avg(CAST(column12 AS FLOAT)) as avg_column12, sum(CAST(column17 AS FLOAT)) as sum_column17, avg(CAST(column17 AS FLOAT)) as avg_column17, sum(CAST(column04 AS FLOAT)) as sum_column04, avg(CAST(column04 AS FLOAT)) as avg_column04, sum(CAST(column03 AS FLOAT)) as sum_column03, avg(CAST(column03 AS FLOAT)) as avg_column03 FROM query_table WHERE CAST(column05 AS FLOAT) > CAST(-73.985435 AS FLOAT) AND CAST(column05 AS FLOAT) < CAST(-73.97919 AS FLOAT) AND CAST(column06 AS FLOAT) > CAST(40.753498 AS FLOAT) AND CAST(column06 AS FLOAT) < CAST(40.756626 AS FLOAT) AND column12 >= 0.0 AND column12 <= 400.0 AND column04 <= 1000.0;",0.05,"{null={12=Stats{sum=15222708.097514046, avg=11.607593447441854}, 17=Stats{sum=18517372.54219579, avg=14.11983536751472}, 4=Stats{sum=3342230.973968415, avg=2.5485122689574835}, 3=Stats{sum=2264716.8742921855, avg=1.7268880531603923}}}","{12=15222708.097514046, 17=18517372.54219579, 4=3342230.973968415, 3=2264716.8742921855}"
/data-nonraid/maroulis/data/taxi_data/yellow_tripdata_2014_cleaned.csv,32,1.103384256362915,"SELECT sum(CAST(column12 AS FLOAT)) as sum_column12, avg(CAST(column12 AS FLOAT)) as avg_column12, sum(CAST(column17 AS FLOAT)) as sum_column17, avg(CAST(column17 AS FLOAT)) as avg_column17, sum(CAST(column04 AS FLOAT)) as sum_column04, avg(CAST(column04 AS FLOAT)) as avg_column04, sum(CAST(column03 AS FLOAT)) as sum_column03, avg(CAST(column03 AS FLOAT)) as avg_column03 FROM query_table WHERE CAST(column05 AS FLOAT) > CAST(-73.98463 AS FLOAT) AND CAST(column05 AS FLOAT) < CAST(-73.97838 AS FLOAT) AND CAST(column06 AS FLOAT) > CAST(40.753498 AS FLOAT) AND CAST(column06 AS FLOAT) < CAST(40.756626 AS FLOAT) AND column12 >= 0.0 AND column12 <= 400.0 AND column04 <= 1000.0;",0.05,"{null={12=Stats{sum=15757910.005828071, avg=11.428521120766726}, 17=Stats{sum=19142853.842382066, avg=13.883472450883401}, 4=Stats{sum=3423206.1398495887, avg=2.482701300841292}, 3=Stats{sum=2357418.9880613987, avg=1.7097326159111057}}}","{12=15757910.005828071, 17=19142853.842382066, 4=3423206.1398495887, 3=2357418.9880613987}"
/data-nonraid/maroulis/data/taxi_data/yellow_tripdata_2014_cleaned.csv,33,1.2224712371826172,"SELECT sum(CAST(column12 AS FLOAT)) as sum_column12, avg(CAST(column12 AS FLOAT)) as avg_column12, sum(CAST(column17 AS FLOAT)) as sum_column17, avg(CAST(column17 AS FLOAT)) as avg_column17, sum(CAST(column04 AS FLOAT)) as sum_column04, avg(CAST(column04 AS FLOAT)) as avg_column04, sum(CAST(column03 AS FLOAT)) as sum_column03, avg(CAST(column03 AS FLOAT)) as avg_column03 FROM query_table WHERE CAST(column05 AS FLOAT) > CAST(-73.985504 AS FLOAT) AND CAST(column05 AS FLOAT) < CAST(-73.979256 AS FLOAT) AND CAST(column06 AS FLOAT) > CAST(40.753498 AS FLOAT) AND CAST(column06 AS FLOAT) < CAST(40.756626 AS FLOAT) AND column12 >= 0.0 AND column12 <= 400.0 AND column04 <= 1000.0;",0.05,"{null={12=Stats{sum=15093037.96956237, avg=11.606256859514007}, 17=Stats{sum=18372140.435500883, avg=14.127823794222493}, 4=Stats{sum=3319224.706740335, avg=2.5524201687269987}, 3=Stats{sum=2245792.2535211267, avg=1.7269711902956786}}}","{12=15093037.96956237, 17=18372140.435500883, 4=3319224.706740335, 3=2245792.2535211267}"
/data-nonraid/maroulis/data/taxi_data/yellow_tripdata_2014_cleaned.csv,34,1.3313283920288086,"SELECT sum(CAST(column12 AS FLOAT)) as sum_column12, avg(CAST(column12 AS FLOAT)) as avg_column12, sum(CAST(column17 AS FLOAT)) as sum_column17, avg(CAST(column17 AS FLOAT)) as avg_column17, sum(CAST(column04 AS FLOAT)) as sum_column04, avg(CAST(column04 AS FLOAT)) as avg_column04, sum(CAST(column03 AS FLOAT)) as sum_column03, avg(CAST(column03 AS FLOAT)) as avg_column03 FROM query_table WHERE CAST(column05 AS FLOAT) > CAST(-73.98482 AS FLOAT) AND CAST(column05 AS FLOAT) < CAST(-73.97857 AS FLOAT) AND CAST(column06 AS FLOAT) > CAST(40.753498 AS FLOAT) AND CAST(column06 AS FLOAT) < CAST(40.756626 AS FLOAT) AND column12 >= 0.0 AND column12 <= 400.0 AND column04 <= 1000.0;",0.05,"{null={12=Stats{sum=15749948.307697685, avg=11.47382685998929}, 17=Stats{sum=19157195.329630096, avg=13.956004047819142}, 4=Stats{sum=3432850.542403984, avg=2.5008293354533127}, 3=Stats{sum=2355810.0558659215, avg=1.7162060578202956}}}","{12=15749948.307697685, 17=19157195.329630096, 4=3432850.542403984, 3=2355810.0558659215}"
/data-nonraid/maroulis/data/taxi_data/yellow_tripdata_2014_cleaned.csv,35,1.37894868850708,"SELECT sum(CAST(column12 AS FLOAT)) as sum_column12, avg(CAST(column12 AS FLOAT)) as avg_column12, sum(CAST(column17 AS FLOAT)) as sum_column17, avg(CAST(column17 AS FLOAT)) as avg_column17, sum(CAST(column04 AS FLOAT)) as sum_column04, avg(CAST(column04 AS FLOAT)) as avg_column04, sum(CAST(column03 AS FLOAT)) as sum_column03, avg(CAST(column03 AS FLOAT)) as avg_column03 FROM query_table WHERE CAST(column05 AS FLOAT) > CAST(-73.98419 AS FLOAT) AND CAST(column05 AS FLOAT) < CAST(-73.97794 AS FLOAT) AND CAST(column06 AS FLOAT) > CAST(40.753498 AS FLOAT) AND CAST(column06 AS FLOAT) < CAST(40.756626 AS FLOAT) AND column12 >= 0.0 AND column12 <= 400.0 AND column04 <= 1000.0;",0.05,"{null={12=Stats{sum=15493333.626234787, avg=11.413538267599735}, 17=Stats{sum=18803910.178186964, avg=13.85235441105015}, 4=Stats{sum=3355109.2093310496, avg=2.4716222006498167}, 3=Stats{sum=2329960.617994547, avg=1.7164217409254734}}}","{12=15493333.626234787, 17=18803910.178186964, 4=3355109.2093310496, 3=2329960.617994547}"
/data-nonraid/maroulis/data/taxi_data/yellow_tripdata_2014_cleaned.csv,36,1.3080995082855225,"SELECT sum(CAST(column12 AS FLOAT)) as sum_column12, avg(CAST(column12 AS FLOAT)) as avg_column12, sum(CAST(column17 AS FLOAT)) as sum_column17, avg(CAST(column17 AS FLOAT)) as avg_column17, sum(CAST(column04 AS FLOAT)) as sum_column04, avg(CAST(column04 AS FLOAT)) as avg_column04, sum(CAST(column03 AS FLOAT)) as sum_column03, avg(CAST(column03 AS FLOAT)) as avg_column03 FROM query_table WHERE CAST(column05 AS FLOAT) > CAST(-73.983505 AS FLOAT) AND CAST(column05 AS FLOAT) < CAST(-73.97726 AS FLOAT) AND CAST(column06 AS FLOAT) > CAST(40.75384 AS FLOAT) AND CAST(column06 AS FLOAT) < CAST(40.75697 AS FLOAT) AND column12 >= 0.0 AND column12 <= 400.0 AND column04 <= 1000.0;",0.05,"{null={12=Stats{sum=14664619.129504262, avg=11.546579691504558}, 17=Stats{sum=17758065.409862436, avg=13.98228727327736}, 4=Stats{sum=3169820.733489906, avg=2.4958430480738927}, 3=Stats{sum=2185567.0103092785, avg=1.7208645811255068}}}","{12=14664619.129504262, 17=17758065.409862436, 4=3169820.733489906, 3=2185567.0103092785}"
/data-nonraid/maroulis/data/taxi_data/yellow_tripdata_2014_cleaned.csv,37,1.3373069763183594,"SELECT sum(CAST(column12 AS FLOAT)) as sum_column12, avg(CAST(column12 AS FLOAT)) as avg_column12, sum(CAST(column17 AS FLOAT)) as sum_column17, avg(CAST(column17 AS FLOAT)) as avg_column17, sum(CAST(column04 AS FLOAT)) as sum_column04, avg(CAST(column04 AS FLOAT)) as avg_column04, sum(CAST(column03 AS FLOAT)) as sum_column03, avg(CAST(column03 AS FLOAT)) as avg_column03 FROM query_table WHERE CAST(column05 AS FLOAT) > CAST(-73.983505 AS FLOAT) AND CAST(column05 AS FLOAT) < CAST(-73.97726 AS FLOAT) AND CAST(column06 AS FLOAT) > CAST(40.753216 AS FLOAT) AND CAST(column06 AS FLOAT) < CAST(40.756344 AS FLOAT) AND column12 >= 0.0 AND column12 <= 400.0 AND column04 <= 1000.0;",0.05,"{null={12=Stats{sum=15410348.053973116, avg=11.304013023580746}, 17=Stats{sum=18677249.159441736, avg=13.700395799208355}, 4=Stats{sum=3303542.0657655955, avg=2.4232601628834227}, 3=Stats{sum=2329276.4471057886, avg=1.7086032840650371}}}","{12=15410348.053973116, 17=18677249.159441736, 4=3303542.0657655955, 3=2329276.4471057886}"
/data-nonraid/maroulis/data/taxi_data/yellow_tripdata_2014_cleaned.csv,38,1.1820802688598633,"SELECT sum(CAST(column12 AS FLOAT)) as sum_column12, avg(CAST(column12 AS FLOAT)) as avg_column12, sum(CAST(column17 AS FLOAT)) as sum_column17, avg(CAST(column17 AS FLOAT)) as avg_column17, sum(CAST(column04 AS FLOAT)) as sum_column04, avg(CAST(column04 AS FLOAT)) as avg_column04, sum(CAST(column03 AS FLOAT)) as sum_column03, avg(CAST(column03 AS FLOAT)) as avg_column03 FROM query_table WHERE CAST(column05 AS FLOAT) > CAST(-73.98419 AS FLOAT) AND CAST(column05 AS FLOAT) < CAST(-73.97794 AS FLOAT) AND CAST(column06 AS FLOAT) > CAST(40.753216 AS FLOAT) AND CAST(column06 AS FLOAT) < CAST(40.756344 AS FLOAT) AND column12 >= 0.0 AND column12 <= 400.0 AND column04 <= 1000.0;",0.05,"{null={12=Stats{sum=15034392.056361254, avg=11.310848430677863}, 17=Stats{sum=18267668.325955145, avg=13.74334438281118}, 4=Stats{sum=3245646.8449870427, avg=2.441802727076239}, 3=Stats{sum=2269968.2251475262, avg=1.7077688569545426}}}","{12=15034392.056361254, 17=18267668.325955145, 4=3245646.8449870427, 3=2269968.2251475262}"
/data-nonraid/maroulis/data/taxi_data/yellow_tripdata_2014_cleaned.csv,39,1.3954381942749023,"SELECT sum(CAST(column12 AS FLOAT)) as sum_column12, avg(CAST(column12 AS FLOAT)) as avg_column12, sum(CAST(column17 AS FLOAT)) as sum_column17, avg(CAST(column17 AS FLOAT)) as avg_column17, sum(CAST(column04 AS FLOAT)) as sum_column04, avg(CAST(column04 AS FLOAT)) as avg_column04, sum(CAST(column03 AS FLOAT)) as sum_column03, avg(CAST(column03 AS FLOAT)) as avg_column03 FROM query_table WHERE CAST(column05 AS FLOAT) > CAST(-73.98419 AS FLOAT) AND CAST(column05 AS FLOAT) < CAST(-73.97794 AS FLOAT) AND CAST(column06 AS FLOAT) > CAST(40.752747 AS FLOAT) AND CAST(column06 AS FLOAT) < CAST(40.755875 AS FLOAT) AND column12 >= 0.0 AND column12 <= 400.0 AND column04 <= 1000.0;",0.05,"{null={12=Stats{sum=15176525.494449602, avg=11.212528213719152}, 17=Stats{sum=18480735.220995773, avg=13.653702565285567}, 4=Stats{sum=3272066.809217899, avg=2.417426928775455}, 3=Stats{sum=2302896.846606093, avg=1.7013970605656161}}}","{12=15176525.494449602, 17=18480735.220995773, 4=3272066.809217899, 3=2302896.846606093}"
/data-nonraid/maroulis/data/taxi_data/yellow_tripdata_2014_cleaned.csv,40,1.094341516494751,"SELECT sum(CAST(column12 AS FLOAT)) as sum_column12, avg(CAST(column12 AS FLOAT)) as avg_column12, sum(CAST(column17 AS FLOAT)) as sum_column17, avg(CAST(column17 AS FLOAT)) as avg_column17, sum(CAST(column04 AS FLOAT)) as sum_column04, avg(CAST(column04 AS FLOAT)) as avg_column04, sum(CAST(column03 AS FLOAT)) as sum_column03, avg(CAST(column03 AS FLOAT)) as avg_column03 FROM query_table WHERE CAST(column05 AS FLOAT) > CAST(-73.98419 AS FLOAT) AND CAST(column05 AS FLOAT) < CAST(-73.97794 AS FLOAT) AND CAST(column06 AS FLOAT) > CAST(40.752308 AS FLOAT) AND CAST(column06 AS FLOAT) < CAST(40.755436 AS FLOAT) AND column12 >= 0.0 AND column12 <= 400.0 AND column04 <= 1000.0;",0.05,"{null={12=Stats{sum=16578884.542277163, avg=11.153072067137057}, 17=Stats{sum=20197468.046580404, avg=13.587392814201264}, 4=Stats{sum=3569378.696448596, avg=2.401219318156066}, 3=Stats{sum=2498084.507042254, avg=1.6805302229949641}}}","{12=16578884.542277163, 17=20197468.046580404, 4=3569378.696448596, 3=2498084.507042254}"
/data-nonraid/maroulis/data/taxi_data/yellow_tripdata_2014_cleaned.csv,41,1.1750316619873047,"SELECT sum(CAST(column12 AS FLOAT)) as sum_column12, avg(CAST(column12 AS FLOAT)) as avg_column12, sum(CAST(column17 AS FLOAT)) as sum_column17, avg(CAST(column17 AS FLOAT)) as avg_column17, sum(CAST(column04 AS FLOAT)) as sum_column04, avg(CAST(column04 AS FLOAT)) as avg_column04, sum(CAST(column03 AS FLOAT)) as sum_column03, avg(CAST(column03 AS FLOAT)) as avg_column03 FROM query_table WHERE CAST(column05 AS FLOAT) > CAST(-73.98419 AS FLOAT) AND CAST(column05 AS FLOAT) < CAST(-73.97794 AS FLOAT) AND CAST(column06 AS FLOAT) > CAST(40.752716 AS FLOAT) AND CAST(column06 AS FLOAT) < CAST(40.755844 AS FLOAT) AND column12 >= 0.0 AND column12 <= 400.0 AND column04 <= 1000.0;",0.05,"{null={12=Stats{sum=14944770.519117728, avg=11.23951131420894}, 17=Stats{sum=18204927.086538244, avg=13.69137677301551}, 4=Stats{sum=3228594.678174625, avg=2.42812871351341}, 3=Stats{sum=2269043.421482207, avg=1.7064791443640186}}}","{12=14944770.519117728, 17=18204927.086538244, 4=3228594.678174625, 3=2269043.421482207}"
/data-nonraid/maroulis/data/taxi_data/yellow_tripdata_2014_cleaned.csv,42,1.2423639297485352,"SELECT sum(CAST(column12 AS FLOAT)) as sum_column12, avg(CAST(column12 AS FLOAT)) as avg_column12, sum(CAST(column17 AS FLOAT)) as sum_column17, avg(CAST(column17 AS FLOAT)) as avg_column17, sum(CAST(column04 AS FLOAT)) as sum_column04, avg(CAST(column04 AS FLOAT)) as avg_column04, sum(CAST(column03 AS FLOAT)) as sum_column03, avg(CAST(column03 AS FLOAT)) as avg_column03 FROM query_table WHERE CAST(column05 AS FLOAT) > CAST(-73.98494 AS FLOAT) AND CAST(column05 AS FLOAT) < CAST(-73.97869 AS FLOAT) AND CAST(column06 AS FLOAT) > CAST(40.752716 AS FLOAT) AND CAST(column06 AS FLOAT) < CAST(40.755844 AS FLOAT) AND column12 >= 0.0 AND column12 <= 400.0 AND column04 <= 1000.0;",0.05,"{null={12=Stats{sum=14725057.559184201, avg=11.251559415644957}, 17=Stats{sum=17984290.17035323, avg=13.7419706908867}, 4=Stats{sum=3200869.566738789, avg=2.4458155064683162}, 3=Stats{sum=2222346.4566929135, avg=1.698116499655549}}}","{12=14725057.559184201, 17=17984290.17035323, 4=3200869.566738789, 3=2222346.4566929135}"
/data-nonraid/maroulis/data/taxi_data/yellow_tripdata_2014_cleaned.csv,43,0.8624515533447266,"SELECT sum(CAST(column12 AS FLOAT)) as sum_column12, avg(CAST(column12 AS FLOAT)) as avg_column12, sum(CAST(column17 AS FLOAT)) as sum_column17, avg(CAST(column17 AS FLOAT)) as avg_column17, sum(CAST(column04 AS FLOAT)) as sum_column04, avg(CAST(column04 AS FLOAT)) as avg_column04, sum(CAST(column03 AS FLOAT)) as sum_column03, avg(CAST(column03 AS FLOAT)) as avg_column03 FROM query_table WHERE CAST(column05 AS FLOAT) > CAST(-73.98569 AS FLOAT) AND CAST(column05 AS FLOAT) < CAST(-73.97944 AS FLOAT) AND CAST(column06 AS FLOAT) > CAST(40.752716 AS FLOAT) AND CAST(column06 AS FLOAT) < CAST(40.755844 AS FLOAT) AND column12 >= 0.0 AND column12 <= 400.0 AND column04 <= 1000.0;",0.05,"{null={12=Stats{sum=14553433.596305666, avg=11.409588163717833}, 17=Stats{sum=17769176.239002768, avg=13.93066327296169}, 4=Stats{sum=3199568.4544234728, avg=2.508394883243351}, 3=Stats{sum=2187981.0725552053, avg=1.7153314908587292}}}","{12=14553433.596305666, 17=17769176.239002768, 4=3199568.4544234728, 3=2187981.0725552053}"
/data-nonraid/maroulis/data/taxi_data/yellow_tripdata_2014_cleaned.csv,44,0.9596800804138184,"SELECT sum(CAST(column12 AS FLOAT)) as sum_column12, avg(CAST(column12 AS FLOAT)) as avg_column12, sum(CAST(column17 AS FLOAT)) as sum_column17, avg(CAST(column17 AS FLOAT)) as avg_column17, sum(CAST(column04 AS FLOAT)) as sum_column04, avg(CAST(column04 AS FLOAT)) as avg_column04, sum(CAST(column03 AS FLOAT)) as sum_column03, avg(CAST(column03 AS FLOAT)) as avg_column03 FROM query_table WHERE CAST(column05 AS FLOAT) > CAST(-73.984566 AS FLOAT) AND CAST(column05 AS FLOAT) < CAST(-73.97832 AS FLOAT) AND CAST(column06 AS FLOAT) > CAST(40.752716 AS FLOAT) AND CAST(column06 AS FLOAT) < CAST(40.755844 AS FLOAT) AND column12 >= 0.0 AND column12 <= 400.0 AND column04 <= 1000.0;",0.05,"{null={12=Stats{sum=14707354.308138316, avg=11.242000359272293}, 17=Stats{sum=17941558.11847657, avg=13.714159500611755}, 4=Stats{sum=3190191.174824501, avg=2.438516784332782}, 3=Stats{sum=2220919.0600522193, avg=1.697625034925957}}}","{12=14707354.308138316, 17=17941558.11847657, 4=3190191.174824501, 3=2220919.0600522193}"
/data-nonraid/maroulis/data/taxi_data/yellow_tripdata_2014_cleaned.csv,45,1.2263033390045166,"SELECT sum(CAST(column12 AS FLOAT)) as sum_column12, avg(CAST(column12 AS FLOAT)) as avg_column12, sum(CAST(column17 AS FLOAT)) as sum_column17, avg(CAST(column17 AS FLOAT)) as avg_column17, sum(CAST(column04 AS FLOAT)) as sum_column04, avg(CAST(column04 AS FLOAT)) as avg_column04, sum(CAST(column03 AS FLOAT)) as sum_column03, avg(CAST(column03 AS FLOAT)) as avg_column03 FROM query_table WHERE CAST(column05 AS FLOAT) > CAST(-73.984566 AS FLOAT) AND CAST(column05 AS FLOAT) < CAST(-73.97832 AS FLOAT) AND CAST(column06 AS FLOAT) > CAST(40.752403 AS FLOAT) AND CAST(column06 AS FLOAT) < CAST(40.75553 AS FLOAT) AND column12 >= 0.0 AND column12 <= 400.0 AND column04 <= 1000.0;",0.05,"{null={12=Stats{sum=14728699.40886033, avg=11.206863991302043}, 17=Stats{sum=18012097.803798337, avg=13.705156489497368}, 4=Stats{sum=3200603.1531049465, avg=2.4352947420056714}, 3=Stats{sum=2223673.6302719745, avg=1.6919625585210556}}}","{12=14728699.40886033, 17=18012097.803798337, 4=3200603.1531049465, 3=2223673.6302719745}"
/data-nonraid/maroulis/data/taxi_data/yellow_tripdata_2014_cleaned.csv,46,1.024315357208252,"SELECT sum(CAST(column12 AS FLOAT)) as sum_column12, avg(CAST(column12 AS FLOAT)) as avg_column12, sum(CAST(column17 AS FLOAT)) as sum_column17, avg(CAST(column17 AS FLOAT)) as avg_column17, sum(CAST(column04 AS FLOAT)) as sum_column04, avg(CAST(column04 AS FLOAT)) as avg_column04, sum(CAST(column03 AS FLOAT)) as sum_column03, avg(CAST(column03 AS FLOAT)) as avg_column03 FROM query_table WHERE CAST(column05 AS FLOAT) > CAST(-73.98525 AS FLOAT) AND CAST(column05 AS FLOAT) < CAST(-73.979004 AS FLOAT) AND CAST(column06 AS FLOAT) > CAST(40.752403 AS FLOAT) AND CAST(column06 AS FLOAT) < CAST(40.75553 AS FLOAT) AND column12 >= 0.0 AND column12 <= 400.0 AND column04 <= 1000.0;",0.05,"{null={12=Stats{sum=14340299.916261403, avg=11.288372351514822}, 17=Stats{sum=17562082.03757613, avg=13.824489199364924}, 4=Stats{sum=3144746.836809809, avg=2.475476346551359}, 3=Stats{sum=2151390.867197319, avg=1.6935281217537554}}}","{12=14340299.916261403, 17=17562082.03757613, 4=3144746.836809809, 3=2151390.867197319}"
/data-nonraid/maroulis/data/taxi_data/yellow_tripdata_2014_cleaned.csv,47,1.1051521301269531,"SELECT sum(CAST(column12 AS FLOAT)) as sum_column12, avg(CAST(column12 AS FLOAT)) as avg_column12, sum(CAST(column17 AS FLOAT)) as sum_column17, avg(CAST(column17 AS FLOAT)) as avg_column17, sum(CAST(column04 AS FLOAT)) as sum_column04, avg(CAST(column04 AS FLOAT)) as avg_column04, sum(CAST(column03 AS FLOAT)) as sum_column03, avg(CAST(column03 AS FLOAT)) as avg_column03 FROM query_table WHERE CAST(column05 AS FLOAT) > CAST(-73.986 AS FLOAT) AND CAST(column05 AS FLOAT) < CAST(-73.97975 AS FLOAT) AND CAST(column06 AS FLOAT) > CAST(40.752403 AS FLOAT) AND CAST(column06 AS FLOAT) < CAST(40.75553 AS FLOAT) AND column12 >= 0.0 AND column12 <= 400.0 AND column04 <= 1000.0;",0.05,"{null={12=Stats{sum=13673002.020798815, avg=11.367516530820104}, 17=Stats{sum=16720901.9173674, avg=13.901492054690033}, 4=Stats{sum=3010932.5902671916, avg=2.5032414930519895}, 3=Stats{sum=2055647.6683937823, avg=1.7090327944413573}}}","{12=13673002.020798815, 17=16720901.9173674, 4=3010932.5902671916, 3=2055647.6683937823}"
/data-nonraid/maroulis/data/taxi_data/yellow_tripdata_2014_cleaned.csv,48,1.1169371604919434,"SELECT sum(CAST(column12 AS FLOAT)) as sum_column12, avg(CAST(column12 AS FLOAT)) as avg_column12, sum(CAST(column17 AS FLOAT)) as sum_column17, avg(CAST(column17 AS FLOAT)) as avg_column17, sum(CAST(column04 AS FLOAT)) as sum_column04, avg(CAST(column04 AS FLOAT)) as avg_column04, sum(CAST(column03 AS FLOAT)) as sum_column03, avg(CAST(column03 AS FLOAT)) as avg_column03 FROM query_table WHERE CAST(column05 AS FLOAT) > CAST(-73.98694 AS FLOAT) AND CAST(column05 AS FLOAT) < CAST(-73.98069 AS FLOAT) AND CAST(column06 AS FLOAT) > CAST(40.752403 AS FLOAT) AND CAST(column06 AS FLOAT) < CAST(40.75553 AS FLOAT) AND column12 >= 0.0 AND column12 <= 400.0 AND column04 <= 1000.0;",0.05,"{null={12=Stats{sum=12127672.251676437, avg=11.459616913749095}, 17=Stats{sum=14826410.72990812, avg=14.00969482393126}, 4=Stats{sum=2690411.7095691036, avg=2.542209823296046}, 3=Stats{sum=1814269.6979134227, avg=1.7143302758233059}}}","{12=12127672.251676437, 17=14826410.72990812, 4=2690411.7095691036, 3=1814269.6979134227}"
/data-nonraid/maroulis/data/taxi_data/yellow_tripdata_2014_cleaned.csv,49,1.1237983703613281,"SELECT sum(CAST(column12 AS FLOAT)) as sum_column12, avg(CAST(column12 AS FLOAT)) as avg_column12, sum(CAST(column17 AS FLOAT)) as sum_column17, avg(CAST(column17 AS FLOAT)) as avg_column17, sum(CAST(column04 AS FLOAT)) as sum_column04, avg(CAST(column04 AS FLOAT)) as avg_column04, sum(CAST(column03 AS FLOAT)) as sum_column03, avg(CAST(column03 AS FLOAT)) as avg_column03 FROM query_table WHERE CAST(column05 AS FLOAT) > CAST(-73.987625 AS FLOAT) AND CAST(column05 AS FLOAT) < CAST(-73.98138 AS FLOAT) AND CAST(column06 AS FLOAT) > CAST(40.752403 AS FLOAT) AND CAST(column06 AS FLOAT) < CAST(40.75553 AS FLOAT) AND column12 >= 0.0 AND column12 <= 400.0 AND column04 <= 1000.0;",0.05,"{null={12=Stats{sum=11748797.246718373, avg=11.468114717992757}, 17=Stats{sum=14366128.862381158, avg=14.022917443168225}, 4=Stats{sum=2603789.720823729, avg=2.541584350540851}, 3=Stats{sum=1754460.3524229077, avg=1.712545732745183}}}","{12=11748797.246718373, 17=14366128.862381158, 4=2603789.720823729, 3=1754460.3524229077}"
/data-nonraid/maroulis/data/taxi_data/yellow_tripdata_2014_cleaned.csv,50,1.220534324645996,"SELECT sum(CAST(column12 AS FLOAT)) as sum_column12, avg(CAST(column12 AS FLOAT)) as avg_column12, sum(CAST(column17 AS FLOAT)) as sum_column17, avg(CAST(column17 AS FLOAT)) as avg_column17, sum(CAST(column04 AS FLOAT)) as sum_column04, avg(CAST(column04 AS FLOAT)) as avg_column04, sum(CAST(column03 AS FLOAT)) as sum_column03, avg(CAST(column03 AS FLOAT)) as avg_column03 FROM query_table WHERE CAST(column05 AS FLOAT) > CAST(-73.988625 AS FLOAT) AND CAST(column05 AS FLOAT) < CAST(-73.982376 AS FLOAT) AND CAST(column06 AS FLOAT) > CAST(40.751904 AS FLOAT) AND CAST(column06 AS FLOAT) < CAST(40.75503 AS FLOAT) AND column12 >= 0.0 AND column12 <= 400.0 AND column04 <= 1000.0;",0.05,"{null={12=Stats{sum=11591489.009569263, avg=11.301401806483575}, 17=Stats{sum=14138491.08643011, avg=13.784662917182088}, 4=Stats{sum=2552625.915781921, avg=2.488744208106408}, 3=Stats{sum=1753911.1261872456, avg=1.7100179583089425}}}","{12=11591489.009569263, 17=14138491.08643011, 4=2552625.915781921, 3=1753911.1261872456}"
/data-nonraid/maroulis/data/taxi_data/yellow_tripdata_2014_cleaned.csv,51,1.0637946128845215,"SELECT sum(CAST(column12 AS FLOAT)) as sum_column12, avg(CAST(column12 AS FLOAT)) as avg_column12, sum(CAST(column17 AS FLOAT)) as sum_column17, avg(CAST(column17 AS FLOAT)) as avg_column17, sum(CAST(column04 AS FLOAT)) as sum_column04, avg(CAST(column04 AS FLOAT)) as avg_column04, sum(CAST(column03 AS FLOAT)) as sum_column03, avg(CAST(column03 AS FLOAT)) as avg_column03 FROM query_table WHERE CAST(column05 AS FLOAT) > CAST(-73.98937 AS FLOAT) AND CAST(column05 AS FLOAT) < CAST(-73.98312 AS FLOAT) AND CAST(column06 AS FLOAT) > CAST(40.751904 AS FLOAT) AND CAST(column06 AS FLOAT) < CAST(40.75503 AS FLOAT) AND column12 >= 0.0 AND column12 <= 400.0 AND column04 <= 1000.0;",0.05,"{null={12=Stats{sum=12573393.922480011, avg=11.177755669222279}, 17=Stats{sum=15344201.613934858, avg=13.641005573936567}, 4=Stats{sum=2743717.6735980297, avg=2.4391668605859267}, 3=Stats{sum=1917369.89172197, avg=1.7045431256928336}}}","{12=12573393.922480011, 17=15344201.613934858, 4=2743717.6735980297, 3=1917369.89172197}"
/data-nonraid/maroulis/data/taxi_data/yellow_tripdata_2014_cleaned.csv,52,0.9117262363433838,"SELECT sum(CAST(column12 AS FLOAT)) as sum_column12, avg(CAST(column12 AS FLOAT)) as avg_column12, sum(CAST(column17 AS FLOAT)) as sum_column17, avg(CAST(column17 AS FLOAT)) as avg_column17, sum(CAST(column04 AS FLOAT)) as sum_column04, avg(CAST(column04 AS FLOAT)) as avg_column04, sum(CAST(column03 AS FLOAT)) as sum_column03, avg(CAST(column03 AS FLOAT)) as avg_column03 FROM query_table WHERE CAST(column05 AS FLOAT) > CAST(-73.99049 AS FLOAT) AND CAST(column05 AS FLOAT) < CAST(-73.984245 AS FLOAT) AND CAST(column06 AS FLOAT) > CAST(40.751904 AS FLOAT) AND CAST(column06 AS FLOAT) < CAST(40.75503 AS FLOAT) AND column12 >= 0.0 AND column12 <= 400.0 AND column04 <= 1000.0;",0.05,"{null={12=Stats{sum=12636476.879113045, avg=11.106806467925585}, 17=Stats{sum=15374349.575208267, avg=13.513254282475119}, 4=Stats{sum=2724436.292564023, avg=2.3946379141260477}, 3=Stats{sum=1941918.3965640657, avg=1.7068453504467094}}}","{12=12636476.879113045, 17=15374349.575208267, 4=2724436.292564023, 3=1941918.3965640657}"
/data-nonraid/maroulis/data/taxi_data/yellow_tripdata_2014_cleaned.csv,53,1.067507028579712,"SELECT sum(CAST(column12 AS FLOAT)) as sum_column12, avg(CAST(column12 AS FLOAT)) as avg_column12, sum(CAST(column17 AS FLOAT)) as sum_column17, avg(CAST(column17 AS FLOAT)) as avg_column17, sum(CAST(column04 AS FLOAT)) as sum_column04, avg(CAST(column04 AS FLOAT)) as avg_column04, sum(CAST(column03 AS FLOAT)) as sum_column03, avg(CAST(column03 AS FLOAT)) as avg_column03 FROM query_table WHERE CAST(column05 AS FLOAT) > CAST(-73.99143 AS FLOAT) AND CAST(column05 AS FLOAT) < CAST(-73.98518 AS FLOAT) AND CAST(column06 AS FLOAT) > CAST(40.751904 AS FLOAT) AND CAST(column06 AS FLOAT) < CAST(40.75503 AS FLOAT) AND column12 >= 0.0 AND column12 <= 400.0 AND column04 <= 1000.0;",0.05,"{null={12=Stats{sum=10782666.935491597, avg=11.073258796654535}, 17=Stats{sum=13096989.441967605, avg=13.449952077310215}, 4=Stats{sum=2307471.7008950096, avg=2.369657846507725}, 3=Stats{sum=1667419.3548387098, avg=1.7123561498413271}}}","{12=10782666.935491597, 17=13096989.441967605, 4=2307471.7008950096, 3=1667419.3548387098}"
/data-nonraid/maroulis/data/taxi_data/yellow_tripdata_2014_cleaned.csv,54,1.1906177997589111,"SELECT sum(CAST(column12 AS FLOAT)) as sum_column12, avg(CAST(column12 AS FLOAT)) as avg_column12, sum(CAST(column17 AS FLOAT)) as sum_column17, avg(CAST(column17 AS FLOAT)) as avg_column17, sum(CAST(column04 AS FLOAT)) as sum_column04, avg(CAST(column04 AS FLOAT)) as avg_column04, sum(CAST(column03 AS FLOAT)) as sum_column03, avg(CAST(column03 AS FLOAT)) as avg_column03 FROM query_table WHERE CAST(column05 AS FLOAT) > CAST(-73.99081 AS FLOAT) AND CAST(column05 AS FLOAT) < CAST(-73.98456 AS FLOAT) AND CAST(column06 AS FLOAT) > CAST(40.751904 AS FLOAT) AND CAST(column06 AS FLOAT) < CAST(40.75503 AS FLOAT) AND column12 >= 0.0 AND column12 <= 400.0 AND column04 <= 1000.0;",0.05,"{null={12=Stats{sum=11765999.381461587, avg=11.056341813126284}, 17=Stats{sum=14302501.111334378, avg=13.439856313326436}, 4=Stats{sum=2532158.5976620386, avg=2.3794333208030705}, 3=Stats{sum=1826948.4536082475, avg=1.7167574060798636}}}","{12=11765999.381461587, 17=14302501.111334378, 4=2532158.5976620386, 3=1826948.4536082475}"
/data-nonraid/maroulis/data/taxi_data/yellow_tripdata_2014_cleaned.csv,55,1.069751501083374,"SELECT sum(CAST(column12 AS FLOAT)) as sum_column12, avg(CAST(column12 AS FLOAT)) as avg_column12, sum(CAST(column17 AS FLOAT)) as sum_column17, avg(CAST(column17 AS FLOAT)) as avg_column17, sum(CAST(column04 AS FLOAT)) as sum_column04, avg(CAST(column04 AS FLOAT)) as avg_column04, sum(CAST(column03 AS FLOAT)) as sum_column03, avg(CAST(column03 AS FLOAT)) as avg_column03 FROM query_table WHERE CAST(column05 AS FLOAT) > CAST(-73.991615 AS FLOAT) AND CAST(column05 AS FLOAT) < CAST(-73.98537 AS FLOAT) AND CAST(column06 AS FLOAT) > CAST(40.751904 AS FLOAT) AND CAST(column06 AS FLOAT) < CAST(40.75503 AS FLOAT) AND column12 >= 0.0 AND column12 <= 400.0 AND column04 <= 1000.0;",0.05,"{null={12=Stats{sum=10517958.112929864, avg=11.023034730751604}, 17=Stats{sum=12759244.962166436, avg=13.371949084226774}, 4=Stats{sum=2238838.0950615318, avg=2.346348009130695}, 3=Stats{sum=1626962.0811287477, avg=1.7050894606484048}}}","{12=10517958.112929864, 17=12759244.962166436, 4=2238838.0950615318, 3=1626962.0811287477}"
/data-nonraid/maroulis/data/taxi_data/yellow_tripdata_2014_cleaned.csv,56,1.4714570045471191,"SELECT sum(CAST(column12 AS FLOAT)) as sum_column12, avg(CAST(column12 AS FLOAT)) as avg_column12, sum(CAST(column17 AS FLOAT)) as sum_column17, avg(CAST(column17 AS FLOAT)) as avg_column17, sum(CAST(column04 AS FLOAT)) as sum_column04, avg(CAST(column04 AS FLOAT)) as avg_column04, sum(CAST(column03 AS FLOAT)) as sum_column03, avg(CAST(column03 AS FLOAT)) as avg_column03 FROM query_table WHERE CAST(column05 AS FLOAT) > CAST(-73.990616 AS FLOAT) AND CAST(column05 AS FLOAT) < CAST(-73.98437 AS FLOAT) AND CAST(column06 AS FLOAT) > CAST(40.751404 AS FLOAT) AND CAST(column06 AS FLOAT) < CAST(40.75453 AS FLOAT) AND column12 >= 0.0 AND column12 <= 400.0 AND column04 <= 1000.0;",0.05,"{null={12=Stats{sum=12639834.07934674, avg=11.17206750610407}, 17=Stats{sum=15352070.528368926, avg=13.569352827317552}, 4=Stats{sum=2718676.556478736, avg=2.402977588596065}, 3=Stats{sum=1945838.6882339907, avg=1.71988342920263}}}","{12=12639834.07934674, 17=15352070.528368926, 4=2718676.556478736, 3=1945838.6882339907}"
/data-nonraid/maroulis/data/taxi_data/yellow_tripdata_2014_cleaned.csv,57,1.0827629566192627,"SELECT sum(CAST(column12 AS FLOAT)) as sum_column12, avg(CAST(column12 AS FLOAT)) as avg_column12, sum(CAST(column17 AS FLOAT)) as sum_column17, avg(CAST(column17 AS FLOAT)) as avg_column17, sum(CAST(column04 AS FLOAT)) as sum_column04, avg(CAST(column04 AS FLOAT)) as avg_column04, sum(CAST(column03 AS FLOAT)) as sum_column03, avg(CAST(column03 AS FLOAT)) as avg_column03 FROM query_table WHERE CAST(column05 AS FLOAT) > CAST(-73.991806 AS FLOAT) AND CAST(column05 AS FLOAT) < CAST(-73.98556 AS FLOAT) AND CAST(column06 AS FLOAT) > CAST(40.751404 AS FLOAT) AND CAST(column06 AS FLOAT) < CAST(40.75453 AS FLOAT) AND column12 >= 0.0 AND column12 <= 400.0 AND column04 <= 1000.0;",0.05,"{null={12=Stats{sum=10698688.481709577, avg=11.038650463565746}, 17=Stats{sum=12943989.56222684, avg=13.355298327055653}, 4=Stats{sum=2254407.9742305344, avg=2.326044138246528}, 3=Stats{sum=1653000.4027386226, avg=1.70552621409249}}}","{12=10698688.481709577, 17=12943989.56222684, 4=2254407.9742305344, 3=1653000.4027386226}"
/data-nonraid/maroulis/data/taxi_data/yellow_tripdata_2014_cleaned.csv,58,1.0996971130371094,"SELECT sum(CAST(column12 AS FLOAT)) as sum_column12, avg(CAST(column12 AS FLOAT)) as avg_column12, sum(CAST(column17 AS FLOAT)) as sum_column17, avg(CAST(column17 AS FLOAT)) as avg_column17, sum(CAST(column04 AS FLOAT)) as sum_column04, avg(CAST(column04 AS FLOAT)) as avg_column04, sum(CAST(column03 AS FLOAT)) as sum_column03, avg(CAST(column03 AS FLOAT)) as avg_column03 FROM query_table WHERE CAST(column05 AS FLOAT) > CAST(-73.991806 AS FLOAT) AND CAST(column05 AS FLOAT) < CAST(-73.98556 AS FLOAT) AND CAST(column06 AS FLOAT) > CAST(40.750935 AS FLOAT) AND CAST(column06 AS FLOAT) < CAST(40.754063 AS FLOAT) AND column12 >= 0.0 AND column12 <= 400.0 AND column04 <= 1000.0;",0.05,"{null={12=Stats{sum=12344702.060389291, avg=10.928749474826342}, 17=Stats{sum=14861067.952566765, avg=13.156485088701356}, 4=Stats{sum=2587693.8923467514, avg=2.2908822042566226}, 3=Stats{sum=1935584.9889624724, avg=1.713570998159699}}}","{12=12344702.060389291, 17=14861067.952566765, 4=2587693.8923467514, 3=1935584.9889624724}"
/data-nonraid/maroulis/data/taxi_data/yellow_tripdata_2014_cleaned.csv,59,1.2292563915252686,"SELECT sum(CAST(column12 AS FLOAT)) as sum_column12, avg(CAST(column12 AS FLOAT)) as avg_column12, sum(CAST(column17 AS FLOAT)) as sum_column17, avg(CAST(column17 AS FLOAT)) as avg_column17, sum(CAST(column04 AS FLOAT)) as sum_column04, avg(CAST(column04 AS FLOAT)) as avg_column04, sum(CAST(column03 AS FLOAT)) as sum_column03, avg(CAST(column03 AS FLOAT)) as avg_column03 FROM query_table WHERE CAST(column05 AS FLOAT) > CAST(-73.992615 AS FLOAT) AND CAST(column05 AS FLOAT) < CAST(-73.98637 AS FLOAT) AND CAST(column06 AS FLOAT) > CAST(40.750935 AS FLOAT) AND CAST(column06 AS FLOAT) < CAST(40.754063 AS FLOAT) AND column12 >= 0.0 AND column12 <= 400.0 AND column04 <= 1000.0;",0.05,"{null={12=Stats{sum=11453883.88871141, avg=10.90491282390287}, 17=Stats{sum=13762818.206870973, avg=13.10318265973236}, 4=Stats{sum=2357613.791422875, avg=2.2446161596972476}, 3=Stats{sum=1778924.5044285113, avg=1.6936627636165051}}}","{12=11453883.88871141, 17=13762818.206870973, 4=2357613.791422875, 3=1778924.5044285113}"
/data-nonraid/maroulis/data/taxi_data/yellow_tripdata_2014_cleaned.csv,60,1.2520971298217773,"SELECT sum(CAST(column12 AS FLOAT)) as sum_column12, avg(CAST(column12 AS FLOAT)) as avg_column12, sum(CAST(column17 AS FLOAT)) as sum_column17, avg(CAST(column17 AS FLOAT)) as avg_column17, sum(CAST(column04 AS FLOAT)) as sum_column04, avg(CAST(column04 AS FLOAT)) as avg_column04, sum(CAST(column03 AS FLOAT)) as sum_column03, avg(CAST(column03 AS FLOAT)) as avg_column03 FROM query_table WHERE CAST(column05 AS FLOAT) > CAST(-73.993805 AS FLOAT) AND CAST(column05 AS FLOAT) < CAST(-73.98756 AS FLOAT) AND CAST(column06 AS FLOAT) > CAST(40.750935 AS FLOAT) AND CAST(column06 AS FLOAT) < CAST(40.754063 AS FLOAT) AND column12 >= 0.0 AND column12 <= 400.0 AND column04 <= 1000.0;",0.05,"{null={12=Stats{sum=14196948.393048005, avg=11.179184508723456}, 17=Stats{sum=16992544.788666956, avg=13.380537014438719}, 4=Stats{sum=2946331.1600115723, avg=2.320046445875617}, 3=Stats{sum=2159152.1273339456, avg=1.7001935448105647}}}","{12=14196948.393048005, 17=16992544.788666956, 4=2946331.1600115723, 3=2159152.1273339456}"
/data-nonraid/maroulis/data/taxi_data/yellow_tripdata_2014_cleaned.csv,61,1.001150131225586,"SELECT sum(CAST(column12 AS FLOAT)) as sum_column12, avg(CAST(column12 AS FLOAT)) as avg_column12, sum(CAST(column17 AS FLOAT)) as sum_column17, avg(CAST(column17 AS FLOAT)) as avg_column17, sum(CAST(column04 AS FLOAT)) as sum_column04, avg(CAST(column04 AS FLOAT)) as avg_column04, sum(CAST(column03 AS FLOAT)) as sum_column03, avg(CAST(column03 AS FLOAT)) as avg_column03 FROM query_table WHERE CAST(column05 AS FLOAT) > CAST(-73.993805 AS FLOAT) AND CAST(column05 AS FLOAT) < CAST(-73.98756 AS FLOAT) AND CAST(column06 AS FLOAT) > CAST(40.75031 AS FLOAT) AND CAST(column06 AS FLOAT) < CAST(40.753437 AS FLOAT) AND column12 >= 0.0 AND column12 <= 400.0 AND column04 <= 1000.0;",0.05,"{null={12=Stats{sum=17335526.965267073, avg=11.140585478206612}, 17=Stats{sum=20628396.907469526, avg=13.256731075235397}, 4=Stats{sum=3578912.4372790367, avg=2.2999693061773394}, 3=Stats{sum=2638074.6268656715, avg=1.6953448220737284}}}","{12=17335526.965267073, 17=20628396.907469526, 4=3578912.4372790367, 3=2638074.6268656715}"
/data-nonraid/maroulis/data/taxi_data/yellow_tripdata_2014_cleaned.csv,62,1.1121695041656494,"SELECT sum(CAST(column12 AS FLOAT)) as sum_column12, avg(CAST(column12 AS FLOAT)) as avg_column12, sum(CAST(column17 AS FLOAT)) as sum_column17, avg(CAST(column17 AS FLOAT)) as avg_column17, sum(CAST(column04 AS FLOAT)) as sum_column04, avg(CAST(column04 AS FLOAT)) as avg_column04, sum(CAST(column03 AS FLOAT)) as sum_column03, avg(CAST(column03 AS FLOAT)) as avg_column03 FROM query_table WHERE CAST(column05 AS FLOAT) > CAST(-73.99312 AS FLOAT) AND CAST(column05 AS FLOAT) < CAST(-73.98687 AS FLOAT) AND CAST(column06 AS FLOAT) > CAST(40.75031 AS FLOAT) AND CAST(column06 AS FLOAT) < CAST(40.753437 AS FLOAT) AND column12 >= 0.0 AND column12 <= 400.0 AND column04 <= 1000.0;",0.05,"{null={12=Stats{sum=16323912.162200823, avg=11.033700219244254}, 17=Stats{sum=19456383.895826545, avg=13.151008479093571}, 4=Stats{sum=3366828.519909379, avg=2.2757152947871213}, 3=Stats{sum=2533520.625889047, avg=1.712463704017076}}}","{12=16323912.162200823, 17=19456383.895826545, 4=3366828.519909379, 3=2533520.625889047}"
/data-nonraid/maroulis/data/taxi_data/yellow_tripdata_2014_cleaned.csv,63,1.0239942073822021,"SELECT sum(CAST(column12 AS FLOAT)) as sum_column12, avg(CAST(column12 AS FLOAT)) as avg_column12, sum(CAST(column17 AS FLOAT)) as sum_column17, avg(CAST(column17 AS FLOAT)) as avg_column17, sum(CAST(column04 AS FLOAT)) as sum_column04, avg(CAST(column04 AS FLOAT)) as avg_column04, sum(CAST(column03 AS FLOAT)) as sum_column03, avg(CAST(column03 AS FLOAT)) as avg_column03 FROM query_table WHERE CAST(column05 AS FLOAT) > CAST(-73.993744 AS FLOAT) AND CAST(column05 AS FLOAT) < CAST(-73.987495 AS FLOAT) AND CAST(column06 AS FLOAT) > CAST(40.749996 AS FLOAT) AND CAST(column06 AS FLOAT) < CAST(40.753124 AS FLOAT) AND column12 >= 0.0 AND column12 <= 400.0 AND column04 <= 1000.0;",0.05,"{null={12=Stats{sum=22933497.357504357, avg=11.189306066416245}, 17=Stats{sum=27171757.668559413, avg=13.257163012536225}, 4=Stats{sum=4685117.771369642, avg=2.2858797279738425}, 3=Stats{sum=3459155.440414508, avg=1.6877298891981465}}}","{12=22933497.357504357, 17=27171757.668559413, 4=4685117.771369642, 3=3459155.440414508}"
/data-nonraid/maroulis/data/taxi_data/yellow_tripdata_2014_cleaned.csv,64,1.1202046871185303,"SELECT sum(CAST(column12 AS FLOAT)) as sum_column12, avg(CAST(column12 AS FLOAT)) as avg_column12, sum(CAST(column17 AS FLOAT)) as sum_column17, avg(CAST(column17 AS FLOAT)) as avg_column17, sum(CAST(column04 AS FLOAT)) as sum_column04, avg(CAST(column04 AS FLOAT)) as avg_column04, sum(CAST(column03 AS FLOAT)) as sum_column03, avg(CAST(column03 AS FLOAT)) as avg_column03 FROM query_table WHERE CAST(column05 AS FLOAT) > CAST(-73.992935 AS FLOAT) AND CAST(column05 AS FLOAT) < CAST(-73.98669 AS FLOAT) AND CAST(column06 AS FLOAT) > CAST(40.749996 AS FLOAT) AND CAST(column06 AS FLOAT) < CAST(40.753124 AS FLOAT) AND column12 >= 0.0 AND column12 <= 400.0 AND column04 <= 1000.0;",0.05,"{null={12=Stats{sum=22396780.566493887, avg=11.106896025663392}, 17=Stats{sum=26569545.923678726, avg=13.176232322643397}, 4=Stats{sum=4591734.460749444, avg=2.2771092962037907}, 3=Stats{sum=3412997.6396538154, avg=1.6925562049833394}}}","{12=22396780.566493887, 17=26569545.923678726, 4=4591734.460749444, 3=3412997.6396538154}"
/data-nonraid/maroulis/data/taxi_data/yellow_tripdata_2014_cleaned.csv,65,0.9627034664154053,"SELECT sum(CAST(column12 AS FLOAT)) as sum_column12, avg(CAST(column12 AS FLOAT)) as avg_column12, sum(CAST(column17 AS FLOAT)) as sum_column17, avg(CAST(column17 AS FLOAT)) as avg_column17, sum(CAST(column04 AS FLOAT)) as sum_column04, avg(CAST(column04 AS FLOAT)) as avg_column04, sum(CAST(column03 AS FLOAT)) as sum_column03, avg(CAST(column03 AS FLOAT)) as avg_column03 FROM query_table WHERE CAST(column05 AS FLOAT) > CAST(-73.993935 AS FLOAT) AND CAST(column05 AS FLOAT) < CAST(-73.987686 AS FLOAT) AND CAST(column06 AS FLOAT) > CAST(40.749996 AS FLOAT) AND CAST(column06 AS FLOAT) < CAST(40.753124 AS FLOAT) AND column12 >= 0.0 AND column12 <= 400.0 AND column04 <= 1000.0;",0.05,"{null={12=Stats{sum=23287615.82732207, avg=11.21454886865611}, 17=Stats{sum=27614275.594111033, avg=13.298125725664178}, 4=Stats{sum=4771943.955937601, avg=2.2980110582880693}, 3=Stats{sum=3492366.90647482, avg=1.6818088906288435}}}","{12=23287615.82732207, 17=27614275.594111033, 4=4771943.955937601, 3=3492366.90647482}"
/data-nonraid/maroulis/data/taxi_data/yellow_tripdata_2014_cleaned.csv,66,1.0801048278808594,"SELECT sum(CAST(column12 AS FLOAT)) as sum_column12, avg(CAST(column12 AS FLOAT)) as avg_column12, sum(CAST(column17 AS FLOAT)) as sum_column17, avg(CAST(column17 AS FLOAT)) as avg_column17, sum(CAST(column04 AS FLOAT)) as sum_column04, avg(CAST(column04 AS FLOAT)) as avg_column04, sum(CAST(column03 AS FLOAT)) as sum_column03, avg(CAST(column03 AS FLOAT)) as avg_column03 FROM query_table WHERE CAST(column05 AS FLOAT) > CAST(-73.992744 AS FLOAT) AND CAST(column05 AS FLOAT) < CAST(-73.986496 AS FLOAT) AND CAST(column06 AS FLOAT) > CAST(40.75059 AS FLOAT) AND CAST(column06 AS FLOAT) < CAST(40.75372 AS FLOAT) AND column12 >= 0.0 AND column12 <= 400.0 AND column04 <= 1000.0;",0.05,"{null={12=Stats{sum=13625258.19730894, avg=10.876061546833316}, 17=Stats{sum=16273167.242392993, avg=12.9896964833396}, 4=Stats{sum=2807474.165754135, avg=2.241004271311142}, 3=Stats{sum=2141774.3080198723, avg=1.7096240567427314}}}","{12=13625258.19730894, 17=16273167.242392993, 4=2807474.165754135, 3=2141774.3080198723}"
/data-nonraid/maroulis/data/taxi_data/yellow_tripdata_2014_cleaned.csv,67,1.2711377143859863,"SELECT sum(CAST(column12 AS FLOAT)) as sum_column12, avg(CAST(column12 AS FLOAT)) as avg_column12, sum(CAST(column17 AS FLOAT)) as sum_column17, avg(CAST(column17 AS FLOAT)) as avg_column17, sum(CAST(column04 AS FLOAT)) as sum_column04, avg(CAST(column04 AS FLOAT)) as avg_column04, sum(CAST(column03 AS FLOAT)) as sum_column03, avg(CAST(column03 AS FLOAT)) as avg_column03 FROM query_table WHERE CAST(column05 AS FLOAT) > CAST(-73.992744 AS FLOAT) AND CAST(column05 AS FLOAT) < CAST(-73.986496 AS FLOAT) AND CAST(column06 AS FLOAT) > CAST(40.750248 AS FLOAT) AND CAST(column06 AS FLOAT) < CAST(40.753376 AS FLOAT) AND column12 >= 0.0 AND column12 <= 400.0 AND column04 <= 1000.0;",0.05,"{null={12=Stats{sum=17289798.952874713, avg=11.021431765841438}, 17=Stats{sum=20583783.089231446, avg=13.121191369499737}, 4=Stats{sum=3576423.756246241, avg=2.279801546717725}, 3=Stats{sum=2673664.9214659687, avg=1.7043353469278777}}}","{12=17289798.952874713, 17=20583783.089231446, 4=3576423.756246241, 3=2673664.9214659687}"
/data-nonraid/maroulis/data/taxi_data/yellow_tripdata_2014_cleaned.csv,68,0.9413018226623535,"SELECT sum(CAST(column12 AS FLOAT)) as sum_column12, avg(CAST(column12 AS FLOAT)) as avg_column12, sum(CAST(column17 AS FLOAT)) as sum_column17, avg(CAST(column17 AS FLOAT)) as avg_column17, sum(CAST(column04 AS FLOAT)) as sum_column04, avg(CAST(column04 AS FLOAT)) as avg_column04, sum(CAST(column03 AS FLOAT)) as sum_column03, avg(CAST(column03 AS FLOAT)) as avg_column03 FROM query_table WHERE CAST(column05 AS FLOAT) > CAST(-73.991684 AS FLOAT) AND CAST(column05 AS FLOAT) < CAST(-73.985435 AS FLOAT) AND CAST(column06 AS FLOAT) > CAST(40.75078 AS FLOAT) AND CAST(column06 AS FLOAT) < CAST(40.753906 AS FLOAT) AND column12 >= 0.0 AND column12 <= 400.0 AND column04 <= 1000.0;",0.05,"{null={12=Stats{sum=13807478.408365568, avg=10.95865660206698}, 17=Stats{sum=16603964.228490096, avg=13.178158736267454}, 4=Stats{sum=2897451.271510842, avg=2.2996359339929797}, 3=Stats{sum=2167599.4781474234, avg=1.7203704854208084}}}","{12=13807478.408365568, 17=16603964.228490096, 4=2897451.271510842, 3=2167599.4781474234}"
/data-nonraid/maroulis/data/taxi_data/yellow_tripdata_2014_cleaned.csv,69,0.8495962619781494,"SELECT sum(CAST(column12 AS FLOAT)) as sum_column12, avg(CAST(column12 AS FLOAT)) as avg_column12, sum(CAST(column17 AS FLOAT)) as sum_column17, avg(CAST(column17 AS FLOAT)) as avg_column17, sum(CAST(column04 AS FLOAT)) as sum_column04, avg(CAST(column04 AS FLOAT)) as avg_column04, sum(CAST(column03 AS FLOAT)) as sum_column03, avg(CAST(column03 AS FLOAT)) as avg_column03 FROM query_table WHERE CAST(column05 AS FLOAT) > CAST(-73.994804 AS FLOAT) AND CAST(column05 AS FLOAT) < CAST(-73.98231 AS FLOAT) AND CAST(column06 AS FLOAT) > CAST(40.749214 AS FLOAT) AND CAST(column06 AS FLOAT) < CAST(40.75547 AS FLOAT) AND column12 >= 0.0 AND column12 <= 400.0 AND column04 <= 1000.0;",0.05,"{null={12=Stats{sum=82890753.11416833, avg=11.471186539841714}, 17=Stats{sum=98975406.7215228, avg=13.697129181532627}, 4=Stats{sum=17328908.717353776, avg=2.398134133910732}, 3=Stats{sum=12229252.669039145, avg=1.6923967190427998}}}","{12=82890753.11416833, 17=98975406.7215228, 4=17328908.717353776, 3=12229252.669039145}"
/data-nonraid/maroulis/data/taxi_data/yellow_tripdata_2014_cleaned.csv,70,0.8365037441253662,"SELECT sum(CAST(column12 AS FLOAT)) as sum_column12, avg(CAST(column12 AS FLOAT)) as avg_column12, sum(CAST(column17 AS FLOAT)) as sum_column17, avg(CAST(column17 AS FLOAT)) as avg_column17, sum(CAST(column04 AS FLOAT)) as sum_column04, avg(CAST(column04 AS FLOAT)) as avg_column04, sum(CAST(column03 AS FLOAT)) as sum_column03, avg(CAST(column03 AS FLOAT)) as avg_column03 FROM query_table WHERE CAST(column05 AS FLOAT) > CAST(-74.00105 AS FLOAT) AND CAST(column05 AS FLOAT) < CAST(-73.97606 AS FLOAT) AND CAST(column06 AS FLOAT) > CAST(40.746086 AS FLOAT) AND CAST(column06 AS FLOAT) < CAST(40.7586 AS FLOAT) AND column12 >= 0.0 AND column12 <= 400.0 AND column04 <= 1000.0;",0.05,"{null={12=Stats{sum=250558259.22186294, avg=11.380935028441565}, 17=Stats{sum=301044632.37669325, avg=13.674142741814135}, 4=Stats{sum=53249562.99603591, avg=2.41871818008668}, 3=Stats{sum=37253379.15234822, avg=1.692134552017911}}}","{12=250558259.22186294, 17=301044632.37669325, 4=53249562.99603591, 3=37253379.15234822}"
/data-nonraid/maroulis/data/taxi_data/yellow_tripdata_2014_cleaned.csv,71,1.2434320449829102,"SELECT sum(CAST(column12 AS FLOAT)) as sum_column12, avg(CAST(column12 AS FLOAT)) as avg_column12, sum(CAST(column17 AS FLOAT)) as sum_column17, avg(CAST(column17 AS FLOAT)) as avg_column17, sum(CAST(column04 AS FLOAT)) as sum_column04, avg(CAST(column04 AS FLOAT)) as avg_column04, sum(CAST(column03 AS FLOAT)) as sum_column03, avg(CAST(column03 AS FLOAT)) as avg_column03 FROM query_table WHERE CAST(column05 AS FLOAT) > CAST(-74.01355 AS FLOAT) AND CAST(column05 AS FLOAT) < CAST(-73.96356 AS FLOAT) AND CAST(column06 AS FLOAT) > CAST(40.73983 AS FLOAT) AND CAST(column06 AS FLOAT) < CAST(40.764854 AS FLOAT) AND column12 >= 0.0 AND column12 <= 400.0 AND column04 <= 1000.0;",0.05,"{null={12=Stats{sum=746986851.0487691, avg=11.347717096537151}, 17=Stats{sum=902816732.5467454, avg=13.714978860172259}, 4=Stats{sum=160778777.6683296, avg=2.4424420343486526}, 3=Stats{sum=112545962.22562532, avg=1.7097218483844119}}}","{12=746986851.0487691, 17=902816732.5467454, 4=160778777.6683296, 3=112545962.22562532}"
/data-nonraid/maroulis/data/taxi_data/yellow_tripdata_2014_cleaned.csv,72,0.7874476909637451,"SELECT sum(CAST(column12 AS FLOAT)) as sum_column12, avg(CAST(column12 AS FLOAT)) as avg_column12, sum(CAST(column17 AS FLOAT)) as sum_column17, avg(CAST(column17 AS FLOAT)) as avg_column17, sum(CAST(column04 AS FLOAT)) as sum_column04, avg(CAST(column04 AS FLOAT)) as avg_column04, sum(CAST(column03 AS FLOAT)) as sum_column03, avg(CAST(column03 AS FLOAT)) as avg_column03 FROM query_table WHERE CAST(column05 AS FLOAT) > CAST(-74.01755 AS FLOAT) AND CAST(column05 AS FLOAT) < CAST(-73.96756 AS FLOAT) AND CAST(column06 AS FLOAT) > CAST(40.741833 AS FLOAT) AND CAST(column06 AS FLOAT) < CAST(40.766857 AS FLOAT) AND column12 >= 0.0 AND column12 <= 400.0 AND column04 <= 1000.0;",0.05,"{null={12=Stats{sum=691240408.8219205, avg=11.422372495372557}, 17=Stats{sum=833996717.8621677, avg=13.781343002755479}, 4=Stats{sum=148827078.48864624, avg=2.4592866768200095}, 3=Stats{sum=103323900.62111801, avg=1.707371365312229}}}","{12=691240408.8219205, 17=833996717.8621677, 4=148827078.48864624, 3=103323900.62111801}"
/data-nonraid/maroulis/data/taxi_data/yellow_tripdata_2014_cleaned.csv,73,1.8765573501586914,"SELECT sum(CAST(column12 AS FLOAT)) as sum_column12, avg(CAST(column12 AS FLOAT)) as avg_column12, sum(CAST(column17 AS FLOAT)) as sum_column17, avg(CAST(column17 AS FLOAT)) as avg_column17, sum(CAST(column04 AS FLOAT)) as sum_column04, avg(CAST(column04 AS FLOAT)) as avg_column04, sum(CAST(column03 AS FLOAT)) as sum_column03, avg(CAST(column03 AS FLOAT)) as avg_column03 FROM query_table WHERE CAST(column05 AS FLOAT) > CAST(-74.01305 AS FLOAT) AND CAST(column05 AS FLOAT) < CAST(-73.96306 AS FLOAT) AND CAST(column06 AS FLOAT) > CAST(40.744083 AS FLOAT) AND CAST(column06 AS FLOAT) < CAST(40.769108 AS FLOAT) AND column12 >= 0.0 AND column12 <= 400.0 AND column04 <= 1000.0;",0.05,"{null={12=Stats{sum=707057928.6643066, avg=11.374803224836077}, 17=Stats{sum=853804834.5002323, avg=13.73559589834516}, 4=Stats{sum=151672499.97704473, avg=2.4400332305402106}, 3=Stats{sum=105565274.64788733, avg=1.6982826693760151}}}","{12=707057928.6643066, 17=853804834.5002323, 4=151672499.97704473, 3=105565274.64788733}"
/data-nonraid/maroulis/data/taxi_data/yellow_tripdata_2014_cleaned.csv,74,1.5243442058563232,"SELECT sum(CAST(column12 AS FLOAT)) as sum_column12, avg(CAST(column12 AS FLOAT)) as avg_column12, sum(CAST(column17 AS FLOAT)) as sum_column17, avg(CAST(column17 AS FLOAT)) as avg_column17, sum(CAST(column04 AS FLOAT)) as sum_column04, avg(CAST(column04 AS FLOAT)) as avg_column04, sum(CAST(column03 AS FLOAT)) as sum_column03, avg(CAST(column03 AS FLOAT)) as avg_column03 FROM query_table WHERE CAST(column05 AS FLOAT) > CAST(-74.01305 AS FLOAT) AND CAST(column05 AS FLOAT) < CAST(-73.96306 AS FLOAT) AND CAST(column06 AS FLOAT) > CAST(40.74158 AS FLOAT) AND CAST(column06 AS FLOAT) < CAST(40.766605 AS FLOAT) AND column12 >= 0.0 AND column12 <= 400.0 AND column04 <= 1000.0;",0.05,"{null={12=Stats{sum=722839366.4977095, avg=11.330012590529611}, 17=Stats{sum=872280672.8311329, avg=13.672402837627814}, 4=Stats{sum=155347175.98232338, avg=2.434960713762565}, 3=Stats{sum=108813727.50642674, avg=1.7055807414636426}}}","{12=722839366.4977095, 17=872280672.8311329, 4=155347175.98232338, 3=108813727.50642674}"
/data-nonraid/maroulis/data/taxi_data/yellow_tripdata_2014_cleaned.csv,75,1.0773983001708984,"SELECT sum(CAST(column12 AS FLOAT)) as sum_column12, avg(CAST(column12 AS FLOAT)) as avg_column12, sum(CAST(column17 AS FLOAT)) as sum_column17, avg(CAST(column17 AS FLOAT)) as avg_column17, sum(CAST(column04 AS FLOAT)) as sum_column04, avg(CAST(column04 AS FLOAT)) as avg_column04, sum(CAST(column03 AS FLOAT)) as sum_column03, avg(CAST(column03 AS FLOAT)) as avg_column03 FROM query_table WHERE CAST(column05 AS FLOAT) > CAST(-74.007545 AS FLOAT) AND CAST(column05 AS FLOAT) < CAST(-73.95756 AS FLOAT) AND CAST(column06 AS FLOAT) > CAST(40.744335 AS FLOAT) AND CAST(column06 AS FLOAT) < CAST(40.76936 AS FLOAT) AND column12 >= 0.0 AND column12 <= 400.0 AND column04 <= 1000.0;",0.05,"{null={12=Stats{sum=723293886.8008326, avg=11.330188417981342}, 17=Stats{sum=871681646.9823443, avg=13.654639533163671}, 4=Stats{sum=154900677.95381674, avg=2.4264740782650454}, 3=Stats{sum=108368577.29138167, avg=1.697562251950883}}}","{12=723293886.8008326, 17=871681646.9823443, 4=154900677.95381674, 3=108368577.29138167}"
/data-nonraid/maroulis/data/taxi_data/yellow_tripdata_2014_cleaned.csv,76,0.8926725387573242,"SELECT sum(CAST(column12 AS FLOAT)) as sum_column12, avg(CAST(column12 AS FLOAT)) as avg_column12, sum(CAST(column17 AS FLOAT)) as sum_column17, avg(CAST(column17 AS FLOAT)) as avg_column17, sum(CAST(column04 AS FLOAT)) as sum_column04, avg(CAST(column04 AS FLOAT)) as avg_column04, sum(CAST(column03 AS FLOAT)) as sum_column03, avg(CAST(column03 AS FLOAT)) as avg_column03 FROM query_table WHERE CAST(column05 AS FLOAT) > CAST(-74.00255 AS FLOAT) AND CAST(column05 AS FLOAT) < CAST(-73.95256 AS FLOAT) AND CAST(column06 AS FLOAT) > CAST(40.741833 AS FLOAT) AND CAST(column06 AS FLOAT) < CAST(40.766857 AS FLOAT) AND column12 >= 0.0 AND column12 <= 400.0 AND column04 <= 1000.0;",0.05,"{null={12=Stats{sum=713613679.0695034, avg=11.360159525277725}, 17=Stats{sum=862453393.2736564, avg=13.729568838255933}, 4=Stats{sum=153562529.80398786, avg=2.444592763346693}, 3=Stats{sum=106350932.7548807, avg=1.6930218649015807}}}","{12=713613679.0695034, 17=862453393.2736564, 4=153562529.80398786, 3=106350932.7548807}"
/data-nonraid/maroulis/data/taxi_data/yellow_tripdata_2014_cleaned.csv,77,1.203697919845581,"SELECT sum(CAST(column12 AS FLOAT)) as sum_column12, avg(CAST(column12 AS FLOAT)) as avg_column12, sum(CAST(column17 AS FLOAT)) as sum_column17, avg(CAST(column17 AS FLOAT)) as avg_column17, sum(CAST(column04 AS FLOAT)) as sum_column04, avg(CAST(column04 AS FLOAT)) as avg_column04, sum(CAST(column03 AS FLOAT)) as sum_column03, avg(CAST(column03 AS FLOAT)) as avg_column03 FROM query_table WHERE CAST(column05 AS FLOAT) > CAST(-73.99855 AS FLOAT) AND CAST(column05 AS FLOAT) < CAST(-73.94856 AS FLOAT) AND CAST(column06 AS FLOAT) > CAST(40.741833 AS FLOAT) AND CAST(column06 AS FLOAT) < CAST(40.766857 AS FLOAT) AND column12 >= 0.0 AND column12 <= 400.0 AND column04 <= 1000.0;",0.05,"{null={12=Stats{sum=703351342.9724103, avg=11.354270208558097}, 17=Stats{sum=848482598.8429942, avg=13.697138408536258}, 4=Stats{sum=151439734.0742496, avg=2.444706586788534}, 3=Stats{sum=105241766.25659052, avg=1.698928228747426}}}","{12=703351342.9724103, 17=848482598.8429942, 4=151439734.0742496, 3=105241766.25659052}"
/data-nonraid/maroulis/data/taxi_data/yellow_tripdata_2014_cleaned.csv,78,1.2563223838806152,"SELECT sum(CAST(column12 AS FLOAT)) as sum_column12, avg(CAST(column12 AS FLOAT)) as avg_column12, sum(CAST(column17 AS FLOAT)) as sum_column17, avg(CAST(column17 AS FLOAT)) as avg_column17, sum(CAST(column04 AS FLOAT)) as sum_column04, avg(CAST(column04 AS FLOAT)) as avg_column04, sum(CAST(column03 AS FLOAT)) as sum_column03, avg(CAST(column03 AS FLOAT)) as avg_column03 FROM query_table WHERE CAST(column05 AS FLOAT) > CAST(-73.99205 AS FLOAT) AND CAST(column05 AS FLOAT) < CAST(-73.94206 AS FLOAT) AND CAST(column06 AS FLOAT) > CAST(40.745087 AS FLOAT) AND CAST(column06 AS FLOAT) < CAST(40.77011 AS FLOAT) AND column12 >= 0.0 AND column12 <= 400.0 AND column04 <= 1000.0;",0.05,"{null={12=Stats{sum=627942696.977676, avg=11.351365149424934}, 17=Stats{sum=756968609.3602049, avg=13.683775817215315}, 4=Stats{sum=135157072.69735914, avg=2.443244092334173}, 3=Stats{sum=93720343.64261167, avg=1.6941893706818472}}}","{12=627942696.977676, 17=756968609.3602049, 4=135157072.69735914, 3=93720343.64261167}"
/data-nonraid/maroulis/data/taxi_data/yellow_tripdata_2014_cleaned.csv,79,0.8457350730895996,"SELECT sum(CAST(column12 AS FLOAT)) as sum_column12, avg(CAST(column12 AS FLOAT)) as avg_column12, sum(CAST(column17 AS FLOAT)) as sum_column17, avg(CAST(column17 AS FLOAT)) as avg_column17, sum(CAST(column04 AS FLOAT)) as sum_column04, avg(CAST(column04 AS FLOAT)) as avg_column04, sum(CAST(column03 AS FLOAT)) as sum_column03, avg(CAST(column03 AS FLOAT)) as avg_column03 FROM query_table WHERE CAST(column05 AS FLOAT) > CAST(-73.98805 AS FLOAT) AND CAST(column05 AS FLOAT) < CAST(-73.938065 AS FLOAT) AND CAST(column06 AS FLOAT) > CAST(40.74709 AS FLOAT) AND CAST(column06 AS FLOAT) < CAST(40.772114 AS FLOAT) AND column12 >= 0.0 AND column12 <= 400.0 AND column04 <= 1000.0;",0.05,"{null={12=Stats{sum=541031434.3920634, avg=11.290796545127264}, 17=Stats{sum=652198809.9928434, avg=13.610750877863099}, 4=Stats{sum=116564331.10736838, avg=2.4325835123258632}, 3=Stats{sum=80744783.86167148, avg=1.6850646167848276}}}","{12=541031434.3920634, 17=652198809.9928434, 4=116564331.10736838, 3=80744783.86167148}"
/data-nonraid/maroulis/data/taxi_data/yellow_tripdata_2014_cleaned.csv,80,1.0611624717712402,"SELECT sum(CAST(column12 AS FLOAT)) as sum_column12, avg(CAST(column12 AS FLOAT)) as avg_column12, sum(CAST(column17 AS FLOAT)) as sum_column17, avg(CAST(column17 AS FLOAT)) as avg_column17, sum(CAST(column04 AS FLOAT)) as sum_column04, avg(CAST(column04 AS FLOAT)) as avg_column04, sum(CAST(column03 AS FLOAT)) as sum_column03, avg(CAST(column03 AS FLOAT)) as avg_column03 FROM query_table WHERE CAST(column05 AS FLOAT) > CAST(-73.98155 AS FLOAT) AND CAST(column05 AS FLOAT) < CAST(-73.931564 AS FLOAT) AND CAST(column06 AS FLOAT) > CAST(40.74709 AS FLOAT) AND CAST(column06 AS FLOAT) < CAST(40.772114 AS FLOAT) AND column12 >= 0.0 AND column12 <= 400.0 AND column04 <= 1000.0;",0.05,"{null={12=Stats{sum=400172897.99721384, avg=11.133550150757552}, 17=Stats{sum=482378407.0685592, avg=13.420659453998653}, 4=Stats{sum=85510117.9563857, avg=2.379049634368899}, 3=Stats{sum=60623096.31544925, avg=1.6866466632304495}}}","{12=400172897.99721384, 17=482378407.0685592, 4=85510117.9563857, 3=60623096.31544925}"
/data-nonraid/maroulis/data/taxi_data/yellow_tripdata_2014_cleaned.csv,81,1.2565670013427734,"SELECT sum(CAST(column12 AS FLOAT)) as sum_column12, avg(CAST(column12 AS FLOAT)) as avg_column12, sum(CAST(column17 AS FLOAT)) as sum_column17, avg(CAST(column17 AS FLOAT)) as avg_column17, sum(CAST(column04 AS FLOAT)) as sum_column04, avg(CAST(column04 AS FLOAT)) as avg_column04, sum(CAST(column03 AS FLOAT)) as sum_column03, avg(CAST(column03 AS FLOAT)) as avg_column03 FROM query_table WHERE CAST(column05 AS FLOAT) > CAST(-73.98155 AS FLOAT) AND CAST(column05 AS FLOAT) < CAST(-73.931564 AS FLOAT) AND CAST(column06 AS FLOAT) > CAST(40.744587 AS FLOAT) AND CAST(column06 AS FLOAT) < CAST(40.76961 AS FLOAT) AND column12 >= 0.0 AND column12 <= 400.0 AND column04 <= 1000.0;",0.05,"{null={12=Stats{sum=388344916.6935909, avg=11.187906104580646}, 17=Stats{sum=468972182.95152575, avg=13.510713087720656}, 4=Stats{sum=83089630.8912016, avg=2.393745736624364}, 3=Stats{sum=58454097.59876066, avg=1.6840157479875681}}}","{12=388344916.6935909, 17=468972182.95152575, 4=83089630.8912016, 3=58454097.59876066}"
/data-nonraid/maroulis/data/taxi_data/yellow_tripdata_2014_cleaned.csv,82,1.1303415298461914,"SELECT sum(CAST(column12 AS FLOAT)) as sum_column12, avg(CAST(column12 AS FLOAT)) as avg_column12, sum(CAST(column17 AS FLOAT)) as sum_column17, avg(CAST(column17 AS FLOAT)) as avg_column17, sum(CAST(column04 AS FLOAT)) as sum_column04, avg(CAST(column04 AS FLOAT)) as avg_column04, sum(CAST(column03 AS FLOAT)) as sum_column03, avg(CAST(column03 AS FLOAT)) as avg_column03 FROM query_table WHERE CAST(column05 AS FLOAT) > CAST(-73.98855 AS FLOAT) AND CAST(column05 AS FLOAT) < CAST(-73.93856 AS FLOAT) AND CAST(column06 AS FLOAT) > CAST(40.741085 AS FLOAT) AND CAST(column06 AS FLOAT) < CAST(40.76611 AS FLOAT) AND column12 >= 0.0 AND column12 <= 400.0 AND column04 <= 1000.0;",0.05,"{null={12=Stats{sum=521074184.05856335, avg=11.34229337573114}, 17=Stats{sum=630174106.7901065, avg=13.717086387452646}, 4=Stats{sum=112632917.4463296, avg=2.4516961932184245}, 3=Stats{sum=78052342.73318872, avg=1.6989760710222503}}}","{12=521074184.05856335, 17=630174106.7901065, 4=112632917.4463296, 3=78052342.73318872}"
/data-nonraid/maroulis/data/taxi_data/yellow_tripdata_2014_cleaned.csv,83,1.0625572204589844,"SELECT sum(CAST(column12 AS FLOAT)) as sum_column12, avg(CAST(column12 AS FLOAT)) as avg_column12, sum(CAST(column17 AS FLOAT)) as sum_column17, avg(CAST(column17 AS FLOAT)) as avg_column17, sum(CAST(column04 AS FLOAT)) as sum_column04, avg(CAST(column04 AS FLOAT)) as avg_column04, sum(CAST(column03 AS FLOAT)) as sum_column03, avg(CAST(column03 AS FLOAT)) as avg_column03 FROM query_table WHERE CAST(column05 AS FLOAT) > CAST(-73.98355 AS FLOAT) AND CAST(column05 AS FLOAT) < CAST(-73.93356 AS FLOAT) AND CAST(column06 AS FLOAT) > CAST(40.738583 AS FLOAT) AND CAST(column06 AS FLOAT) < CAST(40.763607 AS FLOAT) AND column12 >= 0.0 AND column12 <= 400.0 AND column04 <= 1000.0;",0.05,"{null={12=Stats{sum=361310208.2957808, avg=11.3165529143122}, 17=Stats{sum=438079385.00600684, avg=13.721030923741312}, 4=Stats{sum=77986431.76019552, avg=2.442603506209753}, 3=Stats{sum=53921331.103678934, avg=1.688863427145124}}}","{12=361310208.2957808, 17=438079385.00600684, 4=77986431.76019552, 3=53921331.103678934}"
/data-nonraid/maroulis/data/taxi_data/yellow_tripdata_2014_cleaned.csv,84,0.963336706161499,"SELECT sum(CAST(column12 AS FLOAT)) as sum_column12, avg(CAST(column12 AS FLOAT)) as avg_column12, sum(CAST(column17 AS FLOAT)) as sum_column17, avg(CAST(column17 AS FLOAT)) as avg_column17, sum(CAST(column04 AS FLOAT)) as sum_column04, avg(CAST(column04 AS FLOAT)) as avg_column04, sum(CAST(column03 AS FLOAT)) as sum_column03, avg(CAST(column03 AS FLOAT)) as avg_column03 FROM query_table WHERE CAST(column05 AS FLOAT) > CAST(-73.98955 AS FLOAT) AND CAST(column05 AS FLOAT) < CAST(-73.93956 AS FLOAT) AND CAST(column06 AS FLOAT) > CAST(40.741585 AS FLOAT) AND CAST(column06 AS FLOAT) < CAST(40.76661 AS FLOAT) AND column12 >= 0.0 AND column12 <= 400.0 AND column04 <= 1000.0;",0.05,"{null={12=Stats{sum=552636252.1720128, avg=11.375548386445743}, 17=Stats{sum=667743748.2984899, avg=13.744938535360172}, 4=Stats{sum=119433997.36044772, avg=2.45844750615007}, 3=Stats{sum=82577231.77723178, avg=1.6997822564276164}}}","{12=552636252.1720128, 17=667743748.2984899, 4=119433997.36044772, 3=82577231.77723178}"
/data-nonraid/maroulis/data/taxi_data/yellow_tripdata_2014_cleaned.csv,85,0.8437283039093018,"SELECT sum(CAST(column12 AS FLOAT)) as sum_column12, avg(CAST(column12 AS FLOAT)) as avg_column12, sum(CAST(column17 AS FLOAT)) as sum_column17, avg(CAST(column17 AS FLOAT)) as avg_column17, sum(CAST(column04 AS FLOAT)) as sum_column04, avg(CAST(column04 AS FLOAT)) as avg_column04, sum(CAST(column03 AS FLOAT)) as sum_column03, avg(CAST(column03 AS FLOAT)) as avg_column03 FROM query_table WHERE CAST(column05 AS FLOAT) > CAST(-73.996544 AS FLOAT) AND CAST(column05 AS FLOAT) < CAST(-73.946556 AS FLOAT) AND CAST(column06 AS FLOAT) > CAST(40.738083 AS FLOAT) AND CAST(column06 AS FLOAT) < CAST(40.763107 AS FLOAT) AND column12 >= 0.0 AND column12 <= 400.0 AND column04 <= 1000.0;",0.05,"{null={12=Stats{sum=630779043.9540757, avg=11.331495777567557}, 17=Stats{sum=762092774.4754547, avg=13.690453319359298}, 4=Stats{sum=135708946.20771804, avg=2.437914457796824}, 3=Stats{sum=94607401.1976048, avg=1.6995545071965794}}}","{12=630779043.9540757, 17=762092774.4754547, 4=135708946.20771804, 3=94607401.1976048}"
/data-nonraid/maroulis/data/taxi_data/yellow_tripdata_2014_cleaned.csv,86,0.963604211807251,"SELECT sum(CAST(column12 AS FLOAT)) as sum_column12, avg(CAST(column12 AS FLOAT)) as avg_column12, sum(CAST(column17 AS FLOAT)) as sum_column17, avg(CAST(column17 AS FLOAT)) as avg_column17, sum(CAST(column04 AS FLOAT)) as sum_column04, avg(CAST(column04 AS FLOAT)) as avg_column04, sum(CAST(column03 AS FLOAT)) as sum_column03, avg(CAST(column03 AS FLOAT)) as avg_column03 FROM query_table WHERE CAST(column05 AS FLOAT) > CAST(-74.00404 AS FLOAT) AND CAST(column05 AS FLOAT) < CAST(-73.954056 AS FLOAT) AND CAST(column06 AS FLOAT) > CAST(40.738083 AS FLOAT) AND CAST(column06 AS FLOAT) < CAST(40.763107 AS FLOAT) AND column12 >= 0.0 AND column12 <= 400.0 AND column04 <= 1000.0;",0.05,"{null={12=Stats{sum=692575999.4254719, avg=11.308308452964857}, 17=Stats{sum=837855589.7206762, avg=13.680418402401994}, 4=Stats{sum=148772231.88122153, avg=2.4291374358113376}, 3=Stats{sum=103856562.24237427, avg=1.6957590815673271}}}","{12=692575999.4254719, 17=837855589.7206762, 4=148772231.88122153, 3=103856562.24237427}"
/data-nonraid/maroulis/data/taxi_data/yellow_tripdata_2014_cleaned.csv,87,0.936978816986084,"SELECT sum(CAST(column12 AS FLOAT)) as sum_column12, avg(CAST(column12 AS FLOAT)) as avg_column12, sum(CAST(column17 AS FLOAT)) as sum_column17, avg(CAST(column17 AS FLOAT)) as avg_column17, sum(CAST(column04 AS FLOAT)) as sum_column04, avg(CAST(column04 AS FLOAT)) as avg_column04, sum(CAST(column03 AS FLOAT)) as sum_column03, avg(CAST(column03 AS FLOAT)) as avg_column03 FROM query_table WHERE CAST(column05 AS FLOAT) > CAST(-74.01154 AS FLOAT) AND CAST(column05 AS FLOAT) < CAST(-73.961555 AS FLOAT) AND CAST(column06 AS FLOAT) > CAST(40.741837 AS FLOAT) AND CAST(column06 AS FLOAT) < CAST(40.76686 AS FLOAT) AND column12 >= 0.0 AND column12 <= 400.0 AND column04 <= 1000.0;",0.05,"{null={12=Stats{sum=730273259.6127483, avg=11.333953667842325}, 17=Stats{sum=880782180.1905667, avg=13.669875338218898}, 4=Stats{sum=156902909.3572754, avg=2.4351573628042225}, 3=Stats{sum=109958690.80779944, avg=1.7065758475848796}}}","{12=730273259.6127483, 17=880782180.1905667, 4=156902909.3572754, 3=109958690.80779944}"
/data-nonraid/maroulis/data/taxi_data/yellow_tripdata_2014_cleaned.csv,88,1.4372389316558838,"SELECT sum(CAST(column12 AS FLOAT)) as sum_column12, avg(CAST(column12 AS FLOAT)) as avg_column12, sum(CAST(column17 AS FLOAT)) as sum_column17, avg(CAST(column17 AS FLOAT)) as avg_column17, sum(CAST(column04 AS FLOAT)) as sum_column04, avg(CAST(column04 AS FLOAT)) as avg_column04, sum(CAST(column03 AS FLOAT)) as sum_column03, avg(CAST(column03 AS FLOAT)) as avg_column03 FROM query_table WHERE CAST(column05 AS FLOAT) > CAST(-74.01154 AS FLOAT) AND CAST(column05 AS FLOAT) < CAST(-73.961555 AS FLOAT) AND CAST(column06 AS FLOAT) > CAST(40.738583 AS FLOAT) AND CAST(column06 AS FLOAT) < CAST(40.763607 AS FLOAT) AND column12 >= 0.0 AND column12 <= 400.0 AND column04 <= 1000.0;",0.05,"{null={12=Stats{sum=726918471.6645603, avg=11.335553875528673}, 17=Stats{sum=879813494.5548326, avg=13.719796176187444}, 4=Stats{sum=155976773.27196708, avg=2.432299061966048}, 3=Stats{sum=108718943.32372719, avg=1.6953612920505743}}}","{12=726918471.6645603, 17=879813494.5548326, 4=155976773.27196708, 3=108718943.32372719}"
/data-nonraid/maroulis/data/taxi_data/yellow_tripdata_2014_cleaned.csv,89,0.9374597072601318,"SELECT sum(CAST(column12 AS FLOAT)) as sum_column12, avg(CAST(column12 AS FLOAT)) as avg_column12, sum(CAST(column17 AS FLOAT)) as sum_column17, avg(CAST(column17 AS FLOAT)) as avg_column17, sum(CAST(column04 AS FLOAT)) as sum_column04, avg(CAST(column04 AS FLOAT)) as avg_column04, sum(CAST(column03 AS FLOAT)) as sum_column03, avg(CAST(column03 AS FLOAT)) as avg_column03 FROM query_table WHERE CAST(column05 AS FLOAT) > CAST(-74.00455 AS FLOAT) AND CAST(column05 AS FLOAT) < CAST(-73.95456 AS FLOAT) AND CAST(column06 AS FLOAT) > CAST(40.738583 AS FLOAT) AND CAST(column06 AS FLOAT) < CAST(40.763607 AS FLOAT) AND column12 >= 0.0 AND column12 <= 400.0 AND column04 <= 1000.0;",0.05,"{null={12=Stats{sum=695759572.6412694, avg=11.306406513906305}, 17=Stats{sum=841195318.9121667, avg=13.669802913541497}, 4=Stats{sum=149557697.19267103, avg=2.4303799591642754}, 3=Stats{sum=104316428.57142858, avg=1.6951889616552323}}}","{12=695759572.6412694, 17=841195318.9121667, 4=149557697.19267103, 3=104316428.57142858}"
/data-nonraid/maroulis/data/taxi_data/yellow_tripdata_2014_cleaned.csv,90,1.2957441806793213,"SELECT sum(CAST(column12 AS FLOAT)) as sum_column12, avg(CAST(column12 AS FLOAT)) as avg_column12, sum(CAST(column17 AS FLOAT)) as sum_column17, avg(CAST(column17 AS FLOAT)) as avg_column17, sum(CAST(column04 AS FLOAT)) as sum_column04, avg(CAST(column04 AS FLOAT)) as avg_column04, sum(CAST(column03 AS FLOAT)) as sum_column03, avg(CAST(column03 AS FLOAT)) as avg_column03 FROM query_table WHERE CAST(column05 AS FLOAT) > CAST(-74.00455 AS FLOAT) AND CAST(column05 AS FLOAT) < CAST(-73.95456 AS FLOAT) AND CAST(column06 AS FLOAT) > CAST(40.741585 AS FLOAT) AND CAST(column06 AS FLOAT) < CAST(40.76661 AS FLOAT) AND column12 >= 0.0 AND column12 <= 400.0 AND column04 <= 1000.0;",0.05,"{null={12=Stats{sum=737631662.8467838, avg=11.338195528753971}, 17=Stats{sum=889858861.368396, avg=13.678092022583032}, 4=Stats{sum=158668351.93053174, avg=2.4389039801660415}, 3=Stats{sum=110612723.60457297, avg=1.700237057824309}}}","{12=737631662.8467838, 17=889858861.368396, 4=158668351.93053174, 3=110612723.60457297}"
/data-nonraid/maroulis/data/taxi_data/yellow_tripdata_2014_cleaned.csv,91,1.3708438873291016,"SELECT sum(CAST(column12 AS FLOAT)) as sum_column12, avg(CAST(column12 AS FLOAT)) as avg_column12, sum(CAST(column17 AS FLOAT)) as sum_column17, avg(CAST(column17 AS FLOAT)) as avg_column17, sum(CAST(column04 AS FLOAT)) as sum_column04, avg(CAST(column04 AS FLOAT)) as avg_column04, sum(CAST(column03 AS FLOAT)) as sum_column03, avg(CAST(column03 AS FLOAT)) as avg_column03 FROM query_table WHERE CAST(column05 AS FLOAT) > CAST(-73.99855 AS FLOAT) AND CAST(column05 AS FLOAT) < CAST(-73.94856 AS FLOAT) AND CAST(column06 AS FLOAT) > CAST(40.744587 AS FLOAT) AND CAST(column06 AS FLOAT) < CAST(40.76961 AS FLOAT) AND column12 >= 0.0 AND column12 <= 400.0 AND column04 <= 1000.0;",0.05,"{null={12=Stats{sum=708780133.3711637, avg=11.358802736562778}, 17=Stats{sum=854328136.9893335, avg=13.691332930285864}, 4=Stats{sum=152483011.93874085, avg=2.4436695834730777}, 3=Stats{sum=105980347.03683929, avg=1.6984249406346288}}}","{12=708780133.3711637, 17=854328136.9893335, 4=152483011.93874085, 3=105980347.03683929}"
/data-nonraid/maroulis/data/taxi_data/yellow_tripdata_2014_cleaned.csv,92,0.8765120506286621,"SELECT sum(CAST(column12 AS FLOAT)) as sum_column12, avg(CAST(column12 AS FLOAT)) as avg_column12, sum(CAST(column17 AS FLOAT)) as sum_column17, avg(CAST(column17 AS FLOAT)) as avg_column17, sum(CAST(column04 AS FLOAT)) as sum_column04, avg(CAST(column04 AS FLOAT)) as avg_column04, sum(CAST(column03 AS FLOAT)) as sum_column03, avg(CAST(column03 AS FLOAT)) as avg_column03 FROM query_table WHERE CAST(column05 AS FLOAT) > CAST(-73.99455 AS FLOAT) AND CAST(column05 AS FLOAT) < CAST(-73.944565 AS FLOAT) AND CAST(column06 AS FLOAT) > CAST(40.744587 AS FLOAT) AND CAST(column06 AS FLOAT) < CAST(40.76961 AS FLOAT) AND column12 >= 0.0 AND column12 <= 400.0 AND column04 <= 1000.0;",0.05,"{null={12=Stats{sum=673917121.855178, avg=11.372628660603727}, 17=Stats{sum=811617664.2842548, avg=13.696381959968821}, 4=Stats{sum=144643540.05897218, avg=2.4409192405106293}, 3=Stats{sum=100684561.93353474, avg=1.6990934012383119}}}","{12=673917121.855178, 17=811617664.2842548, 4=144643540.05897218, 3=100684561.93353474}"
/data-nonraid/maroulis/data/taxi_data/yellow_tripdata_2014_cleaned.csv,93,0.935870885848999,"SELECT sum(CAST(column12 AS FLOAT)) as sum_column12, avg(CAST(column12 AS FLOAT)) as avg_column12, sum(CAST(column17 AS FLOAT)) as sum_column17, avg(CAST(column17 AS FLOAT)) as avg_column17, sum(CAST(column04 AS FLOAT)) as sum_column04, avg(CAST(column04 AS FLOAT)) as avg_column04, sum(CAST(column03 AS FLOAT)) as sum_column03, avg(CAST(column03 AS FLOAT)) as avg_column03 FROM query_table WHERE CAST(column05 AS FLOAT) > CAST(-73.99455 AS FLOAT) AND CAST(column05 AS FLOAT) < CAST(-73.944565 AS FLOAT) AND CAST(column06 AS FLOAT) > CAST(40.746838 AS FLOAT) AND CAST(column06 AS FLOAT) < CAST(40.771862 AS FLOAT) AND column12 >= 0.0 AND column12 <= 400.0 AND column04 <= 1000.0;",0.05,"{null={12=Stats{sum=666501531.8246384, avg=11.351356171018747}, 17=Stats{sum=801387646.2136936, avg=13.648635702790024}, 4=Stats{sum=143146285.10281873, avg=2.4379605884954145}, 3=Stats{sum=99291714.28571428, avg=1.691062300491037}}}","{12=666501531.8246384, 17=801387646.2136936, 4=143146285.10281873, 3=99291714.28571428}"
/data-nonraid/maroulis/data/taxi_data/yellow_tripdata_2014_cleaned.csv,94,0.9534564018249512,"SELECT sum(CAST(column12 AS FLOAT)) as sum_column12, avg(CAST(column12 AS FLOAT)) as avg_column12, sum(CAST(column17 AS FLOAT)) as sum_column17, avg(CAST(column17 AS FLOAT)) as avg_column17, sum(CAST(column04 AS FLOAT)) as sum_column04, avg(CAST(column04 AS FLOAT)) as avg_column04, sum(CAST(column03 AS FLOAT)) as sum_column03, avg(CAST(column03 AS FLOAT)) as avg_column03 FROM query_table WHERE CAST(column05 AS FLOAT) > CAST(-73.99955 AS FLOAT) AND CAST(column05 AS FLOAT) < CAST(-73.94956 AS FLOAT) AND CAST(column06 AS FLOAT) > CAST(40.74934 AS FLOAT) AND CAST(column06 AS FLOAT) < CAST(40.774364 AS FLOAT) AND column12 >= 0.0 AND column12 <= 400.0 AND column04 <= 1000.0;",0.05,"{null={12=Stats{sum=693499378.4906788, avg=11.315923447376866}, 17=Stats{sum=833462021.0794228, avg=13.59971287552858}, 4=Stats{sum=148834561.0427282, avg=2.428553725237532}, 3=Stats{sum=104355612.95296837, avg=1.702784694702869}}}","{12=693499378.4906788, 17=833462021.0794228, 4=148834561.0427282, 3=104355612.95296837}"
/data-nonraid/maroulis/data/taxi_data/yellow_tripdata_2014_cleaned.csv,95,0.9435601234436035,"SELECT sum(CAST(column12 AS FLOAT)) as sum_column12, avg(CAST(column12 AS FLOAT)) as avg_column12, sum(CAST(column17 AS FLOAT)) as sum_column17, avg(CAST(column17 AS FLOAT)) as avg_column17, sum(CAST(column04 AS FLOAT)) as sum_column04, avg(CAST(column04 AS FLOAT)) as avg_column04, sum(CAST(column03 AS FLOAT)) as sum_column03, avg(CAST(column03 AS FLOAT)) as avg_column03 FROM query_table WHERE CAST(column05 AS FLOAT) > CAST(-73.99955 AS FLOAT) AND CAST(column05 AS FLOAT) < CAST(-73.94956 AS FLOAT) AND CAST(column06 AS FLOAT) > CAST(40.75159 AS FLOAT) AND CAST(column06 AS FLOAT) < CAST(40.776615 AS FLOAT) AND column12 >= 0.0 AND column12 <= 400.0 AND column04 <= 1000.0;",0.05,"{null={12=Stats{sum=639252396.5443985, avg=11.258293008962294}, 17=Stats{sum=768414043.8760161, avg=13.533043450321975}, 4=Stats{sum=137516372.06455156, avg=2.4218909754602227}, 3=Stats{sum=96323915.29818496, avg=1.6964236161797686}}}","{12=639252396.5443985, 17=768414043.8760161, 4=137516372.06455156, 3=96323915.29818496}"
/data-nonraid/maroulis/data/taxi_data/yellow_tripdata_2014_cleaned.csv,96,1.086977243423462,"SELECT sum(CAST(column12 AS FLOAT)) as sum_column12, avg(CAST(column12 AS FLOAT)) as avg_column12, sum(CAST(column17 AS FLOAT)) as sum_column17, avg(CAST(column17 AS FLOAT)) as avg_column17, sum(CAST(column04 AS FLOAT)) as sum_column04, avg(CAST(column04 AS FLOAT)) as avg_column04, sum(CAST(column03 AS FLOAT)) as sum_column03, avg(CAST(column03 AS FLOAT)) as avg_column03 FROM query_table WHERE CAST(column05 AS FLOAT) > CAST(-73.99505 AS FLOAT) AND CAST(column05 AS FLOAT) < CAST(-73.94506 AS FLOAT) AND CAST(column06 AS FLOAT) > CAST(40.75384 AS FLOAT) AND CAST(column06 AS FLOAT) < CAST(40.778866 AS FLOAT) AND column12 >= 0.0 AND column12 <= 400.0 AND column04 <= 1000.0;",0.05,"{null={12=Stats{sum=613310944.6531892, avg=11.2154926469299}, 17=Stats{sum=737125481.6016849, avg=13.479663930411762}, 4=Stats{sum=131921050.0629144, avg=2.4124134419165446}, 3=Stats{sum=92296620.74554296, avg=1.6878095529396842}}}","{12=613310944.6531892, 17=737125481.6016849, 4=131921050.0629144, 3=92296620.74554296}"
/data-nonraid/maroulis/data/taxi_data/yellow_tripdata_2014_cleaned.csv,97,1.1276822090148926,"SELECT sum(CAST(column12 AS FLOAT)) as sum_column12, avg(CAST(column12 AS FLOAT)) as avg_column12, sum(CAST(column17 AS FLOAT)) as sum_column17, avg(CAST(column17 AS FLOAT)) as avg_column17, sum(CAST(column04 AS FLOAT)) as sum_column04, avg(CAST(column04 AS FLOAT)) as avg_column04, sum(CAST(column03 AS FLOAT)) as sum_column03, avg(CAST(column03 AS FLOAT)) as avg_column03 FROM query_table WHERE CAST(column05 AS FLOAT) > CAST(-73.98805 AS FLOAT) AND CAST(column05 AS FLOAT) < CAST(-73.938065 AS FLOAT) AND CAST(column06 AS FLOAT) > CAST(40.75384 AS FLOAT) AND CAST(column06 AS FLOAT) < CAST(40.778866 AS FLOAT) AND column12 >= 0.0 AND column12 <= 400.0 AND column04 <= 1000.0;",0.05,"{null={12=Stats{sum=544664953.1980284, avg=11.160143445862566}, 17=Stats{sum=654821687.6050253, avg=13.417246551710644}, 4=Stats{sum=116862461.79474443, avg=2.3945029497644246}, 3=Stats{sum=82621474.24511544, avg=1.6929077203704055}}}","{12=544664953.1980284, 17=654821687.6050253, 4=116862461.79474443, 3=82621474.24511544}"
/data-nonraid/maroulis/data/taxi_data/yellow_tripdata_2014_cleaned.csv,98,1.0623369216918945,"SELECT sum(CAST(column12 AS FLOAT)) as sum_column12, avg(CAST(column12 AS FLOAT)) as avg_column12, sum(CAST(column17 AS FLOAT)) as sum_column17, avg(CAST(column17 AS FLOAT)) as avg_column17, sum(CAST(column04 AS FLOAT)) as sum_column04, avg(CAST(column04 AS FLOAT)) as avg_column04, sum(CAST(column03 AS FLOAT)) as sum_column03, avg(CAST(column03 AS FLOAT)) as avg_column03 FROM query_table WHERE CAST(column05 AS FLOAT) > CAST(-73.98805 AS FLOAT) AND CAST(column05 AS FLOAT) < CAST(-73.938065 AS FLOAT) AND CAST(column06 AS FLOAT) > CAST(40.75184 AS FLOAT) AND CAST(column06 AS FLOAT) < CAST(40.776863 AS FLOAT) AND column12 >= 0.0 AND column12 <= 400.0 AND column04 <= 1000.0;",0.05,"{null={12=Stats{sum=554337216.5664732, avg=11.197812116917003}, 17=Stats{sum=667076717.0834075, avg=13.47519077239162}, 4=Stats{sum=118847893.198436, avg=2.400770395267007}, 3=Stats{sum=83453135.69682151, avg=1.685783501762284}}}","{12=554337216.5664732, 17=667076717.0834075, 4=118847893.198436, 3=83453135.69682151}"
/data-nonraid/maroulis/data/taxi_data/yellow_tripdata_2014_cleaned.csv,99,0.8210453987121582,"SELECT sum(CAST(column12 AS FLOAT)) as sum_column12, avg(CAST(column12 AS FLOAT)) as avg_column12, sum(CAST(column17 AS FLOAT)) as sum_column17, avg(CAST(column17 AS FLOAT)) as avg_column17, sum(CAST(column04 AS FLOAT)) as sum_column04, avg(CAST(column04 AS FLOAT)) as avg_column04, sum(CAST(column03 AS FLOAT)) as sum_column03, avg(CAST(column03 AS FLOAT)) as avg_column03 FROM query_table WHERE CAST(column05 AS FLOAT) > CAST(-73.99205 AS FLOAT) AND CAST(column05 AS FLOAT) < CAST(-73.94206 AS FLOAT) AND CAST(column06 AS FLOAT) > CAST(40.75384 AS FLOAT) AND CAST(column06 AS FLOAT) < CAST(40.778866 AS FLOAT) AND column12 >= 0.0 AND column12 <= 400.0 AND column04 <= 1000.0;",0.05,"{null={12=Stats{sum=605148299.4716495, avg=11.195560470752309}, 17=Stats{sum=727205895.9040713, avg=13.453689929212233}, 4=Stats{sum=130120255.86906375, avg=2.4072928806439027}, 3=Stats{sum=91817136.79745494, avg=1.6986651175666103}}}","{12=605148299.4716495, 17=727205895.9040713, 4=130120255.86906375, 3=91817136.79745494}"
